solid OpenSCAD_Model
  facet normal 0.923737 0.383028 0
    outer loop
      vertex 249.898 53.2765 4
      vertex 249.598 54 2
      vertex 249.598 54 4
    endloop
  endfacet
  facet normal 0.923737 0.383028 0
    outer loop
      vertex 249.598 54 2
      vertex 249.898 53.2765 4
      vertex 249.898 53.2765 2
    endloop
  endfacet
  facet normal 0.991483 0.13024 0
    outer loop
      vertex 250 52.5 4
      vertex 249.898 53.2765 2
      vertex 249.898 53.2765 4
    endloop
  endfacet
  facet normal 0.991483 0.13024 0
    outer loop
      vertex 249.898 53.2765 2
      vertex 250 52.5 4
      vertex 250 52.5 2
    endloop
  endfacet
  facet normal -0.608994 0.793174 0
    outer loop
      vertex 245.5 55.0981 2
      vertex 244.879 54.6213 4
      vertex 245.5 55.0981 4
    endloop
  endfacet
  facet normal -0.608994 0.793174 0
    outer loop
      vertex 244.879 54.6213 4
      vertex 245.5 55.0981 2
      vertex 244.879 54.6213 2
    endloop
  endfacet
  facet normal -0.382476 0.923966 0
    outer loop
      vertex 246.224 55.3978 2
      vertex 245.5 55.0981 4
      vertex 246.224 55.3978 4
    endloop
  endfacet
  facet normal -0.382476 0.923966 0
    outer loop
      vertex 245.5 55.0981 4
      vertex 246.224 55.3978 2
      vertex 245.5 55.0981 2
    endloop
  endfacet
  facet normal 0.608994 -0.793174 0
    outer loop
      vertex 248.5 49.9019 2
      vertex 249.121 50.3787 4
      vertex 248.5 49.9019 4
    endloop
  endfacet
  facet normal 0.608994 -0.793174 0
    outer loop
      vertex 249.121 50.3787 4
      vertex 248.5 49.9019 2
      vertex 249.121 50.3787 2
    endloop
  endfacet
  facet normal 0.608994 0.793174 -0
    outer loop
      vertex 249.121 54.6213 2
      vertex 248.5 55.0981 4
      vertex 249.121 54.6213 4
    endloop
  endfacet
  facet normal 0.608994 0.793174 0
    outer loop
      vertex 248.5 55.0981 4
      vertex 249.121 54.6213 2
      vertex 248.5 55.0981 2
    endloop
  endfacet
  facet normal -0.130573 -0.991439 0
    outer loop
      vertex 246.224 49.6022 2
      vertex 247 49.5 4
      vertex 246.224 49.6022 4
    endloop
  endfacet
  facet normal -0.130573 -0.991439 -0
    outer loop
      vertex 247 49.5 4
      vertex 246.224 49.6022 2
      vertex 247 49.5 2
    endloop
  endfacet
  facet normal 0.130573 0.991439 -0
    outer loop
      vertex 247.776 55.3978 2
      vertex 247 55.5 4
      vertex 247.776 55.3978 4
    endloop
  endfacet
  facet normal 0.130573 0.991439 0
    outer loop
      vertex 247 55.5 4
      vertex 247.776 55.3978 2
      vertex 247 55.5 2
    endloop
  endfacet
  facet normal 0.382476 0.923966 -0
    outer loop
      vertex 248.5 55.0981 2
      vertex 247.776 55.3978 4
      vertex 248.5 55.0981 4
    endloop
  endfacet
  facet normal 0.382476 0.923966 0
    outer loop
      vertex 247.776 55.3978 4
      vertex 248.5 55.0981 2
      vertex 247.776 55.3978 2
    endloop
  endfacet
  facet normal -0.608994 -0.793174 0
    outer loop
      vertex 244.879 50.3787 2
      vertex 245.5 49.9019 4
      vertex 244.879 50.3787 4
    endloop
  endfacet
  facet normal -0.608994 -0.793174 -0
    outer loop
      vertex 245.5 49.9019 4
      vertex 244.879 50.3787 2
      vertex 245.5 49.9019 2
    endloop
  endfacet
  facet normal 0.793193 0.60897 0
    outer loop
      vertex 249.598 54 4
      vertex 249.121 54.6213 2
      vertex 249.121 54.6213 4
    endloop
  endfacet
  facet normal 0.793193 0.60897 0
    outer loop
      vertex 249.121 54.6213 2
      vertex 249.598 54 4
      vertex 249.598 54 2
    endloop
  endfacet
  facet normal 0.793193 -0.60897 0
    outer loop
      vertex 249.121 50.3787 4
      vertex 249.598 51 2
      vertex 249.598 51 4
    endloop
  endfacet
  facet normal 0.793193 -0.60897 0
    outer loop
      vertex 249.598 51 2
      vertex 249.121 50.3787 4
      vertex 249.121 50.3787 2
    endloop
  endfacet
  facet normal 0.382476 -0.923966 0
    outer loop
      vertex 247.776 49.6022 2
      vertex 248.5 49.9019 4
      vertex 247.776 49.6022 4
    endloop
  endfacet
  facet normal 0.382476 -0.923966 0
    outer loop
      vertex 248.5 49.9019 4
      vertex 247.776 49.6022 2
      vertex 248.5 49.9019 2
    endloop
  endfacet
  facet normal -0.793193 0.60897 0
    outer loop
      vertex 244.402 54 2
      vertex 244.879 54.6213 4
      vertex 244.879 54.6213 2
    endloop
  endfacet
  facet normal -0.793193 0.60897 0
    outer loop
      vertex 244.879 54.6213 4
      vertex 244.402 54 2
      vertex 244.402 54 4
    endloop
  endfacet
  facet normal -0.793193 -0.60897 0
    outer loop
      vertex 244.879 50.3787 2
      vertex 244.402 51 4
      vertex 244.402 51 2
    endloop
  endfacet
  facet normal -0.793193 -0.60897 0
    outer loop
      vertex 244.402 51 4
      vertex 244.879 50.3787 2
      vertex 244.879 50.3787 4
    endloop
  endfacet
  facet normal 0.991483 -0.13024 0
    outer loop
      vertex 249.898 51.7235 4
      vertex 250 52.5 2
      vertex 250 52.5 4
    endloop
  endfacet
  facet normal 0.991483 -0.13024 0
    outer loop
      vertex 250 52.5 2
      vertex 249.898 51.7235 4
      vertex 249.898 51.7235 2
    endloop
  endfacet
  facet normal -0.130573 0.991439 0
    outer loop
      vertex 247 55.5 2
      vertex 246.224 55.3978 4
      vertex 247 55.5 4
    endloop
  endfacet
  facet normal -0.130573 0.991439 0
    outer loop
      vertex 246.224 55.3978 4
      vertex 247 55.5 2
      vertex 246.224 55.3978 2
    endloop
  endfacet
  facet normal -0.923737 -0.383028 0
    outer loop
      vertex 244.402 51 2
      vertex 244.102 51.7235 4
      vertex 244.102 51.7235 2
    endloop
  endfacet
  facet normal -0.923737 -0.383028 0
    outer loop
      vertex 244.102 51.7235 4
      vertex 244.402 51 2
      vertex 244.402 51 4
    endloop
  endfacet
  facet normal -0.991483 -0.13024 0
    outer loop
      vertex 244.102 51.7235 2
      vertex 244 52.5 4
      vertex 244 52.5 2
    endloop
  endfacet
  facet normal -0.991483 -0.13024 0
    outer loop
      vertex 244 52.5 4
      vertex 244.102 51.7235 2
      vertex 244.102 51.7235 4
    endloop
  endfacet
  facet normal 0.923737 -0.383028 0
    outer loop
      vertex 249.598 51 4
      vertex 249.898 51.7235 2
      vertex 249.898 51.7235 4
    endloop
  endfacet
  facet normal 0.923737 -0.383028 0
    outer loop
      vertex 249.898 51.7235 2
      vertex 249.598 51 4
      vertex 249.598 51 2
    endloop
  endfacet
  facet normal -0.382476 -0.923966 0
    outer loop
      vertex 245.5 49.9019 2
      vertex 246.224 49.6022 4
      vertex 245.5 49.9019 4
    endloop
  endfacet
  facet normal -0.382476 -0.923966 -0
    outer loop
      vertex 246.224 49.6022 4
      vertex 245.5 49.9019 2
      vertex 246.224 49.6022 2
    endloop
  endfacet
  facet normal 0 0 1
    outer loop
      vertex 249.898 53.2765 4
      vertex 248.449 52.8882 4
      vertex 248.5 52.5 4
    endloop
  endfacet
  facet normal 0 0 1
    outer loop
      vertex 249.121 54.6213 4
      vertex 248.299 53.25 4
      vertex 248.449 52.8882 4
    endloop
  endfacet
  facet normal 0 0 1
    outer loop
      vertex 249.121 54.6213 4
      vertex 248.061 53.5607 4
      vertex 248.299 53.25 4
    endloop
  endfacet
  facet normal 0 0 1
    outer loop
      vertex 247.75 53.799 4
      vertex 248.5 55.0981 4
      vertex 247.776 55.3978 4
    endloop
  endfacet
  facet normal 0 0 1
    outer loop
      vertex 248.5 55.0981 4
      vertex 247.75 53.799 4
      vertex 248.061 53.5607 4
    endloop
  endfacet
  facet normal 0 0 1
    outer loop
      vertex 247.776 55.3978 4
      vertex 247.388 53.9489 4
      vertex 247.75 53.799 4
    endloop
  endfacet
  facet normal 0 0 1
    outer loop
      vertex 247 55.5 4
      vertex 247.388 53.9489 4
      vertex 247.776 55.3978 4
    endloop
  endfacet
  facet normal 0 0 1
    outer loop
      vertex 247 55.5 4
      vertex 247 54 4
      vertex 247.388 53.9489 4
    endloop
  endfacet
  facet normal 0 0 1
    outer loop
      vertex 247 55.5 4
      vertex 246.612 53.9489 4
      vertex 247 54 4
    endloop
  endfacet
  facet normal -0 0 1
    outer loop
      vertex 246.224 55.3978 4
      vertex 246.612 53.9489 4
      vertex 247 55.5 4
    endloop
  endfacet
  facet normal 0 0 1
    outer loop
      vertex 246.612 53.9489 4
      vertex 246.224 55.3978 4
      vertex 246.25 53.799 4
    endloop
  endfacet
  facet normal -0 0 1
    outer loop
      vertex 245.5 55.0981 4
      vertex 246.25 53.799 4
      vertex 246.224 55.3978 4
    endloop
  endfacet
  facet normal 0 0 1
    outer loop
      vertex 246.25 53.799 4
      vertex 245.5 55.0981 4
      vertex 245.939 53.5607 4
    endloop
  endfacet
  facet normal -0 0 1
    outer loop
      vertex 244.879 54.6213 4
      vertex 245.939 53.5607 4
      vertex 245.5 55.0981 4
    endloop
  endfacet
  facet normal 0 0 1
    outer loop
      vertex 245.939 53.5607 4
      vertex 244.879 54.6213 4
      vertex 245.701 53.25 4
    endloop
  endfacet
  facet normal -0 0 1
    outer loop
      vertex 244.402 54 4
      vertex 245.701 53.25 4
      vertex 244.879 54.6213 4
    endloop
  endfacet
  facet normal 0 0 1
    outer loop
      vertex 245.701 53.25 4
      vertex 244.402 54 4
      vertex 245.551 52.8882 4
    endloop
  endfacet
  facet normal -0 0 1
    outer loop
      vertex 244.102 53.2765 4
      vertex 245.551 52.8882 4
      vertex 244.402 54 4
    endloop
  endfacet
  facet normal 0 0 1
    outer loop
      vertex 245.5 52.5 4
      vertex 244.879 50.3787 4
      vertex 245.5 49.9019 4
    endloop
  endfacet
  facet normal 0 0 1
    outer loop
      vertex 245.551 52.8882 4
      vertex 244.102 53.2765 4
      vertex 245.5 52.5 4
    endloop
  endfacet
  facet normal 0 0 1
    outer loop
      vertex 245.5 52.5 4
      vertex 244.402 51 4
      vertex 244.879 50.3787 4
    endloop
  endfacet
  facet normal 0 0 1
    outer loop
      vertex 244 52.5 4
      vertex 245.5 52.5 4
      vertex 244.102 53.2765 4
    endloop
  endfacet
  facet normal 0 0 1
    outer loop
      vertex 245.5 52.5 4
      vertex 244.102 51.7235 4
      vertex 244.402 51 4
    endloop
  endfacet
  facet normal 0 0 1
    outer loop
      vertex 245.5 52.5 4
      vertex 244 52.5 4
      vertex 244.102 51.7235 4
    endloop
  endfacet
  facet normal 0 0 1
    outer loop
      vertex 248.5 52.5 4
      vertex 250 52.5 4
      vertex 249.898 53.2765 4
    endloop
  endfacet
  facet normal 0 0 1
    outer loop
      vertex 248.449 52.8882 4
      vertex 249.898 53.2765 4
      vertex 249.598 54 4
    endloop
  endfacet
  facet normal 0 0 1
    outer loop
      vertex 250 52.5 4
      vertex 248.5 52.5 4
      vertex 249.898 51.7235 4
    endloop
  endfacet
  facet normal 0 0 1
    outer loop
      vertex 248.449 52.8882 4
      vertex 249.598 54 4
      vertex 249.121 54.6213 4
    endloop
  endfacet
  facet normal -0 0 1
    outer loop
      vertex 248.449 52.1118 4
      vertex 249.898 51.7235 4
      vertex 248.5 52.5 4
    endloop
  endfacet
  facet normal 0 0 1
    outer loop
      vertex 248.061 53.5607 4
      vertex 249.121 54.6213 4
      vertex 248.5 55.0981 4
    endloop
  endfacet
  facet normal 0 0 1
    outer loop
      vertex 249.898 51.7235 4
      vertex 248.449 52.1118 4
      vertex 249.598 51 4
    endloop
  endfacet
  facet normal -0 0 1
    outer loop
      vertex 248.299 51.75 4
      vertex 249.598 51 4
      vertex 248.449 52.1118 4
    endloop
  endfacet
  facet normal 0 0 1
    outer loop
      vertex 249.598 51 4
      vertex 248.299 51.75 4
      vertex 249.121 50.3787 4
    endloop
  endfacet
  facet normal -0 0 1
    outer loop
      vertex 248.061 51.4393 4
      vertex 249.121 50.3787 4
      vertex 248.299 51.75 4
    endloop
  endfacet
  facet normal 0 0 1
    outer loop
      vertex 249.121 50.3787 4
      vertex 248.061 51.4393 4
      vertex 248.5 49.9019 4
    endloop
  endfacet
  facet normal -0 0 1
    outer loop
      vertex 247.75 51.201 4
      vertex 248.5 49.9019 4
      vertex 248.061 51.4393 4
    endloop
  endfacet
  facet normal 0 0 1
    outer loop
      vertex 248.5 49.9019 4
      vertex 247.75 51.201 4
      vertex 247.776 49.6022 4
    endloop
  endfacet
  facet normal -0 0 1
    outer loop
      vertex 247.388 51.0511 4
      vertex 247.776 49.6022 4
      vertex 247.75 51.201 4
    endloop
  endfacet
  facet normal -0 0 1
    outer loop
      vertex 247 51 4
      vertex 247.776 49.6022 4
      vertex 247.388 51.0511 4
    endloop
  endfacet
  facet normal 0 0 1
    outer loop
      vertex 247 51 4
      vertex 247 49.5 4
      vertex 247.776 49.6022 4
    endloop
  endfacet
  facet normal 0 0 1
    outer loop
      vertex 246.612 51.0511 4
      vertex 247 49.5 4
      vertex 247 51 4
    endloop
  endfacet
  facet normal 0 0 1
    outer loop
      vertex 246.224 49.6022 4
      vertex 246.612 51.0511 4
      vertex 246.25 51.201 4
    endloop
  endfacet
  facet normal 0 0 1
    outer loop
      vertex 246.612 51.0511 4
      vertex 246.224 49.6022 4
      vertex 247 49.5 4
    endloop
  endfacet
  facet normal 0 0 1
    outer loop
      vertex 245.5 49.9019 4
      vertex 246.25 51.201 4
      vertex 245.939 51.4393 4
    endloop
  endfacet
  facet normal 0 0 1
    outer loop
      vertex 245.5 49.9019 4
      vertex 245.939 51.4393 4
      vertex 245.701 51.75 4
    endloop
  endfacet
  facet normal 0 0 1
    outer loop
      vertex 245.5 49.9019 4
      vertex 245.701 51.75 4
      vertex 245.551 52.1118 4
    endloop
  endfacet
  facet normal 0 0 1
    outer loop
      vertex 246.25 51.201 4
      vertex 245.5 49.9019 4
      vertex 246.224 49.6022 4
    endloop
  endfacet
  facet normal 0 0 1
    outer loop
      vertex 245.5 49.9019 4
      vertex 245.551 52.1118 4
      vertex 245.5 52.5 4
    endloop
  endfacet
  facet normal 0.130573 -0.991439 0
    outer loop
      vertex 247 49.5 2
      vertex 247.776 49.6022 4
      vertex 247 49.5 4
    endloop
  endfacet
  facet normal 0.130573 -0.991439 0
    outer loop
      vertex 247.776 49.6022 4
      vertex 247 49.5 2
      vertex 247.776 49.6022 2
    endloop
  endfacet
  facet normal 0 0 1
    outer loop
      vertex 15.7839 5.91717 2
      vertex 15.7839 5.08283 2
      vertex 15.85 5.5 2
    endloop
  endfacet
  facet normal 0 0 1
    outer loop
      vertex 15.5922 6.29351 2
      vertex 15.7839 5.08283 2
      vertex 15.7839 5.91717 2
    endloop
  endfacet
  facet normal 0 0 1
    outer loop
      vertex 15.5922 6.29351 2
      vertex 15.5922 4.70649 2
      vertex 15.7839 5.08283 2
    endloop
  endfacet
  facet normal 0 0 1
    outer loop
      vertex 15.2935 6.59217 2
      vertex 15.5922 4.70649 2
      vertex 15.5922 6.29351 2
    endloop
  endfacet
  facet normal 0 0 1
    outer loop
      vertex 15.2935 6.59217 2
      vertex 15.2935 4.40783 2
      vertex 15.5922 4.70649 2
    endloop
  endfacet
  facet normal 0 0 1
    outer loop
      vertex 14.9172 6.78393 2
      vertex 15.2935 4.40783 2
      vertex 15.2935 6.59217 2
    endloop
  endfacet
  facet normal 0 0 1
    outer loop
      vertex 14.9172 6.78393 2
      vertex 14.9172 4.21607 2
      vertex 15.2935 4.40783 2
    endloop
  endfacet
  facet normal 0 0 1
    outer loop
      vertex 14.5 6.85 2
      vertex 14.9172 4.21607 2
      vertex 14.9172 6.78393 2
    endloop
  endfacet
  facet normal 0 0 1
    outer loop
      vertex 14.5 6.85 2
      vertex 14.5 4.15 2
      vertex 14.9172 4.21607 2
    endloop
  endfacet
  facet normal -0 0 1
    outer loop
      vertex 14.0828 6.78393 2
      vertex 14.5 4.15 2
      vertex 14.5 6.85 2
    endloop
  endfacet
  facet normal 0 0 1
    outer loop
      vertex 14.0828 6.78393 2
      vertex 14.0828 4.21607 2
      vertex 14.5 4.15 2
    endloop
  endfacet
  facet normal -0 0 1
    outer loop
      vertex 13.7065 6.59217 2
      vertex 14.0828 4.21607 2
      vertex 14.0828 6.78393 2
    endloop
  endfacet
  facet normal 0 0 1
    outer loop
      vertex 13.7065 6.59217 2
      vertex 13.7065 4.40783 2
      vertex 14.0828 4.21607 2
    endloop
  endfacet
  facet normal -0 0 1
    outer loop
      vertex 13.4078 6.29351 2
      vertex 13.7065 4.40783 2
      vertex 13.7065 6.59217 2
    endloop
  endfacet
  facet normal 0 0 1
    outer loop
      vertex 13.4078 6.29351 2
      vertex 13.4078 4.70649 2
      vertex 13.7065 4.40783 2
    endloop
  endfacet
  facet normal -0 0 1
    outer loop
      vertex 13.2161 5.91717 2
      vertex 13.4078 4.70649 2
      vertex 13.4078 6.29351 2
    endloop
  endfacet
  facet normal 0 0 1
    outer loop
      vertex 13.2161 5.91717 2
      vertex 13.2161 5.08283 2
      vertex 13.4078 4.70649 2
    endloop
  endfacet
  facet normal 0 -0 1
    outer loop
      vertex 13.2161 5.08283 2
      vertex 13.2161 5.91717 2
      vertex 13.15 5.5 2
    endloop
  endfacet
  facet normal 0 0 1
    outer loop
      vertex 15.7839 65.9172 2
      vertex 15.7839 65.0828 2
      vertex 15.85 65.5 2
    endloop
  endfacet
  facet normal 0 0 1
    outer loop
      vertex 15.5922 66.2935 2
      vertex 15.7839 65.0828 2
      vertex 15.7839 65.9172 2
    endloop
  endfacet
  facet normal 0 0 1
    outer loop
      vertex 15.5922 66.2935 2
      vertex 15.5922 64.7065 2
      vertex 15.7839 65.0828 2
    endloop
  endfacet
  facet normal 0 0 1
    outer loop
      vertex 15.2935 66.5922 2
      vertex 15.5922 64.7065 2
      vertex 15.5922 66.2935 2
    endloop
  endfacet
  facet normal 0 0 1
    outer loop
      vertex 15.2935 66.5922 2
      vertex 15.2935 64.4078 2
      vertex 15.5922 64.7065 2
    endloop
  endfacet
  facet normal 0 0 1
    outer loop
      vertex 14.9172 66.7839 2
      vertex 15.2935 64.4078 2
      vertex 15.2935 66.5922 2
    endloop
  endfacet
  facet normal 0 0 1
    outer loop
      vertex 14.9172 66.7839 2
      vertex 14.9172 64.2161 2
      vertex 15.2935 64.4078 2
    endloop
  endfacet
  facet normal 0 0 1
    outer loop
      vertex 14.5 66.85 2
      vertex 14.9172 64.2161 2
      vertex 14.9172 66.7839 2
    endloop
  endfacet
  facet normal 0 0 1
    outer loop
      vertex 14.5 66.85 2
      vertex 14.5 64.15 2
      vertex 14.9172 64.2161 2
    endloop
  endfacet
  facet normal -0 0 1
    outer loop
      vertex 14.0828 66.7839 2
      vertex 14.5 64.15 2
      vertex 14.5 66.85 2
    endloop
  endfacet
  facet normal 0 0 1
    outer loop
      vertex 14.0828 66.7839 2
      vertex 14.0828 64.2161 2
      vertex 14.5 64.15 2
    endloop
  endfacet
  facet normal -0 0 1
    outer loop
      vertex 13.7065 66.5922 2
      vertex 14.0828 64.2161 2
      vertex 14.0828 66.7839 2
    endloop
  endfacet
  facet normal 0 0 1
    outer loop
      vertex 13.7065 66.5922 2
      vertex 13.7065 64.4078 2
      vertex 14.0828 64.2161 2
    endloop
  endfacet
  facet normal -0 0 1
    outer loop
      vertex 13.4078 66.2935 2
      vertex 13.7065 64.4078 2
      vertex 13.7065 66.5922 2
    endloop
  endfacet
  facet normal 0 0 1
    outer loop
      vertex 13.4078 66.2935 2
      vertex 13.4078 64.7065 2
      vertex 13.7065 64.4078 2
    endloop
  endfacet
  facet normal -0 0 1
    outer loop
      vertex 13.2161 65.9172 2
      vertex 13.4078 64.7065 2
      vertex 13.4078 66.2935 2
    endloop
  endfacet
  facet normal 0 0 1
    outer loop
      vertex 13.2161 65.9172 2
      vertex 13.2161 65.0828 2
      vertex 13.4078 64.7065 2
    endloop
  endfacet
  facet normal 0 -0 1
    outer loop
      vertex 13.2161 65.0828 2
      vertex 13.2161 65.9172 2
      vertex 13.15 65.5 2
    endloop
  endfacet
  facet normal 0 0 1
    outer loop
      vertex 40.7839 5.91717 2
      vertex 40.7839 5.08283 2
      vertex 40.85 5.5 2
    endloop
  endfacet
  facet normal 0 0 1
    outer loop
      vertex 40.5922 6.29351 2
      vertex 40.7839 5.08283 2
      vertex 40.7839 5.91717 2
    endloop
  endfacet
  facet normal 0 0 1
    outer loop
      vertex 40.5922 6.29351 2
      vertex 40.5922 4.70649 2
      vertex 40.7839 5.08283 2
    endloop
  endfacet
  facet normal 0 0 1
    outer loop
      vertex 40.2935 6.59217 2
      vertex 40.5922 4.70649 2
      vertex 40.5922 6.29351 2
    endloop
  endfacet
  facet normal 0 0 1
    outer loop
      vertex 40.2935 6.59217 2
      vertex 40.2935 4.40783 2
      vertex 40.5922 4.70649 2
    endloop
  endfacet
  facet normal 0 0 1
    outer loop
      vertex 39.9172 6.78393 2
      vertex 40.2935 4.40783 2
      vertex 40.2935 6.59217 2
    endloop
  endfacet
  facet normal 0 0 1
    outer loop
      vertex 39.9172 6.78393 2
      vertex 39.9172 4.21607 2
      vertex 40.2935 4.40783 2
    endloop
  endfacet
  facet normal 0 0 1
    outer loop
      vertex 39.5 6.85 2
      vertex 39.9172 4.21607 2
      vertex 39.9172 6.78393 2
    endloop
  endfacet
  facet normal 0 0 1
    outer loop
      vertex 39.5 6.85 2
      vertex 39.5 4.15 2
      vertex 39.9172 4.21607 2
    endloop
  endfacet
  facet normal -0 0 1
    outer loop
      vertex 39.0828 6.78393 2
      vertex 39.5 4.15 2
      vertex 39.5 6.85 2
    endloop
  endfacet
  facet normal 0 0 1
    outer loop
      vertex 39.0828 6.78393 2
      vertex 39.0828 4.21607 2
      vertex 39.5 4.15 2
    endloop
  endfacet
  facet normal -0 0 1
    outer loop
      vertex 38.7065 6.59217 2
      vertex 39.0828 4.21607 2
      vertex 39.0828 6.78393 2
    endloop
  endfacet
  facet normal 0 0 1
    outer loop
      vertex 38.7065 6.59217 2
      vertex 38.7065 4.40783 2
      vertex 39.0828 4.21607 2
    endloop
  endfacet
  facet normal -0 0 1
    outer loop
      vertex 38.4078 6.29351 2
      vertex 38.7065 4.40783 2
      vertex 38.7065 6.59217 2
    endloop
  endfacet
  facet normal 0 0 1
    outer loop
      vertex 38.4078 6.29351 2
      vertex 38.4078 4.70649 2
      vertex 38.7065 4.40783 2
    endloop
  endfacet
  facet normal -0 0 1
    outer loop
      vertex 38.2161 5.91717 2
      vertex 38.4078 4.70649 2
      vertex 38.4078 6.29351 2
    endloop
  endfacet
  facet normal 0 0 1
    outer loop
      vertex 38.2161 5.91717 2
      vertex 38.2161 5.08283 2
      vertex 38.4078 4.70649 2
    endloop
  endfacet
  facet normal 0 -0 1
    outer loop
      vertex 38.2161 5.08283 2
      vertex 38.2161 5.91717 2
      vertex 38.15 5.5 2
    endloop
  endfacet
  facet normal 0 0 1
    outer loop
      vertex 40.7839 65.9172 2
      vertex 40.7839 65.0828 2
      vertex 40.85 65.5 2
    endloop
  endfacet
  facet normal 0 0 1
    outer loop
      vertex 40.5922 66.2935 2
      vertex 40.7839 65.0828 2
      vertex 40.7839 65.9172 2
    endloop
  endfacet
  facet normal 0 0 1
    outer loop
      vertex 40.5922 66.2935 2
      vertex 40.5922 64.7065 2
      vertex 40.7839 65.0828 2
    endloop
  endfacet
  facet normal 0 0 1
    outer loop
      vertex 40.2935 66.5922 2
      vertex 40.5922 64.7065 2
      vertex 40.5922 66.2935 2
    endloop
  endfacet
  facet normal 0 0 1
    outer loop
      vertex 40.2935 66.5922 2
      vertex 40.2935 64.4078 2
      vertex 40.5922 64.7065 2
    endloop
  endfacet
  facet normal 0 0 1
    outer loop
      vertex 39.9172 66.7839 2
      vertex 40.2935 64.4078 2
      vertex 40.2935 66.5922 2
    endloop
  endfacet
  facet normal 0 0 1
    outer loop
      vertex 39.9172 66.7839 2
      vertex 39.9172 64.2161 2
      vertex 40.2935 64.4078 2
    endloop
  endfacet
  facet normal 0 0 1
    outer loop
      vertex 39.5 66.85 2
      vertex 39.9172 64.2161 2
      vertex 39.9172 66.7839 2
    endloop
  endfacet
  facet normal 0 0 1
    outer loop
      vertex 39.5 66.85 2
      vertex 39.5 64.15 2
      vertex 39.9172 64.2161 2
    endloop
  endfacet
  facet normal -0 0 1
    outer loop
      vertex 39.0828 66.7839 2
      vertex 39.5 64.15 2
      vertex 39.5 66.85 2
    endloop
  endfacet
  facet normal 0 0 1
    outer loop
      vertex 39.0828 66.7839 2
      vertex 39.0828 64.2161 2
      vertex 39.5 64.15 2
    endloop
  endfacet
  facet normal -0 0 1
    outer loop
      vertex 38.7065 66.5922 2
      vertex 39.0828 64.2161 2
      vertex 39.0828 66.7839 2
    endloop
  endfacet
  facet normal 0 0 1
    outer loop
      vertex 38.7065 66.5922 2
      vertex 38.7065 64.4078 2
      vertex 39.0828 64.2161 2
    endloop
  endfacet
  facet normal -0 0 1
    outer loop
      vertex 38.4078 66.2935 2
      vertex 38.7065 64.4078 2
      vertex 38.7065 66.5922 2
    endloop
  endfacet
  facet normal 0 0 1
    outer loop
      vertex 38.4078 66.2935 2
      vertex 38.4078 64.7065 2
      vertex 38.7065 64.4078 2
    endloop
  endfacet
  facet normal -0 0 1
    outer loop
      vertex 38.2161 65.9172 2
      vertex 38.4078 64.7065 2
      vertex 38.4078 66.2935 2
    endloop
  endfacet
  facet normal 0 0 1
    outer loop
      vertex 38.2161 65.9172 2
      vertex 38.2161 65.0828 2
      vertex 38.4078 64.7065 2
    endloop
  endfacet
  facet normal 0 -0 1
    outer loop
      vertex 38.2161 65.0828 2
      vertex 38.2161 65.9172 2
      vertex 38.15 65.5 2
    endloop
  endfacet
  facet normal 0 0 1
    outer loop
      vertex 38.0305 63.4775 2
      vertex 15.9695 63.4775 2
      vertex 38.7275 63.1224 2
    endloop
  endfacet
  facet normal 0 0 1
    outer loop
      vertex 38.7275 7.87764 2
      vertex 16.8776 6.27254 2
      vertex 17 5.5 2
    endloop
  endfacet
  facet normal 0 0 1
    outer loop
      vertex 15.2725 63.1224 2
      vertex 38.7275 63.1224 2
      vertex 15.9695 63.4775 2
    endloop
  endfacet
  facet normal 0 0 1
    outer loop
      vertex 38.7275 7.87764 2
      vertex 16.5225 6.96946 2
      vertex 16.8776 6.27254 2
    endloop
  endfacet
  facet normal 0 0 1
    outer loop
      vertex 38.7275 63.1224 2
      vertex 15.2725 63.1224 2
      vertex 38.7275 7.87764 2
    endloop
  endfacet
  facet normal 0 0 1
    outer loop
      vertex 38.7275 7.87764 2
      vertex 15.9695 7.52254 2
      vertex 16.5225 6.96946 2
    endloop
  endfacet
  facet normal 0 0 1
    outer loop
      vertex 15.2725 7.87764 2
      vertex 38.7275 7.87764 2
      vertex 15.2725 63.1224 2
    endloop
  endfacet
  facet normal 0 0 1
    outer loop
      vertex 38.7275 7.87764 2
      vertex 15.2725 7.87764 2
      vertex 15.9695 7.52254 2
    endloop
  endfacet
  facet normal -0 0 1
    outer loop
      vertex 14.5 63 2
      vertex 15.2725 7.87764 2
      vertex 15.2725 63.1224 2
    endloop
  endfacet
  facet normal 0 0 1
    outer loop
      vertex 14.5 63 2
      vertex 14.5 8 2
      vertex 15.2725 7.87764 2
    endloop
  endfacet
  facet normal 0 0 1
    outer loop
      vertex 13.7275 63.1224 2
      vertex 14.5 8 2
      vertex 14.5 63 2
    endloop
  endfacet
  facet normal 0 0 1
    outer loop
      vertex 13.7275 63.1224 2
      vertex 13.7275 7.87764 2
      vertex 14.5 8 2
    endloop
  endfacet
  facet normal 0 0 1
    outer loop
      vertex 13.0305 63.4775 2
      vertex 13.7275 7.87764 2
      vertex 13.7275 63.1224 2
    endloop
  endfacet
  facet normal 0 0 1
    outer loop
      vertex 13.0305 63.4775 2
      vertex 13.0305 7.52254 2
      vertex 13.7275 7.87764 2
    endloop
  endfacet
  facet normal 0 0 1
    outer loop
      vertex 0.116232 69.9573 2
      vertex 13.0305 63.4775 2
      vertex 12.4775 64.0305 2
    endloop
  endfacet
  facet normal 0 0 1
    outer loop
      vertex 13.0305 63.4775 2
      vertex 0.116232 3.04274 2
      vertex 13.0305 7.52254 2
    endloop
  endfacet
  facet normal 0 0 1
    outer loop
      vertex 0.116232 69.9573 2
      vertex 12.4775 64.0305 2
      vertex 12.1224 64.7275 2
    endloop
  endfacet
  facet normal 0 0 1
    outer loop
      vertex 13.0305 7.52254 2
      vertex 0.116232 3.04274 2
      vertex 12.4775 6.96946 2
    endloop
  endfacet
  facet normal 0 0 1
    outer loop
      vertex 0.116232 69.9573 2
      vertex 12.1224 64.7275 2
      vertex 12 65.5 2
    endloop
  endfacet
  facet normal 0 0 1
    outer loop
      vertex 12.4775 6.96946 2
      vertex 0.116232 3.04274 2
      vertex 12.1224 6.27254 2
    endloop
  endfacet
  facet normal -0 0 1
    outer loop
      vertex 40.2725 63.1224 2
      vertex 60.5 40.5 2
      vertex 40.9695 63.4775 2
    endloop
  endfacet
  facet normal 0 0 1
    outer loop
      vertex 60.5 33 2
      vertex 41.8776 6.27254 2
      vertex 42 5.5 2
    endloop
  endfacet
  facet normal -0 0 1
    outer loop
      vertex 39.5 63 2
      vertex 60.5 40.5 2
      vertex 40.2725 63.1224 2
    endloop
  endfacet
  facet normal 0 0 1
    outer loop
      vertex 60.5 33 2
      vertex 41.5225 6.96946 2
      vertex 41.8776 6.27254 2
    endloop
  endfacet
  facet normal 0 0 1
    outer loop
      vertex 60.5 40.5 2
      vertex 39.5 63 2
      vertex 60.5 39 2
    endloop
  endfacet
  facet normal 0 0 1
    outer loop
      vertex 60.5 33 2
      vertex 40.9695 7.52254 2
      vertex 41.5225 6.96946 2
    endloop
  endfacet
  facet normal 0 0 1
    outer loop
      vertex 38.7275 63.1224 2
      vertex 60.5 39 2
      vertex 39.5 63 2
    endloop
  endfacet
  facet normal 0 0 1
    outer loop
      vertex 60.5 33 2
      vertex 40.2725 7.87764 2
      vertex 40.9695 7.52254 2
    endloop
  endfacet
  facet normal 0 0 1
    outer loop
      vertex 60.5 39 2
      vertex 38.7275 63.1224 2
      vertex 60.5 33 2
    endloop
  endfacet
  facet normal 0 0 1
    outer loop
      vertex 60.5 33 2
      vertex 39.5 8 2
      vertex 40.2725 7.87764 2
    endloop
  endfacet
  facet normal 0 0 1
    outer loop
      vertex 38.7275 7.87764 2
      vertex 60.5 33 2
      vertex 38.7275 63.1224 2
    endloop
  endfacet
  facet normal 0 0 1
    outer loop
      vertex 60.5 33 2
      vertex 38.7275 7.87764 2
      vertex 39.5 8 2
    endloop
  endfacet
  facet normal 0 0 1
    outer loop
      vertex 16.5225 64.0305 2
      vertex 37.4775 64.0305 2
      vertex 16.8776 64.7275 2
    endloop
  endfacet
  facet normal 0 0 1
    outer loop
      vertex 37.4775 64.0305 2
      vertex 16.5225 64.0305 2
      vertex 38.0305 63.4775 2
    endloop
  endfacet
  facet normal 0 0 1
    outer loop
      vertex 37.1224 64.7275 2
      vertex 16.8776 64.7275 2
      vertex 37.4775 64.0305 2
    endloop
  endfacet
  facet normal 0 0 1
    outer loop
      vertex 15.9695 63.4775 2
      vertex 38.0305 63.4775 2
      vertex 16.5225 64.0305 2
    endloop
  endfacet
  facet normal 0 0 1
    outer loop
      vertex 16.8776 64.7275 2
      vertex 37.1224 64.7275 2
      vertex 17 65.5 2
    endloop
  endfacet
  facet normal 0 0 1
    outer loop
      vertex 38.7275 7.87764 2
      vertex 17 5.5 2
      vertex 38.0305 7.52254 2
    endloop
  endfacet
  facet normal -0 0 1
    outer loop
      vertex 17 65.5 2
      vertex 37.1224 64.7275 2
      vertex 37 65.5 2
    endloop
  endfacet
  facet normal 0 0 1
    outer loop
      vertex 38.0305 7.52254 2
      vertex 17 5.5 2
      vertex 37.4775 6.96946 2
    endloop
  endfacet
  facet normal -0 0 1
    outer loop
      vertex 60.5 39 2
      vertex 69.5 33 2
      vertex 69.5 39 2
    endloop
  endfacet
  facet normal 0 0 1
    outer loop
      vertex 69.5 33 2
      vertex 60.5 39 2
      vertex 60.5 33 2
    endloop
  endfacet
  facet normal 0 0 1
    outer loop
      vertex 120 15 2
      vertex 102.864 20.0353 2
      vertex 103 19 2
    endloop
  endfacet
  facet normal 0 0 1
    outer loop
      vertex 104.5 31.5 2
      vertex 102.464 21 2
      vertex 102.864 20.0353 2
    endloop
  endfacet
  facet normal 0 0 1
    outer loop
      vertex 104.5 31.5 2
      vertex 101.828 21.8284 2
      vertex 102.464 21 2
    endloop
  endfacet
  facet normal 0 0 1
    outer loop
      vertex 104.5 31.5 2
      vertex 101 22.4641 2
      vertex 101.828 21.8284 2
    endloop
  endfacet
  facet normal 0 0 1
    outer loop
      vertex 104.5 31.5 2
      vertex 100.035 22.8637 2
      vertex 101 22.4641 2
    endloop
  endfacet
  facet normal 0 0 1
    outer loop
      vertex 104.5 31.5 2
      vertex 99 23 2
      vertex 100.035 22.8637 2
    endloop
  endfacet
  facet normal -0 0 1
    outer loop
      vertex 95.5 31.5 2
      vertex 99 23 2
      vertex 104.5 31.5 2
    endloop
  endfacet
  facet normal 0 0 1
    outer loop
      vertex 99 23 2
      vertex 95.5 31.5 2
      vertex 97.9647 22.8637 2
    endloop
  endfacet
  facet normal 0 0 1
    outer loop
      vertex 97.9647 22.8637 2
      vertex 95.5 31.5 2
      vertex 97 22.4641 2
    endloop
  endfacet
  facet normal 0 0 1
    outer loop
      vertex 97 22.4641 2
      vertex 95.5 31.5 2
      vertex 96.1716 21.8284 2
    endloop
  endfacet
  facet normal 0 0 1
    outer loop
      vertex 95.5 31.5 2
      vertex 95.5359 21 2
      vertex 96.1716 21.8284 2
    endloop
  endfacet
  facet normal 0 0 1
    outer loop
      vertex 95.5 39 2
      vertex 69.5 39 2
      vertex 95.5 33 2
    endloop
  endfacet
  facet normal 0 0 1
    outer loop
      vertex 95.5 33 2
      vertex 69.5 33 2
      vertex 95.5 31.5 2
    endloop
  endfacet
  facet normal 0 0 1
    outer loop
      vertex 69.5 40.5 2
      vertex 95.1363 52.9647 2
      vertex 95 54 2
    endloop
  endfacet
  facet normal 0 0 1
    outer loop
      vertex 69.5 31.5 2
      vertex 95.5 31.5 2
      vertex 69.5 33 2
    endloop
  endfacet
  facet normal -0 0 1
    outer loop
      vertex 95.5 39 2
      vertex 104.5 33 2
      vertex 104.5 39 2
    endloop
  endfacet
  facet normal 0 0 1
    outer loop
      vertex 104.5 33 2
      vertex 95.5 39 2
      vertex 95.5 33 2
    endloop
  endfacet
  facet normal -0 0 1
    outer loop
      vertex 102.464 52 2
      vertex 118.5 47.5 2
      vertex 102.864 52.9647 2
    endloop
  endfacet
  facet normal 0 0 1
    outer loop
      vertex 118.5 47.5 2
      vertex 102.464 52 2
      vertex 104.5 40.5 2
    endloop
  endfacet
  facet normal -0 0 1
    outer loop
      vertex 101.828 51.1716 2
      vertex 104.5 40.5 2
      vertex 102.464 52 2
    endloop
  endfacet
  facet normal -0 0 1
    outer loop
      vertex 101 50.5359 2
      vertex 104.5 40.5 2
      vertex 101.828 51.1716 2
    endloop
  endfacet
  facet normal -0 0 1
    outer loop
      vertex 100.035 50.1363 2
      vertex 104.5 40.5 2
      vertex 101 50.5359 2
    endloop
  endfacet
  facet normal -0 0 1
    outer loop
      vertex 99 50 2
      vertex 104.5 40.5 2
      vertex 100.035 50.1363 2
    endloop
  endfacet
  facet normal 0 0 1
    outer loop
      vertex 95.5 40.5 2
      vertex 99 50 2
      vertex 97.9647 50.1363 2
    endloop
  endfacet
  facet normal 0 0 1
    outer loop
      vertex 95.5 40.5 2
      vertex 97.9647 50.1363 2
      vertex 97 50.5359 2
    endloop
  endfacet
  facet normal 0 0 1
    outer loop
      vertex 95.5 40.5 2
      vertex 97 50.5359 2
      vertex 96.1716 51.1716 2
    endloop
  endfacet
  facet normal 0 0 1
    outer loop
      vertex 99 50 2
      vertex 95.5 40.5 2
      vertex 104.5 40.5 2
    endloop
  endfacet
  facet normal 0 0 1
    outer loop
      vertex 95.5359 52 2
      vertex 95.5 40.5 2
      vertex 96.1716 51.1716 2
    endloop
  endfacet
  facet normal 0 0 1
    outer loop
      vertex 95.5359 52 2
      vertex 69.5 40.5 2
      vertex 95.5 40.5 2
    endloop
  endfacet
  facet normal 0 0 1
    outer loop
      vertex 95.5 40.5 2
      vertex 69.5 40.5 2
      vertex 95.5 39 2
    endloop
  endfacet
  facet normal 0 0 1
    outer loop
      vertex 69.5 39 2
      vertex 95.5 39 2
      vertex 69.5 40.5 2
    endloop
  endfacet
  facet normal 0 0 1
    outer loop
      vertex 69.5 40.5 2
      vertex 95.5359 52 2
      vertex 95.1363 52.9647 2
    endloop
  endfacet
  facet normal 0 0 1
    outer loop
      vertex 123.058 25.1762 2
      vertex 104.5 31.5 2
      vertex 123 24 2
    endloop
  endfacet
  facet normal 0 0 1
    outer loop
      vertex 123 24 2
      vertex 120 15 2
      vertex 121.6 15 2
    endloop
  endfacet
  facet normal 0 0 1
    outer loop
      vertex 123.649 13.9972 2
      vertex 125.724 16.3873 2
      vertex 125.022 17.3332 2
    endloop
  endfacet
  facet normal 0 0 1
    outer loop
      vertex 125.724 16.3873 2
      vertex 124.997 12.6489 2
      vertex 125.1 12 2
    endloop
  endfacet
  facet normal 0 0 1
    outer loop
      vertex 125.724 16.3873 2
      vertex 124.699 13.2343 2
      vertex 124.997 12.6489 2
    endloop
  endfacet
  facet normal 0 0 1
    outer loop
      vertex 121.6 15 2
      vertex 125.022 17.3332 2
      vertex 124.417 18.3432 2
    endloop
  endfacet
  facet normal 0 0 1
    outer loop
      vertex 125.724 16.3873 2
      vertex 124.234 13.6989 2
      vertex 124.699 13.2343 2
    endloop
  endfacet
  facet normal 0 0 1
    outer loop
      vertex 121.6 15 2
      vertex 124.417 18.3432 2
      vertex 123.913 19.4078 2
    endloop
  endfacet
  facet normal 0 0 1
    outer loop
      vertex 125.724 16.3873 2
      vertex 123.649 13.9972 2
      vertex 124.234 13.6989 2
    endloop
  endfacet
  facet normal 0 0 1
    outer loop
      vertex 121.6 15 2
      vertex 123.913 19.4078 2
      vertex 123.517 20.5166 2
    endloop
  endfacet
  facet normal 0 0 1
    outer loop
      vertex 121.6 15 2
      vertex 123.517 20.5166 2
      vertex 123.231 21.6589 2
    endloop
  endfacet
  facet normal 0 0 1
    outer loop
      vertex 121.6 15 2
      vertex 123.231 21.6589 2
      vertex 123.058 22.8238 2
    endloop
  endfacet
  facet normal 0 0 1
    outer loop
      vertex 125.022 17.3332 2
      vertex 121.6 15 2
      vertex 123 14.1 2
    endloop
  endfacet
  facet normal 0 0 1
    outer loop
      vertex 121.6 15 2
      vertex 123.058 22.8238 2
      vertex 123 24 2
    endloop
  endfacet
  facet normal 0 0 1
    outer loop
      vertex 125.1 12 2
      vertex 127.108 14.9768 2
      vertex 125.977 16.1082 2
    endloop
  endfacet
  facet normal 0 0 1
    outer loop
      vertex 125.1 12 2
      vertex 125.977 16.1082 2
      vertex 125.724 16.3873 2
    endloop
  endfacet
  facet normal 0 0 1
    outer loop
      vertex 127.108 14.9768 2
      vertex 125.1 12 2
      vertex 126 10.6 2
    endloop
  endfacet
  facet normal -0 0 1
    outer loop
      vertex 124.997 11.3511 2
      vertex 126 10.6 2
      vertex 125.1 12 2
    endloop
  endfacet
  facet normal -0 0 1
    outer loop
      vertex 124.699 10.7657 2
      vertex 126 10.6 2
      vertex 124.997 11.3511 2
    endloop
  endfacet
  facet normal 0 0 1
    outer loop
      vertex 126 10.6 2
      vertex 124.699 10.7657 2
      vertex 124.533 10.6 2
    endloop
  endfacet
  facet normal 0 0 1
    outer loop
      vertex 125.977 31.8918 2
      vertex 127.108 33.0232 2
      vertex 126 37.4 2
    endloop
  endfacet
  facet normal 0 0 1
    outer loop
      vertex 127.108 33.0232 2
      vertex 125.977 31.8918 2
      vertex 126.967 30.9019 2
    endloop
  endfacet
  facet normal -0 0 1
    outer loop
      vertex 121.6 33 2
      vertex 125.977 31.8918 2
      vertex 126 37.4 2
    endloop
  endfacet
  facet normal 0 0 1
    outer loop
      vertex 125.977 31.8918 2
      vertex 121.6 33 2
      vertex 125.724 31.6127 2
    endloop
  endfacet
  facet normal 0 0 1
    outer loop
      vertex 125.724 31.6127 2
      vertex 121.6 33 2
      vertex 125.022 30.6668 2
    endloop
  endfacet
  facet normal 0 0 1
    outer loop
      vertex 125.022 30.6668 2
      vertex 121.6 33 2
      vertex 124.417 29.6568 2
    endloop
  endfacet
  facet normal 0 0 1
    outer loop
      vertex 124.417 29.6568 2
      vertex 121.6 33 2
      vertex 123.913 28.5922 2
    endloop
  endfacet
  facet normal -0 0 1
    outer loop
      vertex 120 33 2
      vertex 123.913 28.5922 2
      vertex 121.6 33 2
    endloop
  endfacet
  facet normal 0 0 1
    outer loop
      vertex 125.022 17.3332 2
      vertex 123 14.1 2
      vertex 123.649 13.9972 2
    endloop
  endfacet
  facet normal 0 0 1
    outer loop
      vertex 123.231 26.3411 2
      vertex 120 33 2
      vertex 123.058 25.1762 2
    endloop
  endfacet
  facet normal 0 0 1
    outer loop
      vertex 123 14.1 2
      vertex 121.6 15 2
      vertex 122.351 13.9972 2
    endloop
  endfacet
  facet normal 0 0 1
    outer loop
      vertex 121.6 33 2
      vertex 126 37.4 2
      vertex 121.6 37.4 2
    endloop
  endfacet
  facet normal 0 0 1
    outer loop
      vertex 123.913 28.5922 2
      vertex 120 33 2
      vertex 123.517 27.4834 2
    endloop
  endfacet
  facet normal 0 0 1
    outer loop
      vertex 123.517 27.4834 2
      vertex 120 33 2
      vertex 123.231 26.3411 2
    endloop
  endfacet
  facet normal -0 0 1
    outer loop
      vertex 104.5 31.5 2
      vertex 123.058 25.1762 2
      vertex 120 33 2
    endloop
  endfacet
  facet normal 0 0 1
    outer loop
      vertex 122.351 13.9972 2
      vertex 121.6 15 2
      vertex 121.766 13.6989 2
    endloop
  endfacet
  facet normal 0 0 1
    outer loop
      vertex 121.766 13.6989 2
      vertex 121.6 15 2
      vertex 121.6 13.5333 2
    endloop
  endfacet
  facet normal 0 0 1
    outer loop
      vertex 144 39 2
      vertex 120 47.5 2
      vertex 126 39 2
    endloop
  endfacet
  facet normal 0 0 1
    outer loop
      vertex 120 47.5 2
      vertex 120 39 2
      vertex 126 39 2
    endloop
  endfacet
  facet normal -0 0 1
    outer loop
      vertex 118.5 47.5 2
      vertex 120 39 2
      vertex 120 47.5 2
    endloop
  endfacet
  facet normal -0 0 1
    outer loop
      vertex 104.5 40.5 2
      vertex 120 39 2
      vertex 118.5 47.5 2
    endloop
  endfacet
  facet normal 0 0 1
    outer loop
      vertex 102.864 20.0353 2
      vertex 123 24 2
      vertex 104.5 31.5 2
    endloop
  endfacet
  facet normal 0 0 1
    outer loop
      vertex 120 39 2
      vertex 104.5 39 2
      vertex 120 33 2
    endloop
  endfacet
  facet normal 0 0 1
    outer loop
      vertex 133.268 25 2
      vertex 130.011 26.0665 2
      vertex 133.068 24.5176 2
    endloop
  endfacet
  facet normal -0 0 1
    outer loop
      vertex 129.833 25.5675 2
      vertex 133.068 24.5176 2
      vertex 130.011 26.0665 2
    endloop
  endfacet
  facet normal 0 -0 1
    outer loop
      vertex 130.51 20.9999 2
      vertex 133 24 2
      vertex 130.238 21.4545 2
    endloop
  endfacet
  facet normal 0 0 1
    outer loop
      vertex 133 24 2
      vertex 130.51 20.9999 2
      vertex 130.663 20.7941 2
    endloop
  endfacet
  facet normal -0 0 1
    outer loop
      vertex 129.704 25.0535 2
      vertex 133.068 24.5176 2
      vertex 129.833 25.5675 2
    endloop
  endfacet
  facet normal 0 0 1
    outer loop
      vertex 133 24 2
      vertex 130.011 21.9335 2
      vertex 130.238 21.4545 2
    endloop
  endfacet
  facet normal -0 0 1
    outer loop
      vertex 129.626 24.5293 2
      vertex 133.068 24.5176 2
      vertex 129.704 25.0535 2
    endloop
  endfacet
  facet normal 0 0 1
    outer loop
      vertex 133 24 2
      vertex 129.833 22.4325 2
      vertex 130.011 21.9335 2
    endloop
  endfacet
  facet normal 0 0 1
    outer loop
      vertex 133.068 24.5176 2
      vertex 129.626 24.5293 2
      vertex 133 24 2
    endloop
  endfacet
  facet normal 0 0 1
    outer loop
      vertex 133 24 2
      vertex 129.704 22.9465 2
      vertex 129.833 22.4325 2
    endloop
  endfacet
  facet normal 0 0 1
    outer loop
      vertex 129.6 24 2
      vertex 133 24 2
      vertex 129.626 24.5293 2
    endloop
  endfacet
  facet normal 0 0 1
    outer loop
      vertex 133 24 2
      vertex 129.626 23.4707 2
      vertex 129.704 22.9465 2
    endloop
  endfacet
  facet normal 0 0 1
    outer loop
      vertex 133 24 2
      vertex 129.6 24 2
      vertex 129.626 23.4707 2
    endloop
  endfacet
  facet normal -0 0 1
    outer loop
      vertex 136.732 23 2
      vertex 139.989 21.9335 2
      vertex 136.932 23.4824 2
    endloop
  endfacet
  facet normal 0 0 1
    outer loop
      vertex 139.762 21.4545 2
      vertex 136.732 23 2
      vertex 139.49 20.9999 2
    endloop
  endfacet
  facet normal 0 0 1
    outer loop
      vertex 136 25.732 2
      vertex 138.206 28.3373 2
      vertex 138 28.4899 2
    endloop
  endfacet
  facet normal 0 0 1
    outer loop
      vertex 139.337 20.7941 2
      vertex 138.206 19.6627 2
      vertex 139.205 18.6631 2
    endloop
  endfacet
  facet normal 0 0 1
    outer loop
      vertex 136 25.732 2
      vertex 138 28.4899 2
      vertex 137.546 28.7624 2
    endloop
  endfacet
  facet normal 0 0 1
    outer loop
      vertex 139.49 20.9999 2
      vertex 136.732 23 2
      vertex 139.337 20.7941 2
    endloop
  endfacet
  facet normal 0 0 1
    outer loop
      vertex 136 25.732 2
      vertex 137.546 28.7624 2
      vertex 137.066 28.9889 2
    endloop
  endfacet
  facet normal -0 0 1
    outer loop
      vertex 136.414 22.5858 2
      vertex 139.337 20.7941 2
      vertex 136.732 23 2
    endloop
  endfacet
  facet normal 0 0 1
    outer loop
      vertex 139.337 20.7941 2
      vertex 136.414 22.5858 2
      vertex 138.206 19.6627 2
    endloop
  endfacet
  facet normal 0 0 1
    outer loop
      vertex 139.989 21.9335 2
      vertex 136.732 23 2
      vertex 139.762 21.4545 2
    endloop
  endfacet
  facet normal 0 0 1
    outer loop
      vertex 138.206 28.3373 2
      vertex 136.732 25 2
      vertex 136.932 24.5176 2
    endloop
  endfacet
  facet normal 0 0 1
    outer loop
      vertex 135.518 25.9319 2
      vertex 137.066 28.9889 2
      vertex 136.568 29.1675 2
    endloop
  endfacet
  facet normal 0 0 1
    outer loop
      vertex 138.206 28.3373 2
      vertex 136.414 25.4142 2
      vertex 136.732 25 2
    endloop
  endfacet
  facet normal 0 0 1
    outer loop
      vertex 135.518 25.9319 2
      vertex 136.568 29.1675 2
      vertex 136.053 29.2962 2
    endloop
  endfacet
  facet normal 0 0 1
    outer loop
      vertex 138.206 28.3373 2
      vertex 136 25.732 2
      vertex 136.414 25.4142 2
    endloop
  endfacet
  facet normal 0 0 1
    outer loop
      vertex 135.518 25.9319 2
      vertex 136.053 29.2962 2
      vertex 135.529 29.374 2
    endloop
  endfacet
  facet normal 0 0 1
    outer loop
      vertex 137.066 28.9889 2
      vertex 135.518 25.9319 2
      vertex 136 25.732 2
    endloop
  endfacet
  facet normal 0 0 1
    outer loop
      vertex 135 26 2
      vertex 135.529 29.374 2
      vertex 135 29.4 2
    endloop
  endfacet
  facet normal 0 0 1
    outer loop
      vertex 135.529 29.374 2
      vertex 135 26 2
      vertex 135.518 25.9319 2
    endloop
  endfacet
  facet normal -0 0 1
    outer loop
      vertex 134.471 29.374 2
      vertex 135 26 2
      vertex 135 29.4 2
    endloop
  endfacet
  facet normal 0 0 1
    outer loop
      vertex 135 26 2
      vertex 134.471 29.374 2
      vertex 134.482 25.9319 2
    endloop
  endfacet
  facet normal -0 0 1
    outer loop
      vertex 133.947 29.2962 2
      vertex 134.482 25.9319 2
      vertex 134.471 29.374 2
    endloop
  endfacet
  facet normal -0 0 1
    outer loop
      vertex 133.432 29.1675 2
      vertex 134.482 25.9319 2
      vertex 133.947 29.2962 2
    endloop
  endfacet
  facet normal -0 0 1
    outer loop
      vertex 132.934 28.9889 2
      vertex 134.482 25.9319 2
      vertex 133.432 29.1675 2
    endloop
  endfacet
  facet normal 0 0 1
    outer loop
      vertex 134.482 25.9319 2
      vertex 132.934 28.9889 2
      vertex 134 25.732 2
    endloop
  endfacet
  facet normal -0 0 1
    outer loop
      vertex 132.454 28.7624 2
      vertex 134 25.732 2
      vertex 132.934 28.9889 2
    endloop
  endfacet
  facet normal -0 0 1
    outer loop
      vertex 132 28.4899 2
      vertex 134 25.732 2
      vertex 132.454 28.7624 2
    endloop
  endfacet
  facet normal -0 0 1
    outer loop
      vertex 131.794 28.3373 2
      vertex 134 25.732 2
      vertex 132 28.4899 2
    endloop
  endfacet
  facet normal 0 0 1
    outer loop
      vertex 134 25.732 2
      vertex 131.794 28.3373 2
      vertex 133.586 25.4142 2
    endloop
  endfacet
  facet normal 0 0 1
    outer loop
      vertex 144.219 25.8338 2
      vertex 145.396 26.0679 2
      vertex 145.144 27.077 2
    endloop
  endfacet
  facet normal 0 0 1
    outer loop
      vertex 145.396 26.0679 2
      vertex 145 25.5 2
      vertex 145.495 25.4015 2
    endloop
  endfacet
  facet normal 0 0 1
    outer loop
      vertex 143.995 26.7287 2
      vertex 145.144 27.077 2
      vertex 144.793 28.0564 2
    endloop
  endfacet
  facet normal 0 -0 1
    outer loop
      vertex 144.219 25.8338 2
      vertex 145.144 27.077 2
      vertex 143.995 26.7287 2
    endloop
  endfacet
  facet normal 0 0 1
    outer loop
      vertex 143.684 27.5972 2
      vertex 144.793 28.0564 2
      vertex 144.348 28.9968 2
    endloop
  endfacet
  facet normal 0 0 1
    outer loop
      vertex 145.396 26.0679 2
      vertex 144.219 25.8338 2
      vertex 145 25.5 2
    endloop
  endfacet
  facet normal 0 0 1
    outer loop
      vertex 144.426 25.3858 2
      vertex 144.219 25.8338 2
      vertex 144.298 25.3006 2
    endloop
  endfacet
  facet normal 0 0 1
    outer loop
      vertex 145 25.5 2
      vertex 144.219 25.8338 2
      vertex 144.426 25.3858 2
    endloop
  endfacet
  facet normal 0 0 1
    outer loop
      vertex 143.29 28.4311 2
      vertex 144.348 28.9968 2
      vertex 143.814 29.889 2
    endloop
  endfacet
  facet normal 0 0 1
    outer loop
      vertex 144.793 28.0564 2
      vertex 143.684 27.5972 2
      vertex 143.995 26.7287 2
    endloop
  endfacet
  facet normal 0 0 1
    outer loop
      vertex 144.348 28.9968 2
      vertex 143.29 28.4311 2
      vertex 143.684 27.5972 2
    endloop
  endfacet
  facet normal 0 0 1
    outer loop
      vertex 142.816 29.2224 2
      vertex 143.814 29.889 2
      vertex 143.194 30.7246 2
    endloop
  endfacet
  facet normal 0 0 1
    outer loop
      vertex 142.266 29.9633 2
      vertex 143.194 30.7246 2
      vertex 143.033 30.9019 2
    endloop
  endfacet
  facet normal 0 0 1
    outer loop
      vertex 143.814 29.889 2
      vertex 142.816 29.2224 2
      vertex 143.29 28.4311 2
    endloop
  endfacet
  facet normal -0 0 1
    outer loop
      vertex 141.902 32.0332 2
      vertex 143.033 30.9019 2
      vertex 142.892 33.0232 2
    endloop
  endfacet
  facet normal 0 0 1
    outer loop
      vertex 143.194 30.7246 2
      vertex 142.266 29.9633 2
      vertex 142.816 29.2224 2
    endloop
  endfacet
  facet normal 0 -0 1
    outer loop
      vertex 142.185 30.0533 2
      vertex 143.033 30.9019 2
      vertex 141.902 32.0332 2
    endloop
  endfacet
  facet normal 0 0 1
    outer loop
      vertex 143.033 30.9019 2
      vertex 142.185 30.0533 2
      vertex 142.266 29.9633 2
    endloop
  endfacet
  facet normal 0 0 1
    outer loop
      vertex 141.053 31.1847 2
      vertex 141.902 32.0332 2
      vertex 141.725 32.1939 2
    endloop
  endfacet
  facet normal 0 0 1
    outer loop
      vertex 141.902 32.0332 2
      vertex 141.053 31.1847 2
      vertex 142.185 30.0533 2
    endloop
  endfacet
  facet normal 0 0 1
    outer loop
      vertex 142.185 30.0533 2
      vertex 141.053 31.1847 2
      vertex 141.194 29.0623 2
    endloop
  endfacet
  facet normal 0 0 1
    outer loop
      vertex 141.725 32.1939 2
      vertex 140.963 31.2663 2
      vertex 141.053 31.1847 2
    endloop
  endfacet
  facet normal 0 0 1
    outer loop
      vertex 140.889 32.8136 2
      vertex 140.963 31.2663 2
      vertex 141.725 32.1939 2
    endloop
  endfacet
  facet normal 0 0 1
    outer loop
      vertex 140.889 32.8136 2
      vertex 140.222 31.8158 2
      vertex 140.963 31.2663 2
    endloop
  endfacet
  facet normal 0 0 1
    outer loop
      vertex 139.997 33.3484 2
      vertex 140.222 31.8158 2
      vertex 140.889 32.8136 2
    endloop
  endfacet
  facet normal 0 0 1
    outer loop
      vertex 139.997 33.3484 2
      vertex 139.431 32.2901 2
      vertex 140.222 31.8158 2
    endloop
  endfacet
  facet normal 0 0 1
    outer loop
      vertex 139.056 33.7931 2
      vertex 139.431 32.2901 2
      vertex 139.997 33.3484 2
    endloop
  endfacet
  facet normal 0 0 1
    outer loop
      vertex 139.056 33.7931 2
      vertex 138.597 32.6845 2
      vertex 139.431 32.2901 2
    endloop
  endfacet
  facet normal 0 0 1
    outer loop
      vertex 138.077 34.1436 2
      vertex 138.597 32.6845 2
      vertex 139.056 33.7931 2
    endloop
  endfacet
  facet normal 0 0 1
    outer loop
      vertex 138.077 34.1436 2
      vertex 137.729 32.9952 2
      vertex 138.597 32.6845 2
    endloop
  endfacet
  facet normal 0 0 1
    outer loop
      vertex 137.068 34.3963 2
      vertex 137.729 32.9952 2
      vertex 138.077 34.1436 2
    endloop
  endfacet
  facet normal 0 0 1
    outer loop
      vertex 137.068 34.3963 2
      vertex 136.834 33.2194 2
      vertex 137.729 32.9952 2
    endloop
  endfacet
  facet normal 0 0 1
    outer loop
      vertex 136.039 34.549 2
      vertex 136.834 33.2194 2
      vertex 137.068 34.3963 2
    endloop
  endfacet
  facet normal 0 0 1
    outer loop
      vertex 136.039 34.549 2
      vertex 135.921 33.3547 2
      vertex 136.834 33.2194 2
    endloop
  endfacet
  facet normal 0 0 1
    outer loop
      vertex 135 34.6 2
      vertex 135.921 33.3547 2
      vertex 136.039 34.549 2
    endloop
  endfacet
  facet normal 0 0 1
    outer loop
      vertex 135 34.6 2
      vertex 135 33.4 2
      vertex 135.921 33.3547 2
    endloop
  endfacet
  facet normal 0 0 1
    outer loop
      vertex 135 34.6 2
      vertex 134.079 33.3547 2
      vertex 135 33.4 2
    endloop
  endfacet
  facet normal -0 0 1
    outer loop
      vertex 133.961 34.549 2
      vertex 134.079 33.3547 2
      vertex 135 34.6 2
    endloop
  endfacet
  facet normal 0 0 1
    outer loop
      vertex 133.961 34.549 2
      vertex 133.166 33.2194 2
      vertex 134.079 33.3547 2
    endloop
  endfacet
  facet normal -0 0 1
    outer loop
      vertex 132.932 34.3963 2
      vertex 133.166 33.2194 2
      vertex 133.961 34.549 2
    endloop
  endfacet
  facet normal 0 0 1
    outer loop
      vertex 132.932 34.3963 2
      vertex 132.271 32.9952 2
      vertex 133.166 33.2194 2
    endloop
  endfacet
  facet normal -0 0 1
    outer loop
      vertex 131.923 34.1436 2
      vertex 132.271 32.9952 2
      vertex 132.932 34.3963 2
    endloop
  endfacet
  facet normal 0 0 1
    outer loop
      vertex 131.923 34.1436 2
      vertex 131.403 32.6845 2
      vertex 132.271 32.9952 2
    endloop
  endfacet
  facet normal -0 0 1
    outer loop
      vertex 130.944 33.7931 2
      vertex 131.403 32.6845 2
      vertex 131.923 34.1436 2
    endloop
  endfacet
  facet normal 0 0 1
    outer loop
      vertex 130.944 33.7931 2
      vertex 130.569 32.2901 2
      vertex 131.403 32.6845 2
    endloop
  endfacet
  facet normal -0 0 1
    outer loop
      vertex 130.003 33.3484 2
      vertex 130.569 32.2901 2
      vertex 130.944 33.7931 2
    endloop
  endfacet
  facet normal 0 0 1
    outer loop
      vertex 130.003 33.3484 2
      vertex 129.778 31.8158 2
      vertex 130.569 32.2901 2
    endloop
  endfacet
  facet normal -0 0 1
    outer loop
      vertex 129.111 32.8136 2
      vertex 129.778 31.8158 2
      vertex 130.003 33.3484 2
    endloop
  endfacet
  facet normal 0 0 1
    outer loop
      vertex 129.111 32.8136 2
      vertex 129.037 31.2663 2
      vertex 129.778 31.8158 2
    endloop
  endfacet
  facet normal -0 0 1
    outer loop
      vertex 128.275 32.1939 2
      vertex 129.037 31.2663 2
      vertex 129.111 32.8136 2
    endloop
  endfacet
  facet normal 0 0 1
    outer loop
      vertex 129.037 31.2663 2
      vertex 128.275 32.1939 2
      vertex 128.947 31.1847 2
    endloop
  endfacet
  facet normal -0 0 1
    outer loop
      vertex 128.098 32.0332 2
      vertex 128.947 31.1847 2
      vertex 128.275 32.1939 2
    endloop
  endfacet
  facet normal 0 0 1
    outer loop
      vertex 128.947 31.1847 2
      vertex 128.098 32.0332 2
      vertex 127.815 30.0533 2
    endloop
  endfacet
  facet normal 0 0 1
    outer loop
      vertex 128.947 31.1847 2
      vertex 127.815 30.0533 2
      vertex 128.806 29.0623 2
    endloop
  endfacet
  facet normal -0 0 1
    outer loop
      vertex 126.967 30.9019 2
      vertex 127.815 30.0533 2
      vertex 128.098 32.0332 2
    endloop
  endfacet
  facet normal 0 0 1
    outer loop
      vertex 127.815 30.0533 2
      vertex 126.967 30.9019 2
      vertex 127.734 29.9633 2
    endloop
  endfacet
  facet normal 0 0 1
    outer loop
      vertex 126.967 30.9019 2
      vertex 128.098 32.0332 2
      vertex 127.108 33.0232 2
    endloop
  endfacet
  facet normal -0 0 1
    outer loop
      vertex 126.806 30.7246 2
      vertex 127.734 29.9633 2
      vertex 126.967 30.9019 2
    endloop
  endfacet
  facet normal 0 0 1
    outer loop
      vertex 127.734 29.9633 2
      vertex 126.806 30.7246 2
      vertex 127.184 29.2224 2
    endloop
  endfacet
  facet normal -0 0 1
    outer loop
      vertex 126.186 29.889 2
      vertex 127.184 29.2224 2
      vertex 126.806 30.7246 2
    endloop
  endfacet
  facet normal 0 0 1
    outer loop
      vertex 127.184 29.2224 2
      vertex 126.186 29.889 2
      vertex 126.71 28.4311 2
    endloop
  endfacet
  facet normal -0 0 1
    outer loop
      vertex 125.652 28.9968 2
      vertex 126.71 28.4311 2
      vertex 126.186 29.889 2
    endloop
  endfacet
  facet normal 0 0 1
    outer loop
      vertex 126.71 28.4311 2
      vertex 125.652 28.9968 2
      vertex 126.316 27.5972 2
    endloop
  endfacet
  facet normal -0 0 1
    outer loop
      vertex 125.207 28.0564 2
      vertex 126.316 27.5972 2
      vertex 125.652 28.9968 2
    endloop
  endfacet
  facet normal 0 0 1
    outer loop
      vertex 126.316 27.5972 2
      vertex 125.207 28.0564 2
      vertex 126.005 26.7287 2
    endloop
  endfacet
  facet normal -0 0 1
    outer loop
      vertex 124.856 27.077 2
      vertex 126.005 26.7287 2
      vertex 125.207 28.0564 2
    endloop
  endfacet
  facet normal 0 0 1
    outer loop
      vertex 126.005 26.7287 2
      vertex 124.856 27.077 2
      vertex 125.781 25.8338 2
    endloop
  endfacet
  facet normal -0 0 1
    outer loop
      vertex 124.604 26.0679 2
      vertex 125.781 25.8338 2
      vertex 124.856 27.077 2
    endloop
  endfacet
  facet normal 0 0 1
    outer loop
      vertex 125.781 25.8338 2
      vertex 125.574 25.3858 2
      vertex 125.702 25.3006 2
    endloop
  endfacet
  facet normal 0 -0 1
    outer loop
      vertex 125 25.5 2
      vertex 125.781 25.8338 2
      vertex 124.604 26.0679 2
    endloop
  endfacet
  facet normal 0 0 1
    outer loop
      vertex 125.781 25.8338 2
      vertex 125 25.5 2
      vertex 125.574 25.3858 2
    endloop
  endfacet
  facet normal 0 0 1
    outer loop
      vertex 125 25.5 2
      vertex 124.604 26.0679 2
      vertex 124.505 25.4015 2
    endloop
  endfacet
  facet normal -0 0 1
    outer loop
      vertex 145 22.5 2
      vertex 145.396 21.9321 2
      vertex 145.495 22.5985 2
    endloop
  endfacet
  facet normal -0 0 1
    outer loop
      vertex 144.219 22.1662 2
      vertex 145.396 21.9321 2
      vertex 145 22.5 2
    endloop
  endfacet
  facet normal 0 0 1
    outer loop
      vertex 145.396 21.9321 2
      vertex 144.219 22.1662 2
      vertex 145.144 20.923 2
    endloop
  endfacet
  facet normal 0 0 1
    outer loop
      vertex 144.219 22.1662 2
      vertex 145 22.5 2
      vertex 144.426 22.6142 2
    endloop
  endfacet
  facet normal 0 0 1
    outer loop
      vertex 145.144 20.923 2
      vertex 144.219 22.1662 2
      vertex 143.995 21.2713 2
    endloop
  endfacet
  facet normal 0 0 1
    outer loop
      vertex 144.219 22.1662 2
      vertex 144.426 22.6142 2
      vertex 144.298 22.6994 2
    endloop
  endfacet
  facet normal 0 0 1
    outer loop
      vertex 145.144 20.923 2
      vertex 143.995 21.2713 2
      vertex 144.793 19.9436 2
    endloop
  endfacet
  facet normal -0 0 1
    outer loop
      vertex 143.684 20.4028 2
      vertex 144.793 19.9436 2
      vertex 143.995 21.2713 2
    endloop
  endfacet
  facet normal 0 0 1
    outer loop
      vertex 144.793 19.9436 2
      vertex 143.684 20.4028 2
      vertex 144.348 19.0032 2
    endloop
  endfacet
  facet normal -0 0 1
    outer loop
      vertex 143.29 19.5689 2
      vertex 144.348 19.0032 2
      vertex 143.684 20.4028 2
    endloop
  endfacet
  facet normal 0 0 1
    outer loop
      vertex 144.348 19.0032 2
      vertex 143.29 19.5689 2
      vertex 143.814 18.111 2
    endloop
  endfacet
  facet normal -0 0 1
    outer loop
      vertex 142.816 18.7776 2
      vertex 143.814 18.111 2
      vertex 143.29 19.5689 2
    endloop
  endfacet
  facet normal 0 0 1
    outer loop
      vertex 143.814 18.111 2
      vertex 142.816 18.7776 2
      vertex 143.194 17.2754 2
    endloop
  endfacet
  facet normal -0 0 1
    outer loop
      vertex 142.266 18.0367 2
      vertex 143.194 17.2754 2
      vertex 142.816 18.7776 2
    endloop
  endfacet
  facet normal 0 0 1
    outer loop
      vertex 143.194 17.2754 2
      vertex 142.266 18.0367 2
      vertex 143.033 17.0981 2
    endloop
  endfacet
  facet normal -0 0 1
    outer loop
      vertex 142.185 17.9467 2
      vertex 143.033 17.0981 2
      vertex 142.266 18.0367 2
    endloop
  endfacet
  facet normal 0 0 1
    outer loop
      vertex 143.033 17.0981 2
      vertex 142.185 17.9467 2
      vertex 141.902 15.9668 2
    endloop
  endfacet
  facet normal 0 0 1
    outer loop
      vertex 143.033 17.0981 2
      vertex 141.902 15.9668 2
      vertex 142.892 14.9768 2
    endloop
  endfacet
  facet normal -0 0 1
    outer loop
      vertex 141.053 16.8153 2
      vertex 141.902 15.9668 2
      vertex 142.185 17.9467 2
    endloop
  endfacet
  facet normal 0 0 1
    outer loop
      vertex 141.053 16.8153 2
      vertex 142.185 17.9467 2
      vertex 141.194 18.9377 2
    endloop
  endfacet
  facet normal 0 0 1
    outer loop
      vertex 141.902 15.9668 2
      vertex 141.053 16.8153 2
      vertex 141.725 15.8061 2
    endloop
  endfacet
  facet normal -0 0 1
    outer loop
      vertex 140.963 16.7337 2
      vertex 141.725 15.8061 2
      vertex 141.053 16.8153 2
    endloop
  endfacet
  facet normal 0 0 1
    outer loop
      vertex 140.963 16.7337 2
      vertex 140.889 15.1864 2
      vertex 141.725 15.8061 2
    endloop
  endfacet
  facet normal -0 0 1
    outer loop
      vertex 140.222 16.1842 2
      vertex 140.889 15.1864 2
      vertex 140.963 16.7337 2
    endloop
  endfacet
  facet normal 0 0 1
    outer loop
      vertex 140.222 16.1842 2
      vertex 139.997 14.6516 2
      vertex 140.889 15.1864 2
    endloop
  endfacet
  facet normal -0 0 1
    outer loop
      vertex 139.431 15.7099 2
      vertex 139.997 14.6516 2
      vertex 140.222 16.1842 2
    endloop
  endfacet
  facet normal 0 0 1
    outer loop
      vertex 139.431 15.7099 2
      vertex 139.056 14.2069 2
      vertex 139.997 14.6516 2
    endloop
  endfacet
  facet normal -0 0 1
    outer loop
      vertex 138.597 15.3155 2
      vertex 139.056 14.2069 2
      vertex 139.431 15.7099 2
    endloop
  endfacet
  facet normal 0 0 1
    outer loop
      vertex 138.597 15.3155 2
      vertex 138.077 13.8564 2
      vertex 139.056 14.2069 2
    endloop
  endfacet
  facet normal -0 0 1
    outer loop
      vertex 137.729 15.0048 2
      vertex 138.077 13.8564 2
      vertex 138.597 15.3155 2
    endloop
  endfacet
  facet normal 0 0 1
    outer loop
      vertex 137.729 15.0048 2
      vertex 137.068 13.6037 2
      vertex 138.077 13.8564 2
    endloop
  endfacet
  facet normal -0 0 1
    outer loop
      vertex 136.834 14.7806 2
      vertex 137.068 13.6037 2
      vertex 137.729 15.0048 2
    endloop
  endfacet
  facet normal 0 0 1
    outer loop
      vertex 136.834 14.7806 2
      vertex 136.039 13.451 2
      vertex 137.068 13.6037 2
    endloop
  endfacet
  facet normal -0 0 1
    outer loop
      vertex 135.921 14.6453 2
      vertex 136.039 13.451 2
      vertex 136.834 14.7806 2
    endloop
  endfacet
  facet normal -0 0 1
    outer loop
      vertex 135 14.6 2
      vertex 136.039 13.451 2
      vertex 135.921 14.6453 2
    endloop
  endfacet
  facet normal 0 0 1
    outer loop
      vertex 135 14.6 2
      vertex 135 13.4 2
      vertex 136.039 13.451 2
    endloop
  endfacet
  facet normal 0 0 1
    outer loop
      vertex 134.079 14.6453 2
      vertex 135 13.4 2
      vertex 135 14.6 2
    endloop
  endfacet
  facet normal 0 0 1
    outer loop
      vertex 134.079 14.6453 2
      vertex 133.961 13.451 2
      vertex 135 13.4 2
    endloop
  endfacet
  facet normal 0 0 1
    outer loop
      vertex 133.166 14.7806 2
      vertex 133.961 13.451 2
      vertex 134.079 14.6453 2
    endloop
  endfacet
  facet normal 0 0 1
    outer loop
      vertex 133.166 14.7806 2
      vertex 132.932 13.6037 2
      vertex 133.961 13.451 2
    endloop
  endfacet
  facet normal 0 0 1
    outer loop
      vertex 132.271 15.0048 2
      vertex 132.932 13.6037 2
      vertex 133.166 14.7806 2
    endloop
  endfacet
  facet normal 0 0 1
    outer loop
      vertex 132.271 15.0048 2
      vertex 131.923 13.8564 2
      vertex 132.932 13.6037 2
    endloop
  endfacet
  facet normal 0 0 1
    outer loop
      vertex 131.403 15.3155 2
      vertex 131.923 13.8564 2
      vertex 132.271 15.0048 2
    endloop
  endfacet
  facet normal 0 0 1
    outer loop
      vertex 131.403 15.3155 2
      vertex 130.944 14.2069 2
      vertex 131.923 13.8564 2
    endloop
  endfacet
  facet normal 0 0 1
    outer loop
      vertex 130.569 15.7099 2
      vertex 130.944 14.2069 2
      vertex 131.403 15.3155 2
    endloop
  endfacet
  facet normal 0 0 1
    outer loop
      vertex 130.569 15.7099 2
      vertex 130.003 14.6516 2
      vertex 130.944 14.2069 2
    endloop
  endfacet
  facet normal 0 0 1
    outer loop
      vertex 129.778 16.1842 2
      vertex 130.003 14.6516 2
      vertex 130.569 15.7099 2
    endloop
  endfacet
  facet normal 0 0 1
    outer loop
      vertex 129.778 16.1842 2
      vertex 129.111 15.1864 2
      vertex 130.003 14.6516 2
    endloop
  endfacet
  facet normal 0 0 1
    outer loop
      vertex 129.037 16.7337 2
      vertex 129.111 15.1864 2
      vertex 129.778 16.1842 2
    endloop
  endfacet
  facet normal 0 0 1
    outer loop
      vertex 128.275 15.8061 2
      vertex 129.037 16.7337 2
      vertex 128.947 16.8153 2
    endloop
  endfacet
  facet normal 0 0 1
    outer loop
      vertex 129.037 16.7337 2
      vertex 128.275 15.8061 2
      vertex 129.111 15.1864 2
    endloop
  endfacet
  facet normal -0 0 1
    outer loop
      vertex 127.815 17.9467 2
      vertex 128.947 16.8153 2
      vertex 128.806 18.9377 2
    endloop
  endfacet
  facet normal 0 -0 1
    outer loop
      vertex 128.098 15.9668 2
      vertex 128.947 16.8153 2
      vertex 127.815 17.9467 2
    endloop
  endfacet
  facet normal 0 0 1
    outer loop
      vertex 128.947 16.8153 2
      vertex 128.098 15.9668 2
      vertex 128.275 15.8061 2
    endloop
  endfacet
  facet normal 0 0 1
    outer loop
      vertex 126.967 17.0981 2
      vertex 127.815 17.9467 2
      vertex 127.734 18.0367 2
    endloop
  endfacet
  facet normal 0 0 1
    outer loop
      vertex 126.806 17.2754 2
      vertex 127.734 18.0367 2
      vertex 127.184 18.7776 2
    endloop
  endfacet
  facet normal 0 0 1
    outer loop
      vertex 127.815 17.9467 2
      vertex 126.967 17.0981 2
      vertex 128.098 15.9668 2
    endloop
  endfacet
  facet normal 0 0 1
    outer loop
      vertex 128.098 15.9668 2
      vertex 126.967 17.0981 2
      vertex 127.108 14.9768 2
    endloop
  endfacet
  facet normal 0 0 1
    outer loop
      vertex 127.734 18.0367 2
      vertex 126.806 17.2754 2
      vertex 126.967 17.0981 2
    endloop
  endfacet
  facet normal 0 0 1
    outer loop
      vertex 126.186 18.111 2
      vertex 127.184 18.7776 2
      vertex 126.71 19.5689 2
    endloop
  endfacet
  facet normal 0 0 1
    outer loop
      vertex 125.652 19.0032 2
      vertex 126.71 19.5689 2
      vertex 126.316 20.4028 2
    endloop
  endfacet
  facet normal 0 0 1
    outer loop
      vertex 127.184 18.7776 2
      vertex 126.186 18.111 2
      vertex 126.806 17.2754 2
    endloop
  endfacet
  facet normal 0 0 1
    outer loop
      vertex 125.207 19.9436 2
      vertex 126.316 20.4028 2
      vertex 126.005 21.2713 2
    endloop
  endfacet
  facet normal 0 0 1
    outer loop
      vertex 124.856 20.923 2
      vertex 126.005 21.2713 2
      vertex 125.781 22.1662 2
    endloop
  endfacet
  facet normal -0 0 1
    outer loop
      vertex 125.574 22.6142 2
      vertex 125.781 22.1662 2
      vertex 125.702 22.6994 2
    endloop
  endfacet
  facet normal 0 0 1
    outer loop
      vertex 126.71 19.5689 2
      vertex 125.652 19.0032 2
      vertex 126.186 18.111 2
    endloop
  endfacet
  facet normal -0 0 1
    outer loop
      vertex 125 22.5 2
      vertex 125.781 22.1662 2
      vertex 125.574 22.6142 2
    endloop
  endfacet
  facet normal 0 0 1
    outer loop
      vertex 126.316 20.4028 2
      vertex 125.207 19.9436 2
      vertex 125.652 19.0032 2
    endloop
  endfacet
  facet normal 0 0 1
    outer loop
      vertex 125.781 22.1662 2
      vertex 125 22.5 2
      vertex 124.604 21.9321 2
    endloop
  endfacet
  facet normal 0 0 1
    outer loop
      vertex 126.005 21.2713 2
      vertex 124.856 20.923 2
      vertex 125.207 19.9436 2
    endloop
  endfacet
  facet normal 0 0 1
    outer loop
      vertex 125.781 22.1662 2
      vertex 124.604 21.9321 2
      vertex 124.856 20.923 2
    endloop
  endfacet
  facet normal 0 -0 1
    outer loop
      vertex 124.604 21.9321 2
      vertex 125 22.5 2
      vertex 124.505 22.5985 2
    endloop
  endfacet
  facet normal 0 0 1
    outer loop
      vertex 141.8 24 2
      vertex 143 24 2
      vertex 142.961 24.7841 2
    endloop
  endfacet
  facet normal 0 0 1
    outer loop
      vertex 141.767 24.6665 2
      vertex 142.961 24.7841 2
      vertex 142.846 25.5607 2
    endloop
  endfacet
  facet normal 0 0 1
    outer loop
      vertex 143 24 2
      vertex 141.8 24 2
      vertex 142.961 23.2159 2
    endloop
  endfacet
  facet normal 0 0 1
    outer loop
      vertex 141.669 25.3266 2
      vertex 142.846 25.5607 2
      vertex 142.656 26.3223 2
    endloop
  endfacet
  facet normal -0 0 1
    outer loop
      vertex 141.767 23.3335 2
      vertex 142.961 23.2159 2
      vertex 141.8 24 2
    endloop
  endfacet
  facet normal 0 0 1
    outer loop
      vertex 141.507 25.9739 2
      vertex 142.656 26.3223 2
      vertex 142.391 27.0615 2
    endloop
  endfacet
  facet normal 0 0 1
    outer loop
      vertex 142.961 23.2159 2
      vertex 141.767 23.3335 2
      vertex 142.846 22.4393 2
    endloop
  endfacet
  facet normal 0 0 1
    outer loop
      vertex 141.282 26.6022 2
      vertex 142.391 27.0615 2
      vertex 142.055 27.7712 2
    endloop
  endfacet
  facet normal -0 0 1
    outer loop
      vertex 141.669 22.6734 2
      vertex 142.846 22.4393 2
      vertex 141.767 23.3335 2
    endloop
  endfacet
  facet normal 0 0 1
    outer loop
      vertex 142.846 22.4393 2
      vertex 141.669 22.6734 2
      vertex 142.656 21.6777 2
    endloop
  endfacet
  facet normal 0 0 1
    outer loop
      vertex 142.961 24.7841 2
      vertex 141.767 24.6665 2
      vertex 141.8 24 2
    endloop
  endfacet
  facet normal 0 0 1
    outer loop
      vertex 142.846 25.5607 2
      vertex 141.669 25.3266 2
      vertex 141.767 24.6665 2
    endloop
  endfacet
  facet normal 0 0 1
    outer loop
      vertex 140.997 27.2055 2
      vertex 142.055 27.7712 2
      vertex 141.652 28.4445 2
    endloop
  endfacet
  facet normal 0 0 1
    outer loop
      vertex 142.656 26.3223 2
      vertex 141.507 25.9739 2
      vertex 141.669 25.3266 2
    endloop
  endfacet
  facet normal 0 0 1
    outer loop
      vertex 142.391 27.0615 2
      vertex 141.282 26.6022 2
      vertex 141.507 25.9739 2
    endloop
  endfacet
  facet normal 0 0 1
    outer loop
      vertex 140.337 28.2055 2
      vertex 141.652 28.4445 2
      vertex 141.194 29.0623 2
    endloop
  endfacet
  facet normal -0 0 1
    outer loop
      vertex 140.062 30.1936 2
      vertex 141.194 29.0623 2
      vertex 141.053 31.1847 2
    endloop
  endfacet
  facet normal 0 0 1
    outer loop
      vertex 142.055 27.7712 2
      vertex 140.997 27.2055 2
      vertex 141.282 26.6022 2
    endloop
  endfacet
  facet normal 0 0 1
    outer loop
      vertex 141.652 28.4445 2
      vertex 140.654 27.7779 2
      vertex 140.997 27.2055 2
    endloop
  endfacet
  facet normal 0 0 1
    outer loop
      vertex 141.652 28.4445 2
      vertex 140.337 28.2055 2
      vertex 140.654 27.7779 2
    endloop
  endfacet
  facet normal 0 0 1
    outer loop
      vertex 141.194 29.0623 2
      vertex 140.062 30.1936 2
      vertex 140.337 28.2055 2
    endloop
  endfacet
  facet normal 0 0 1
    outer loop
      vertex 139.205 29.3369 2
      vertex 140.062 30.1936 2
      vertex 139.445 30.6517 2
    endloop
  endfacet
  facet normal 0 0 1
    outer loop
      vertex 140.062 30.1936 2
      vertex 139.205 29.3369 2
      vertex 140.337 28.2055 2
    endloop
  endfacet
  facet normal -0 0 1
    outer loop
      vertex 138.206 28.3373 2
      vertex 139.337 27.2059 2
      vertex 139.205 29.3369 2
    endloop
  endfacet
  facet normal 0 0 1
    outer loop
      vertex 140.337 28.2055 2
      vertex 139.205 29.3369 2
      vertex 139.337 27.2059 2
    endloop
  endfacet
  facet normal 0 0 1
    outer loop
      vertex 139.445 30.6517 2
      vertex 138.778 29.654 2
      vertex 139.205 29.3369 2
    endloop
  endfacet
  facet normal 0 0 1
    outer loop
      vertex 138.771 31.0554 2
      vertex 138.778 29.654 2
      vertex 139.445 30.6517 2
    endloop
  endfacet
  facet normal 0 0 1
    outer loop
      vertex 138.771 31.0554 2
      vertex 138.205 29.9971 2
      vertex 138.778 29.654 2
    endloop
  endfacet
  facet normal 0 0 1
    outer loop
      vertex 138.061 31.391 2
      vertex 138.205 29.9971 2
      vertex 138.771 31.0554 2
    endloop
  endfacet
  facet normal 0 0 1
    outer loop
      vertex 138.061 31.391 2
      vertex 137.602 30.2824 2
      vertex 138.205 29.9971 2
    endloop
  endfacet
  facet normal 0 0 1
    outer loop
      vertex 137.322 31.6555 2
      vertex 137.602 30.2824 2
      vertex 138.061 31.391 2
    endloop
  endfacet
  facet normal 0 0 1
    outer loop
      vertex 137.322 31.6555 2
      vertex 136.974 30.5072 2
      vertex 137.602 30.2824 2
    endloop
  endfacet
  facet normal 0 0 1
    outer loop
      vertex 136.561 31.8463 2
      vertex 136.974 30.5072 2
      vertex 137.322 31.6555 2
    endloop
  endfacet
  facet normal 0 0 1
    outer loop
      vertex 136.561 31.8463 2
      vertex 136.327 30.6693 2
      vertex 136.974 30.5072 2
    endloop
  endfacet
  facet normal 0 0 1
    outer loop
      vertex 135.784 31.9615 2
      vertex 136.327 30.6693 2
      vertex 136.561 31.8463 2
    endloop
  endfacet
  facet normal 0 0 1
    outer loop
      vertex 135.784 31.9615 2
      vertex 135.667 30.7672 2
      vertex 136.327 30.6693 2
    endloop
  endfacet
  facet normal 0 0 1
    outer loop
      vertex 135 32 2
      vertex 135.667 30.7672 2
      vertex 135.784 31.9615 2
    endloop
  endfacet
  facet normal 0 0 1
    outer loop
      vertex 135 32 2
      vertex 135 30.8 2
      vertex 135.667 30.7672 2
    endloop
  endfacet
  facet normal 0 0 1
    outer loop
      vertex 135 32 2
      vertex 134.333 30.7672 2
      vertex 135 30.8 2
    endloop
  endfacet
  facet normal -0 0 1
    outer loop
      vertex 134.216 31.9615 2
      vertex 134.333 30.7672 2
      vertex 135 32 2
    endloop
  endfacet
  facet normal 0 0 1
    outer loop
      vertex 134.216 31.9615 2
      vertex 133.673 30.6693 2
      vertex 134.333 30.7672 2
    endloop
  endfacet
  facet normal -0 0 1
    outer loop
      vertex 133.439 31.8463 2
      vertex 133.673 30.6693 2
      vertex 134.216 31.9615 2
    endloop
  endfacet
  facet normal 0 0 1
    outer loop
      vertex 133.439 31.8463 2
      vertex 133.026 30.5072 2
      vertex 133.673 30.6693 2
    endloop
  endfacet
  facet normal -0 0 1
    outer loop
      vertex 132.678 31.6555 2
      vertex 133.026 30.5072 2
      vertex 133.439 31.8463 2
    endloop
  endfacet
  facet normal 0 0 1
    outer loop
      vertex 132.678 31.6555 2
      vertex 132.398 30.2824 2
      vertex 133.026 30.5072 2
    endloop
  endfacet
  facet normal -0 0 1
    outer loop
      vertex 131.939 31.391 2
      vertex 132.398 30.2824 2
      vertex 132.678 31.6555 2
    endloop
  endfacet
  facet normal 0 0 1
    outer loop
      vertex 131.939 31.391 2
      vertex 131.795 29.9971 2
      vertex 132.398 30.2824 2
    endloop
  endfacet
  facet normal -0 0 1
    outer loop
      vertex 131.229 31.0554 2
      vertex 131.795 29.9971 2
      vertex 131.939 31.391 2
    endloop
  endfacet
  facet normal 0 0 1
    outer loop
      vertex 131.229 31.0554 2
      vertex 131.222 29.654 2
      vertex 131.795 29.9971 2
    endloop
  endfacet
  facet normal -0 0 1
    outer loop
      vertex 130.555 30.6517 2
      vertex 131.222 29.654 2
      vertex 131.229 31.0554 2
    endloop
  endfacet
  facet normal 0 0 1
    outer loop
      vertex 133.586 22.5858 2
      vertex 130.663 20.7941 2
      vertex 131.794 19.6627 2
    endloop
  endfacet
  facet normal 0 0 1
    outer loop
      vertex 131.222 29.654 2
      vertex 130.555 30.6517 2
      vertex 130.795 29.3369 2
    endloop
  endfacet
  facet normal -0 0 1
    outer loop
      vertex 129.938 30.1936 2
      vertex 130.795 29.3369 2
      vertex 130.555 30.6517 2
    endloop
  endfacet
  facet normal 0 0 1
    outer loop
      vertex 130.795 29.3369 2
      vertex 129.938 30.1936 2
      vertex 129.663 28.2055 2
    endloop
  endfacet
  facet normal 0 0 1
    outer loop
      vertex 130.795 29.3369 2
      vertex 129.663 28.2055 2
      vertex 130.663 27.2059 2
    endloop
  endfacet
  facet normal -0 0 1
    outer loop
      vertex 128.806 29.0623 2
      vertex 129.663 28.2055 2
      vertex 129.938 30.1936 2
    endloop
  endfacet
  facet normal -0 0 1
    outer loop
      vertex 128.348 28.4445 2
      vertex 129.663 28.2055 2
      vertex 128.806 29.0623 2
    endloop
  endfacet
  facet normal 0 0 1
    outer loop
      vertex 128.806 29.0623 2
      vertex 129.938 30.1936 2
      vertex 128.947 31.1847 2
    endloop
  endfacet
  facet normal 0 0 1
    outer loop
      vertex 129.663 28.2055 2
      vertex 128.348 28.4445 2
      vertex 129.346 27.7779 2
    endloop
  endfacet
  facet normal 0 0 1
    outer loop
      vertex 129.346 27.7779 2
      vertex 128.348 28.4445 2
      vertex 129.003 27.2055 2
    endloop
  endfacet
  facet normal -0 0 1
    outer loop
      vertex 127.945 27.7712 2
      vertex 129.003 27.2055 2
      vertex 128.348 28.4445 2
    endloop
  endfacet
  facet normal 0 0 1
    outer loop
      vertex 129.003 27.2055 2
      vertex 127.945 27.7712 2
      vertex 128.718 26.6022 2
    endloop
  endfacet
  facet normal -0 0 1
    outer loop
      vertex 127.609 27.0615 2
      vertex 128.718 26.6022 2
      vertex 127.945 27.7712 2
    endloop
  endfacet
  facet normal 0 0 1
    outer loop
      vertex 128.718 26.6022 2
      vertex 127.609 27.0615 2
      vertex 128.493 25.9739 2
    endloop
  endfacet
  facet normal -0 0 1
    outer loop
      vertex 127.344 26.3223 2
      vertex 128.493 25.9739 2
      vertex 127.609 27.0615 2
    endloop
  endfacet
  facet normal 0 0 1
    outer loop
      vertex 128.493 25.9739 2
      vertex 127.344 26.3223 2
      vertex 128.331 25.3266 2
    endloop
  endfacet
  facet normal -0 0 1
    outer loop
      vertex 141.507 22.0261 2
      vertex 142.656 21.6777 2
      vertex 141.669 22.6734 2
    endloop
  endfacet
  facet normal 0 0 1
    outer loop
      vertex 142.656 21.6777 2
      vertex 141.507 22.0261 2
      vertex 142.391 20.9385 2
    endloop
  endfacet
  facet normal -0 0 1
    outer loop
      vertex 141.282 21.3978 2
      vertex 142.391 20.9385 2
      vertex 141.507 22.0261 2
    endloop
  endfacet
  facet normal 0 0 1
    outer loop
      vertex 142.391 20.9385 2
      vertex 141.282 21.3978 2
      vertex 142.055 20.2288 2
    endloop
  endfacet
  facet normal -0 0 1
    outer loop
      vertex 140.997 20.7945 2
      vertex 142.055 20.2288 2
      vertex 141.282 21.3978 2
    endloop
  endfacet
  facet normal 0 0 1
    outer loop
      vertex 142.055 20.2288 2
      vertex 140.997 20.7945 2
      vertex 141.652 19.5555 2
    endloop
  endfacet
  facet normal -0 0 1
    outer loop
      vertex 140.654 20.2221 2
      vertex 141.652 19.5555 2
      vertex 140.997 20.7945 2
    endloop
  endfacet
  facet normal -0 0 1
    outer loop
      vertex 140.337 19.7945 2
      vertex 141.652 19.5555 2
      vertex 140.654 20.2221 2
    endloop
  endfacet
  facet normal 0 0 1
    outer loop
      vertex 141.652 19.5555 2
      vertex 140.337 19.7945 2
      vertex 141.194 18.9377 2
    endloop
  endfacet
  facet normal 0 0 1
    outer loop
      vertex 140.062 17.8064 2
      vertex 141.194 18.9377 2
      vertex 140.337 19.7945 2
    endloop
  endfacet
  facet normal 0 0 1
    outer loop
      vertex 141.194 18.9377 2
      vertex 140.062 17.8064 2
      vertex 141.053 16.8153 2
    endloop
  endfacet
  facet normal -0 0 1
    outer loop
      vertex 139.205 18.6631 2
      vertex 140.062 17.8064 2
      vertex 140.337 19.7945 2
    endloop
  endfacet
  facet normal 0 0 1
    outer loop
      vertex 139.205 18.6631 2
      vertex 140.337 19.7945 2
      vertex 139.337 20.7941 2
    endloop
  endfacet
  facet normal 0 0 1
    outer loop
      vertex 136.932 24.5176 2
      vertex 139.337 27.2059 2
      vertex 138.206 28.3373 2
    endloop
  endfacet
  facet normal 0 0 1
    outer loop
      vertex 140.062 17.8064 2
      vertex 139.205 18.6631 2
      vertex 139.445 17.3483 2
    endloop
  endfacet
  facet normal -0 0 1
    outer loop
      vertex 138.778 18.346 2
      vertex 139.445 17.3483 2
      vertex 139.205 18.6631 2
    endloop
  endfacet
  facet normal 0 0 1
    outer loop
      vertex 138.778 18.346 2
      vertex 138.771 16.9446 2
      vertex 139.445 17.3483 2
    endloop
  endfacet
  facet normal -0 0 1
    outer loop
      vertex 138.205 18.0029 2
      vertex 138.771 16.9446 2
      vertex 138.778 18.346 2
    endloop
  endfacet
  facet normal 0 0 1
    outer loop
      vertex 138.205 18.0029 2
      vertex 138.061 16.609 2
      vertex 138.771 16.9446 2
    endloop
  endfacet
  facet normal -0 0 1
    outer loop
      vertex 137.602 17.7176 2
      vertex 138.061 16.609 2
      vertex 138.205 18.0029 2
    endloop
  endfacet
  facet normal 0 0 1
    outer loop
      vertex 137.602 17.7176 2
      vertex 137.322 16.3445 2
      vertex 138.061 16.609 2
    endloop
  endfacet
  facet normal -0 0 1
    outer loop
      vertex 136.974 17.4928 2
      vertex 137.322 16.3445 2
      vertex 137.602 17.7176 2
    endloop
  endfacet
  facet normal 0 0 1
    outer loop
      vertex 136.974 17.4928 2
      vertex 136.561 16.1537 2
      vertex 137.322 16.3445 2
    endloop
  endfacet
  facet normal -0 0 1
    outer loop
      vertex 136.327 17.3307 2
      vertex 136.561 16.1537 2
      vertex 136.974 17.4928 2
    endloop
  endfacet
  facet normal 0 0 1
    outer loop
      vertex 136.327 17.3307 2
      vertex 135.784 16.0385 2
      vertex 136.561 16.1537 2
    endloop
  endfacet
  facet normal -0 0 1
    outer loop
      vertex 135.667 17.2328 2
      vertex 135.784 16.0385 2
      vertex 136.327 17.3307 2
    endloop
  endfacet
  facet normal -0 0 1
    outer loop
      vertex 135 17.2 2
      vertex 135.784 16.0385 2
      vertex 135.667 17.2328 2
    endloop
  endfacet
  facet normal 0 0 1
    outer loop
      vertex 135 17.2 2
      vertex 135 16 2
      vertex 135.784 16.0385 2
    endloop
  endfacet
  facet normal 0 0 1
    outer loop
      vertex 134.333 17.2328 2
      vertex 135 16 2
      vertex 135 17.2 2
    endloop
  endfacet
  facet normal 0 0 1
    outer loop
      vertex 134.333 17.2328 2
      vertex 134.216 16.0385 2
      vertex 135 16 2
    endloop
  endfacet
  facet normal 0 0 1
    outer loop
      vertex 133.673 17.3307 2
      vertex 134.216 16.0385 2
      vertex 134.333 17.2328 2
    endloop
  endfacet
  facet normal 0 0 1
    outer loop
      vertex 133.673 17.3307 2
      vertex 133.439 16.1537 2
      vertex 134.216 16.0385 2
    endloop
  endfacet
  facet normal 0 0 1
    outer loop
      vertex 133.026 17.4928 2
      vertex 133.439 16.1537 2
      vertex 133.673 17.3307 2
    endloop
  endfacet
  facet normal 0 0 1
    outer loop
      vertex 133.026 17.4928 2
      vertex 132.678 16.3445 2
      vertex 133.439 16.1537 2
    endloop
  endfacet
  facet normal 0 0 1
    outer loop
      vertex 132.398 17.7176 2
      vertex 132.678 16.3445 2
      vertex 133.026 17.4928 2
    endloop
  endfacet
  facet normal 0 0 1
    outer loop
      vertex 132.398 17.7176 2
      vertex 131.939 16.609 2
      vertex 132.678 16.3445 2
    endloop
  endfacet
  facet normal 0 0 1
    outer loop
      vertex 131.795 18.0029 2
      vertex 131.939 16.609 2
      vertex 132.398 17.7176 2
    endloop
  endfacet
  facet normal 0 0 1
    outer loop
      vertex 131.795 18.0029 2
      vertex 131.229 16.9446 2
      vertex 131.939 16.609 2
    endloop
  endfacet
  facet normal 0 0 1
    outer loop
      vertex 131.222 18.346 2
      vertex 131.229 16.9446 2
      vertex 131.795 18.0029 2
    endloop
  endfacet
  facet normal 0 0 1
    outer loop
      vertex 130.555 17.3483 2
      vertex 131.222 18.346 2
      vertex 130.795 18.6631 2
    endloop
  endfacet
  facet normal 0 0 1
    outer loop
      vertex 131.794 19.6627 2
      vertex 130.663 20.7941 2
      vertex 130.795 18.6631 2
    endloop
  endfacet
  facet normal 0 0 1
    outer loop
      vertex 131.222 18.346 2
      vertex 130.555 17.3483 2
      vertex 131.229 16.9446 2
    endloop
  endfacet
  facet normal -0 0 1
    outer loop
      vertex 129.663 19.7945 2
      vertex 130.795 18.6631 2
      vertex 130.663 20.7941 2
    endloop
  endfacet
  facet normal 0 -0 1
    outer loop
      vertex 129.938 17.8064 2
      vertex 130.795 18.6631 2
      vertex 129.663 19.7945 2
    endloop
  endfacet
  facet normal 0 0 1
    outer loop
      vertex 130.795 18.6631 2
      vertex 129.938 17.8064 2
      vertex 130.555 17.3483 2
    endloop
  endfacet
  facet normal 0 0 1
    outer loop
      vertex 128.348 19.5555 2
      vertex 129.663 19.7945 2
      vertex 129.346 20.2221 2
    endloop
  endfacet
  facet normal 0 0 1
    outer loop
      vertex 128.348 19.5555 2
      vertex 129.346 20.2221 2
      vertex 129.003 20.7945 2
    endloop
  endfacet
  facet normal 0 0 1
    outer loop
      vertex 129.663 19.7945 2
      vertex 128.806 18.9377 2
      vertex 129.938 17.8064 2
    endloop
  endfacet
  facet normal 0 0 1
    outer loop
      vertex 129.938 17.8064 2
      vertex 128.806 18.9377 2
      vertex 128.947 16.8153 2
    endloop
  endfacet
  facet normal 0 0 1
    outer loop
      vertex 127.945 20.2288 2
      vertex 129.003 20.7945 2
      vertex 128.718 21.3978 2
    endloop
  endfacet
  facet normal 0 0 1
    outer loop
      vertex 127.609 20.9385 2
      vertex 128.718 21.3978 2
      vertex 128.493 22.0261 2
    endloop
  endfacet
  facet normal 0 0 1
    outer loop
      vertex 129.663 19.7945 2
      vertex 128.348 19.5555 2
      vertex 128.806 18.9377 2
    endloop
  endfacet
  facet normal 0 0 1
    outer loop
      vertex 127.344 21.6777 2
      vertex 128.493 22.0261 2
      vertex 128.331 22.6734 2
    endloop
  endfacet
  facet normal 0 0 1
    outer loop
      vertex 127.154 22.4393 2
      vertex 128.331 22.6734 2
      vertex 128.233 23.3335 2
    endloop
  endfacet
  facet normal 0 0 1
    outer loop
      vertex 127.039 23.2159 2
      vertex 128.233 23.3335 2
      vertex 128.2 24 2
    endloop
  endfacet
  facet normal -0 0 1
    outer loop
      vertex 127.154 25.5607 2
      vertex 128.331 25.3266 2
      vertex 127.344 26.3223 2
    endloop
  endfacet
  facet normal 0 0 1
    outer loop
      vertex 129.003 20.7945 2
      vertex 127.945 20.2288 2
      vertex 128.348 19.5555 2
    endloop
  endfacet
  facet normal 0 0 1
    outer loop
      vertex 128.331 25.3266 2
      vertex 127.154 25.5607 2
      vertex 128.233 24.6665 2
    endloop
  endfacet
  facet normal 0 0 1
    outer loop
      vertex 128.718 21.3978 2
      vertex 127.609 20.9385 2
      vertex 127.945 20.2288 2
    endloop
  endfacet
  facet normal -0 0 1
    outer loop
      vertex 127.039 24.7841 2
      vertex 128.233 24.6665 2
      vertex 127.154 25.5607 2
    endloop
  endfacet
  facet normal 0 0 1
    outer loop
      vertex 128.493 22.0261 2
      vertex 127.344 21.6777 2
      vertex 127.609 20.9385 2
    endloop
  endfacet
  facet normal 0 0 1
    outer loop
      vertex 128.233 24.6665 2
      vertex 127.039 24.7841 2
      vertex 128.2 24 2
    endloop
  endfacet
  facet normal 0 0 1
    outer loop
      vertex 128.331 22.6734 2
      vertex 127.154 22.4393 2
      vertex 127.344 21.6777 2
    endloop
  endfacet
  facet normal 0 0 1
    outer loop
      vertex 127 24 2
      vertex 128.2 24 2
      vertex 127.039 24.7841 2
    endloop
  endfacet
  facet normal 0 0 1
    outer loop
      vertex 128.233 23.3335 2
      vertex 127.039 23.2159 2
      vertex 127.154 22.4393 2
    endloop
  endfacet
  facet normal 0 0 1
    outer loop
      vertex 128.2 24 2
      vertex 127 24 2
      vertex 127.039 23.2159 2
    endloop
  endfacet
  facet normal 0 -0 1
    outer loop
      vertex 137 24 2
      vertex 140.374 24.5293 2
      vertex 136.932 24.5176 2
    endloop
  endfacet
  facet normal 0 0 1
    outer loop
      vertex 136.932 24.5176 2
      vertex 140.374 24.5293 2
      vertex 140.296 25.0535 2
    endloop
  endfacet
  facet normal 0 0 1
    outer loop
      vertex 140.374 24.5293 2
      vertex 137 24 2
      vertex 140.4 24 2
    endloop
  endfacet
  facet normal 0 0 1
    outer loop
      vertex 136.932 24.5176 2
      vertex 140.296 25.0535 2
      vertex 140.167 25.5675 2
    endloop
  endfacet
  facet normal 0 0 1
    outer loop
      vertex 140.4 24 2
      vertex 137 24 2
      vertex 140.374 23.4707 2
    endloop
  endfacet
  facet normal 0 0 1
    outer loop
      vertex 136.932 24.5176 2
      vertex 140.167 25.5675 2
      vertex 139.989 26.0665 2
    endloop
  endfacet
  facet normal -0 0 1
    outer loop
      vertex 136.932 23.4824 2
      vertex 140.374 23.4707 2
      vertex 137 24 2
    endloop
  endfacet
  facet normal 0 0 1
    outer loop
      vertex 136.932 24.5176 2
      vertex 139.989 26.0665 2
      vertex 139.762 26.5455 2
    endloop
  endfacet
  facet normal 0 0 1
    outer loop
      vertex 140.374 23.4707 2
      vertex 136.932 23.4824 2
      vertex 140.296 22.9465 2
    endloop
  endfacet
  facet normal 0 0 1
    outer loop
      vertex 136.932 24.5176 2
      vertex 139.49 27.0001 2
      vertex 139.337 27.2059 2
    endloop
  endfacet
  facet normal 0 0 1
    outer loop
      vertex 139.49 27.0001 2
      vertex 136.932 24.5176 2
      vertex 139.762 26.5455 2
    endloop
  endfacet
  facet normal 0 0 1
    outer loop
      vertex 140.296 22.9465 2
      vertex 136.932 23.4824 2
      vertex 140.167 22.4325 2
    endloop
  endfacet
  facet normal 0 0 1
    outer loop
      vertex 140.167 22.4325 2
      vertex 136.932 23.4824 2
      vertex 139.989 21.9335 2
    endloop
  endfacet
  facet normal -0 0 1
    outer loop
      vertex 136 22.2679 2
      vertex 138.206 19.6627 2
      vertex 136.414 22.5858 2
    endloop
  endfacet
  facet normal 0 0 1
    outer loop
      vertex 138.206 19.6627 2
      vertex 136 22.2679 2
      vertex 138 19.5101 2
    endloop
  endfacet
  facet normal 0 0 1
    outer loop
      vertex 138 19.5101 2
      vertex 136 22.2679 2
      vertex 137.546 19.2376 2
    endloop
  endfacet
  facet normal 0 0 1
    outer loop
      vertex 137.546 19.2376 2
      vertex 136 22.2679 2
      vertex 137.066 19.0111 2
    endloop
  endfacet
  facet normal -0 0 1
    outer loop
      vertex 135.518 22.0681 2
      vertex 137.066 19.0111 2
      vertex 136 22.2679 2
    endloop
  endfacet
  facet normal 0 0 1
    outer loop
      vertex 137.066 19.0111 2
      vertex 135.518 22.0681 2
      vertex 136.568 18.8325 2
    endloop
  endfacet
  facet normal 0 0 1
    outer loop
      vertex 136.568 18.8325 2
      vertex 135.518 22.0681 2
      vertex 136.053 18.7038 2
    endloop
  endfacet
  facet normal 0 0 1
    outer loop
      vertex 136.053 18.7038 2
      vertex 135.518 22.0681 2
      vertex 135.529 18.626 2
    endloop
  endfacet
  facet normal -0 0 1
    outer loop
      vertex 135 22 2
      vertex 135.529 18.626 2
      vertex 135.518 22.0681 2
    endloop
  endfacet
  facet normal 0 0 1
    outer loop
      vertex 135 22 2
      vertex 135 18.6 2
      vertex 135.529 18.626 2
    endloop
  endfacet
  facet normal 0 0 1
    outer loop
      vertex 134.471 18.626 2
      vertex 135 22 2
      vertex 134.482 22.0681 2
    endloop
  endfacet
  facet normal 0 0 1
    outer loop
      vertex 135 22 2
      vertex 134.471 18.626 2
      vertex 135 18.6 2
    endloop
  endfacet
  facet normal 0 0 1
    outer loop
      vertex 132.934 19.0111 2
      vertex 134.482 22.0681 2
      vertex 134 22.2679 2
    endloop
  endfacet
  facet normal 0 0 1
    outer loop
      vertex 134.482 22.0681 2
      vertex 133.947 18.7038 2
      vertex 134.471 18.626 2
    endloop
  endfacet
  facet normal 0 0 1
    outer loop
      vertex 131.794 19.6627 2
      vertex 134 22.2679 2
      vertex 133.586 22.5858 2
    endloop
  endfacet
  facet normal 0 0 1
    outer loop
      vertex 134.482 22.0681 2
      vertex 133.432 18.8325 2
      vertex 133.947 18.7038 2
    endloop
  endfacet
  facet normal 0 0 1
    outer loop
      vertex 130.663 20.7941 2
      vertex 133.586 22.5858 2
      vertex 133.268 23 2
    endloop
  endfacet
  facet normal 0 0 1
    outer loop
      vertex 130.663 20.7941 2
      vertex 133.268 23 2
      vertex 133.068 23.4824 2
    endloop
  endfacet
  facet normal -0 0 1
    outer loop
      vertex 130.011 26.0665 2
      vertex 133.268 25 2
      vertex 130.238 26.5455 2
    endloop
  endfacet
  facet normal 0 0 1
    outer loop
      vertex 134.482 22.0681 2
      vertex 132.934 19.0111 2
      vertex 133.432 18.8325 2
    endloop
  endfacet
  facet normal -0 0 1
    outer loop
      vertex 130.663 27.2059 2
      vertex 133.586 25.4142 2
      vertex 131.794 28.3373 2
    endloop
  endfacet
  facet normal 0 0 1
    outer loop
      vertex 133.586 25.4142 2
      vertex 130.663 27.2059 2
      vertex 133.268 25 2
    endloop
  endfacet
  facet normal 0 0 1
    outer loop
      vertex 134 22.2679 2
      vertex 132.454 19.2376 2
      vertex 132.934 19.0111 2
    endloop
  endfacet
  facet normal -0 0 1
    outer loop
      vertex 130.51 27.0001 2
      vertex 133.268 25 2
      vertex 130.663 27.2059 2
    endloop
  endfacet
  facet normal 0 0 1
    outer loop
      vertex 130.663 27.2059 2
      vertex 131.794 28.3373 2
      vertex 130.795 29.3369 2
    endloop
  endfacet
  facet normal 0 0 1
    outer loop
      vertex 134 22.2679 2
      vertex 131.794 19.6627 2
      vertex 132 19.5101 2
    endloop
  endfacet
  facet normal 0 0 1
    outer loop
      vertex 134 22.2679 2
      vertex 132 19.5101 2
      vertex 132.454 19.2376 2
    endloop
  endfacet
  facet normal -0 0 1
    outer loop
      vertex 130.238 26.5455 2
      vertex 133.268 25 2
      vertex 130.51 27.0001 2
    endloop
  endfacet
  facet normal 0 0 1
    outer loop
      vertex 133 24 2
      vertex 130.663 20.7941 2
      vertex 133.068 23.4824 2
    endloop
  endfacet
  facet normal 0 0 1
    outer loop
      vertex 145.766 34.3011 2
      vertex 144.023 31.8918 2
      vertex 144.276 31.6127 2
    endloop
  endfacet
  facet normal 0 0 1
    outer loop
      vertex 144 37.4 2
      vertex 144.9 36 2
      vertex 145.003 36.6489 2
    endloop
  endfacet
  facet normal -0 0 1
    outer loop
      vertex 144 37.4 2
      vertex 145.301 37.2343 2
      vertex 145.467 37.4 2
    endloop
  endfacet
  facet normal 0 0 1
    outer loop
      vertex 144 37.4 2
      vertex 145.003 36.6489 2
      vertex 145.301 37.2343 2
    endloop
  endfacet
  facet normal 0 0 1
    outer loop
      vertex 144.9 36 2
      vertex 144 37.4 2
      vertex 141.667 33.9776 2
    endloop
  endfacet
  facet normal 0 0 1
    outer loop
      vertex 145.003 35.3511 2
      vertex 142.892 33.0232 2
      vertex 144.023 31.8918 2
    endloop
  endfacet
  facet normal 0 0 1
    outer loop
      vertex 148.4 33 2
      vertex 146.942 25.1762 2
      vertex 147 24 2
    endloop
  endfacet
  facet normal 0 0 1
    outer loop
      vertex 148.4 33 2
      vertex 146.769 26.3411 2
      vertex 146.942 25.1762 2
    endloop
  endfacet
  facet normal 0 0 1
    outer loop
      vertex 148.4 33 2
      vertex 146.483 27.4834 2
      vertex 146.769 26.3411 2
    endloop
  endfacet
  facet normal 0 0 1
    outer loop
      vertex 144.978 30.6668 2
      vertex 147 33.9 2
      vertex 146.351 34.0028 2
    endloop
  endfacet
  facet normal 0 0 1
    outer loop
      vertex 148.4 33 2
      vertex 146.087 28.5922 2
      vertex 146.483 27.4834 2
    endloop
  endfacet
  facet normal 0 0 1
    outer loop
      vertex 144.276 31.6127 2
      vertex 146.351 34.0028 2
      vertex 145.766 34.3011 2
    endloop
  endfacet
  facet normal 0 0 1
    outer loop
      vertex 148.4 33 2
      vertex 145.583 29.6568 2
      vertex 146.087 28.5922 2
    endloop
  endfacet
  facet normal 0 0 1
    outer loop
      vertex 144.023 31.8918 2
      vertex 145.766 34.3011 2
      vertex 145.301 34.7657 2
    endloop
  endfacet
  facet normal 0 0 1
    outer loop
      vertex 144.023 31.8918 2
      vertex 145.301 34.7657 2
      vertex 145.003 35.3511 2
    endloop
  endfacet
  facet normal 0 0 1
    outer loop
      vertex 148.4 33 2
      vertex 144.978 30.6668 2
      vertex 145.583 29.6568 2
    endloop
  endfacet
  facet normal 0 0 1
    outer loop
      vertex 141.667 33.9776 2
      vertex 145.003 35.3511 2
      vertex 144.9 36 2
    endloop
  endfacet
  facet normal 0 0 1
    outer loop
      vertex 146.351 34.0028 2
      vertex 144.276 31.6127 2
      vertex 144.978 30.6668 2
    endloop
  endfacet
  facet normal -0 0 1
    outer loop
      vertex 148.234 34.3011 2
      vertex 148.4 33 2
      vertex 148.4 34.4667 2
    endloop
  endfacet
  facet normal 0 0 1
    outer loop
      vertex 148.4 33 2
      vertex 147 24 2
      vertex 148.4 15 2
    endloop
  endfacet
  facet normal -0 0 1
    outer loop
      vertex 147.649 34.0028 2
      vertex 148.4 33 2
      vertex 148.234 34.3011 2
    endloop
  endfacet
  facet normal -0 0 1
    outer loop
      vertex 147 33.9 2
      vertex 148.4 33 2
      vertex 147.649 34.0028 2
    endloop
  endfacet
  facet normal 0 0 1
    outer loop
      vertex 144.978 30.6668 2
      vertex 148.4 33 2
      vertex 147 33.9 2
    endloop
  endfacet
  facet normal -0 0 1
    outer loop
      vertex 146.942 22.8238 2
      vertex 148.4 15 2
      vertex 147 24 2
    endloop
  endfacet
  facet normal -0 0 1
    outer loop
      vertex 146.769 21.6589 2
      vertex 148.4 15 2
      vertex 146.942 22.8238 2
    endloop
  endfacet
  facet normal -0 0 1
    outer loop
      vertex 146.483 20.5166 2
      vertex 148.4 15 2
      vertex 146.769 21.6589 2
    endloop
  endfacet
  facet normal -0 0 1
    outer loop
      vertex 146.087 19.4078 2
      vertex 148.4 15 2
      vertex 146.483 20.5166 2
    endloop
  endfacet
  facet normal -0 0 1
    outer loop
      vertex 145.583 18.3432 2
      vertex 148.4 15 2
      vertex 146.087 19.4078 2
    endloop
  endfacet
  facet normal -0 0 1
    outer loop
      vertex 144.978 17.3332 2
      vertex 148.4 15 2
      vertex 145.583 18.3432 2
    endloop
  endfacet
  facet normal -0 0 1
    outer loop
      vertex 144.276 16.3873 2
      vertex 148.4 15 2
      vertex 144.978 17.3332 2
    endloop
  endfacet
  facet normal -0 0 1
    outer loop
      vertex 144.023 16.1082 2
      vertex 148.4 15 2
      vertex 144.276 16.3873 2
    endloop
  endfacet
  facet normal 0 0 1
    outer loop
      vertex 144 10.6 2
      vertex 148.4 15 2
      vertex 144.023 16.1082 2
    endloop
  endfacet
  facet normal 0 0 1
    outer loop
      vertex 148.4 15 2
      vertex 144 10.6 2
      vertex 148.4 10.6 2
    endloop
  endfacet
  facet normal 0 0 1
    outer loop
      vertex 144.023 16.1082 2
      vertex 142.892 14.9768 2
      vertex 144 10.6 2
    endloop
  endfacet
  facet normal 0 0 1
    outer loop
      vertex 142.892 14.9768 2
      vertex 144.023 16.1082 2
      vertex 143.033 17.0981 2
    endloop
  endfacet
  facet normal -0 0 1
    outer loop
      vertex 148.4 33 2
      vertex 150 15 2
      vertex 150 33 2
    endloop
  endfacet
  facet normal 0 0 1
    outer loop
      vertex 150 15 2
      vertex 148.4 33 2
      vertex 148.4 15 2
    endloop
  endfacet
  facet normal -0 0 1
    outer loop
      vertex 176.828 51.1716 2
      vertex 194.902 51 2
      vertex 177.464 52 2
    endloop
  endfacet
  facet normal 0 0 1
    outer loop
      vertex 195.379 50.3787 2
      vertex 177.864 20.0353 2
      vertex 178 19 2
    endloop
  endfacet
  facet normal 0 0 1
    outer loop
      vertex 194.902 51 2
      vertex 176.828 51.1716 2
      vertex 195.379 50.3787 2
    endloop
  endfacet
  facet normal 0 0 1
    outer loop
      vertex 195.379 50.3787 2
      vertex 177.464 21 2
      vertex 177.864 20.0353 2
    endloop
  endfacet
  facet normal -0 0 1
    outer loop
      vertex 176 50.5359 2
      vertex 195.379 50.3787 2
      vertex 176.828 51.1716 2
    endloop
  endfacet
  facet normal 0 0 1
    outer loop
      vertex 195.379 50.3787 2
      vertex 176.828 21.8284 2
      vertex 177.464 21 2
    endloop
  endfacet
  facet normal 0 0 1
    outer loop
      vertex 176 22.4641 2
      vertex 195.379 50.3787 2
      vertex 176 50.5359 2
    endloop
  endfacet
  facet normal 0 0 1
    outer loop
      vertex 195.379 50.3787 2
      vertex 176 22.4641 2
      vertex 176.828 21.8284 2
    endloop
  endfacet
  facet normal -0 0 1
    outer loop
      vertex 175.035 50.1363 2
      vertex 176 22.4641 2
      vertex 176 50.5359 2
    endloop
  endfacet
  facet normal 0 0 1
    outer loop
      vertex 175.035 50.1363 2
      vertex 175.035 22.8637 2
      vertex 176 22.4641 2
    endloop
  endfacet
  facet normal -0 0 1
    outer loop
      vertex 174 50 2
      vertex 175.035 22.8637 2
      vertex 175.035 50.1363 2
    endloop
  endfacet
  facet normal 0 0 1
    outer loop
      vertex 174 50 2
      vertex 174 23 2
      vertex 175.035 22.8637 2
    endloop
  endfacet
  facet normal 0 0 1
    outer loop
      vertex 172.965 50.1363 2
      vertex 174 23 2
      vertex 174 50 2
    endloop
  endfacet
  facet normal 0 0 1
    outer loop
      vertex 172.965 50.1363 2
      vertex 172.965 22.8637 2
      vertex 174 23 2
    endloop
  endfacet
  facet normal 0 0 1
    outer loop
      vertex 172 50.5359 2
      vertex 172.965 22.8637 2
      vertex 172.965 50.1363 2
    endloop
  endfacet
  facet normal 0 0 1
    outer loop
      vertex 172 50.5359 2
      vertex 172 22.4641 2
      vertex 172.965 22.8637 2
    endloop
  endfacet
  facet normal 0 0 1
    outer loop
      vertex 151.5 41 2
      vertex 172 50.5359 2
      vertex 171.172 51.1716 2
    endloop
  endfacet
  facet normal 0 0 1
    outer loop
      vertex 172 50.5359 2
      vertex 151.5 41 2
      vertex 172 22.4641 2
    endloop
  endfacet
  facet normal 0 0 1
    outer loop
      vertex 151.5 41 2
      vertex 171.172 51.1716 2
      vertex 170.536 52 2
    endloop
  endfacet
  facet normal -0 0 1
    outer loop
      vertex 150 33 2
      vertex 172 22.4641 2
      vertex 151.5 41 2
    endloop
  endfacet
  facet normal 0 0 1
    outer loop
      vertex 151.5 41 2
      vertex 170.536 52 2
      vertex 170.136 52.9647 2
    endloop
  endfacet
  facet normal 0 0 1
    outer loop
      vertex 172 22.4641 2
      vertex 150 33 2
      vertex 171.172 21.8284 2
    endloop
  endfacet
  facet normal 0 0 1
    outer loop
      vertex 151.5 59 2
      vertex 170.136 52.9647 2
      vertex 170 54 2
    endloop
  endfacet
  facet normal 0 0 1
    outer loop
      vertex 171.172 21.8284 2
      vertex 150 33 2
      vertex 170.536 21 2
    endloop
  endfacet
  facet normal 0 0 1
    outer loop
      vertex 244.402 51 2
      vertex 200.098 51 2
      vertex 244.402 16 2
    endloop
  endfacet
  facet normal 0 0 1
    outer loop
      vertex 244.402 16 2
      vertex 200.398 15.2765 2
      vertex 200.5 14.5 2
    endloop
  endfacet
  facet normal 0 0 1
    outer loop
      vertex 200.098 16 2
      vertex 244.402 16 2
      vertex 200.098 51 2
    endloop
  endfacet
  facet normal 0 0 1
    outer loop
      vertex 244.402 16 2
      vertex 200.098 16 2
      vertex 200.398 15.2765 2
    endloop
  endfacet
  facet normal -0 0 1
    outer loop
      vertex 199.621 50.3787 2
      vertex 200.098 16 2
      vertex 200.098 51 2
    endloop
  endfacet
  facet normal 0 0 1
    outer loop
      vertex 199.621 50.3787 2
      vertex 199.621 16.6213 2
      vertex 200.098 16 2
    endloop
  endfacet
  facet normal -0 0 1
    outer loop
      vertex 199 49.9019 2
      vertex 199.621 16.6213 2
      vertex 199.621 50.3787 2
    endloop
  endfacet
  facet normal 0 0 1
    outer loop
      vertex 199 49.9019 2
      vertex 199 17.0981 2
      vertex 199.621 16.6213 2
    endloop
  endfacet
  facet normal -0 0 1
    outer loop
      vertex 198.276 49.6022 2
      vertex 199 17.0981 2
      vertex 199 49.9019 2
    endloop
  endfacet
  facet normal 0 0 1
    outer loop
      vertex 198.276 49.6022 2
      vertex 198.276 17.3978 2
      vertex 199 17.0981 2
    endloop
  endfacet
  facet normal -0 0 1
    outer loop
      vertex 197.5 49.5 2
      vertex 198.276 17.3978 2
      vertex 198.276 49.6022 2
    endloop
  endfacet
  facet normal 0 0 1
    outer loop
      vertex 197.5 49.5 2
      vertex 197.5 17.5 2
      vertex 198.276 17.3978 2
    endloop
  endfacet
  facet normal 0 0 1
    outer loop
      vertex 196.724 49.6022 2
      vertex 197.5 17.5 2
      vertex 197.5 49.5 2
    endloop
  endfacet
  facet normal 0 0 1
    outer loop
      vertex 196.724 49.6022 2
      vertex 196.724 17.3978 2
      vertex 197.5 17.5 2
    endloop
  endfacet
  facet normal 0 0 1
    outer loop
      vertex 196 49.9019 2
      vertex 196.724 17.3978 2
      vertex 196.724 49.6022 2
    endloop
  endfacet
  facet normal 0 0 1
    outer loop
      vertex 196 49.9019 2
      vertex 196 17.0981 2
      vertex 196.724 17.3978 2
    endloop
  endfacet
  facet normal 0 0 1
    outer loop
      vertex 178 19 2
      vertex 196 49.9019 2
      vertex 195.379 50.3787 2
    endloop
  endfacet
  facet normal 0 0 1
    outer loop
      vertex 196 49.9019 2
      vertex 178 19 2
      vertex 196 17.0981 2
    endloop
  endfacet
  facet normal -0 0 1
    outer loop
      vertex 177.464 52 2
      vertex 194.602 51.7235 2
      vertex 177.864 52.9647 2
    endloop
  endfacet
  facet normal 0 0 1
    outer loop
      vertex 196 17.0981 2
      vertex 178 19 2
      vertex 195.379 16.6213 2
    endloop
  endfacet
  facet normal 0 0 1
    outer loop
      vertex 194.5 52.5 2
      vertex 177.864 52.9647 2
      vertex 194.602 51.7235 2
    endloop
  endfacet
  facet normal 0 0 1
    outer loop
      vertex 195.379 16.6213 2
      vertex 178 19 2
      vertex 194.902 16 2
    endloop
  endfacet
  facet normal -0 0 1
    outer loop
      vertex 177.864 52.9647 2
      vertex 194.5 52.5 2
      vertex 178 54 2
    endloop
  endfacet
  facet normal 0 0 1
    outer loop
      vertex 194.902 16 2
      vertex 178 19 2
      vertex 194.602 15.2765 2
    endloop
  endfacet
  facet normal 0 0 1
    outer loop
      vertex 273 69 2
      vertex 249.598 51 2
      vertex 273 4 2
    endloop
  endfacet
  facet normal 0 0 1
    outer loop
      vertex 273 4 2
      vertex 249.898 15.2765 2
      vertex 250 14.5 2
    endloop
  endfacet
  facet normal -0 0 1
    outer loop
      vertex 249.598 16 2
      vertex 273 4 2
      vertex 249.598 51 2
    endloop
  endfacet
  facet normal 0 0 1
    outer loop
      vertex 273 4 2
      vertex 249.598 16 2
      vertex 249.898 15.2765 2
    endloop
  endfacet
  facet normal -0 0 1
    outer loop
      vertex 249.121 50.3787 2
      vertex 249.598 16 2
      vertex 249.598 51 2
    endloop
  endfacet
  facet normal 0 0 1
    outer loop
      vertex 249.121 50.3787 2
      vertex 249.121 16.6213 2
      vertex 249.598 16 2
    endloop
  endfacet
  facet normal -0 0 1
    outer loop
      vertex 248.5 49.9019 2
      vertex 249.121 16.6213 2
      vertex 249.121 50.3787 2
    endloop
  endfacet
  facet normal 0 0 1
    outer loop
      vertex 248.5 49.9019 2
      vertex 248.5 17.0981 2
      vertex 249.121 16.6213 2
    endloop
  endfacet
  facet normal -0 0 1
    outer loop
      vertex 247.776 49.6022 2
      vertex 248.5 17.0981 2
      vertex 248.5 49.9019 2
    endloop
  endfacet
  facet normal 0 0 1
    outer loop
      vertex 247.776 49.6022 2
      vertex 247.776 17.3978 2
      vertex 248.5 17.0981 2
    endloop
  endfacet
  facet normal -0 0 1
    outer loop
      vertex 247 49.5 2
      vertex 247.776 17.3978 2
      vertex 247.776 49.6022 2
    endloop
  endfacet
  facet normal 0 0 1
    outer loop
      vertex 247 49.5 2
      vertex 247 17.5 2
      vertex 247.776 17.3978 2
    endloop
  endfacet
  facet normal 0 0 1
    outer loop
      vertex 246.224 49.6022 2
      vertex 247 17.5 2
      vertex 247 49.5 2
    endloop
  endfacet
  facet normal 0 0 1
    outer loop
      vertex 246.224 49.6022 2
      vertex 246.224 17.3978 2
      vertex 247 17.5 2
    endloop
  endfacet
  facet normal 0 0 1
    outer loop
      vertex 245.5 49.9019 2
      vertex 246.224 17.3978 2
      vertex 246.224 49.6022 2
    endloop
  endfacet
  facet normal 0 0 1
    outer loop
      vertex 245.5 49.9019 2
      vertex 245.5 17.0981 2
      vertex 246.224 17.3978 2
    endloop
  endfacet
  facet normal 0 0 1
    outer loop
      vertex 244.879 50.3787 2
      vertex 245.5 17.0981 2
      vertex 245.5 49.9019 2
    endloop
  endfacet
  facet normal 0 0 1
    outer loop
      vertex 244.879 50.3787 2
      vertex 244.879 16.6213 2
      vertex 245.5 17.0981 2
    endloop
  endfacet
  facet normal 0 0 1
    outer loop
      vertex 244.402 51 2
      vertex 244.879 16.6213 2
      vertex 244.879 50.3787 2
    endloop
  endfacet
  facet normal 0 0 1
    outer loop
      vertex 244.402 51 2
      vertex 244.402 16 2
      vertex 244.879 16.6213 2
    endloop
  endfacet
  facet normal 0 0 1
    outer loop
      vertex 200.398 51.7235 2
      vertex 244.102 51.7235 2
      vertex 200.5 52.5 2
    endloop
  endfacet
  facet normal 0 0 1
    outer loop
      vertex 244.102 51.7235 2
      vertex 200.398 51.7235 2
      vertex 244.402 51 2
    endloop
  endfacet
  facet normal -0 0 1
    outer loop
      vertex 200.5 52.5 2
      vertex 244.102 51.7235 2
      vertex 244 52.5 2
    endloop
  endfacet
  facet normal 0 0 1
    outer loop
      vertex 200.098 51 2
      vertex 244.402 51 2
      vertex 200.398 51.7235 2
    endloop
  endfacet
  facet normal 0 0 1
    outer loop
      vertex 269.482 72.9708 2
      vertex 273 69 2
      vertex 272.542 70.8589 2
    endloop
  endfacet
  facet normal 0 0 1
    outer loop
      vertex 249.898 51.7235 2
      vertex 273 69 2
      vertex 250 52.5 2
    endloop
  endfacet
  facet normal 0 0 1
    outer loop
      vertex 269.482 72.9708 2
      vertex 272.542 70.8589 2
      vertex 271.272 72.2919 2
    endloop
  endfacet
  facet normal 0 0 1
    outer loop
      vertex 249.598 51 2
      vertex 273 69 2
      vertex 249.898 51.7235 2
    endloop
  endfacet
  facet normal 0 0 1
    outer loop
      vertex 273 69 2
      vertex 269.482 72.9708 2
      vertex 249.598 54 2
    endloop
  endfacet
  facet normal -0 0 1
    outer loop
      vertex 249.898 13.7235 2
      vertex 273 4 2
      vertex 250 14.5 2
    endloop
  endfacet
  facet normal 0 -0 1
    outer loop
      vertex 269.482 0.0291643 2
      vertex 273 4 2
      vertex 249.898 13.7235 2
    endloop
  endfacet
  facet normal 0 0 1
    outer loop
      vertex 273 69 2
      vertex 249.898 53.2765 2
      vertex 250 52.5 2
    endloop
  endfacet
  facet normal 0 0 1
    outer loop
      vertex 273 69 2
      vertex 249.598 54 2
      vertex 249.898 53.2765 2
    endloop
  endfacet
  facet normal 0 0 1
    outer loop
      vertex 269.482 72.9708 2
      vertex 249.121 54.6213 2
      vertex 249.598 54 2
    endloop
  endfacet
  facet normal 0 0 1
    outer loop
      vertex 269.482 72.9708 2
      vertex 248.5 55.0981 2
      vertex 249.121 54.6213 2
    endloop
  endfacet
  facet normal 0 0 1
    outer loop
      vertex 269.482 72.9708 2
      vertex 247.776 55.3978 2
      vertex 248.5 55.0981 2
    endloop
  endfacet
  facet normal 0 0 1
    outer loop
      vertex 269.482 72.9708 2
      vertex 247 55.5 2
      vertex 247.776 55.3978 2
    endloop
  endfacet
  facet normal 0 0 1
    outer loop
      vertex 269.482 72.9708 2
      vertex 246.224 55.3978 2
      vertex 247 55.5 2
    endloop
  endfacet
  facet normal 0 0 1
    outer loop
      vertex 269.482 72.9708 2
      vertex 245.5 55.0981 2
      vertex 246.224 55.3978 2
    endloop
  endfacet
  facet normal 0 0 1
    outer loop
      vertex 244.402 16 2
      vertex 200.5 14.5 2
      vertex 244.102 15.2765 2
    endloop
  endfacet
  facet normal 0 0 1
    outer loop
      vertex 244.102 53.2765 2
      vertex 200.5 52.5 2
      vertex 244 52.5 2
    endloop
  endfacet
  facet normal 0 0 1
    outer loop
      vertex 200.398 53.2765 2
      vertex 244.102 53.2765 2
      vertex 244.402 54 2
    endloop
  endfacet
  facet normal 0 0 1
    outer loop
      vertex 200.098 54 2
      vertex 244.402 54 2
      vertex 244.879 54.6213 2
    endloop
  endfacet
  facet normal 0 0 1
    outer loop
      vertex 199.621 54.6213 2
      vertex 244.879 54.6213 2
      vertex 245.5 55.0981 2
    endloop
  endfacet
  facet normal 0 0 1
    outer loop
      vertex 199 55.0981 2
      vertex 245.5 55.0981 2
      vertex 269.482 72.9708 2
    endloop
  endfacet
  facet normal 0 0 1
    outer loop
      vertex 244.102 53.2765 2
      vertex 200.398 53.2765 2
      vertex 200.5 52.5 2
    endloop
  endfacet
  facet normal 0 0 1
    outer loop
      vertex 244.402 54 2
      vertex 200.098 54 2
      vertex 200.398 53.2765 2
    endloop
  endfacet
  facet normal 0 0 1
    outer loop
      vertex 244.879 54.6213 2
      vertex 199.621 54.6213 2
      vertex 200.098 54 2
    endloop
  endfacet
  facet normal 0 0 1
    outer loop
      vertex 245.5 55.0981 2
      vertex 199 55.0981 2
      vertex 199.621 54.6213 2
    endloop
  endfacet
  facet normal 0 0 1
    outer loop
      vertex 269.482 72.9708 2
      vertex 198.276 55.3978 2
      vertex 199 55.0981 2
    endloop
  endfacet
  facet normal 0 0 1
    outer loop
      vertex 269.482 72.9708 2
      vertex 197.5 55.5 2
      vertex 198.276 55.3978 2
    endloop
  endfacet
  facet normal -0 0 1
    outer loop
      vertex 175.035 57.8637 2
      vertex 197.5 55.5 2
      vertex 269.482 72.9708 2
    endloop
  endfacet
  facet normal 0 0 1
    outer loop
      vertex 194.602 51.7235 2
      vertex 177.464 52 2
      vertex 194.902 51 2
    endloop
  endfacet
  facet normal 0 0 1
    outer loop
      vertex 194.602 53.2765 2
      vertex 178 54 2
      vertex 194.5 52.5 2
    endloop
  endfacet
  facet normal 0 0 1
    outer loop
      vertex 177.864 55.0353 2
      vertex 194.602 53.2765 2
      vertex 194.902 54 2
    endloop
  endfacet
  facet normal 0 0 1
    outer loop
      vertex 177.464 56 2
      vertex 194.902 54 2
      vertex 195.379 54.6213 2
    endloop
  endfacet
  facet normal 0 0 1
    outer loop
      vertex 176.828 56.8284 2
      vertex 195.379 54.6213 2
      vertex 196 55.0981 2
    endloop
  endfacet
  facet normal 0 0 1
    outer loop
      vertex 176 57.4641 2
      vertex 196 55.0981 2
      vertex 196.724 55.3978 2
    endloop
  endfacet
  facet normal 0 0 1
    outer loop
      vertex 197.5 55.5 2
      vertex 175.035 57.8637 2
      vertex 196.724 55.3978 2
    endloop
  endfacet
  facet normal 0 0 1
    outer loop
      vertex 194.602 53.2765 2
      vertex 177.864 55.0353 2
      vertex 178 54 2
    endloop
  endfacet
  facet normal 0 0 1
    outer loop
      vertex 194.902 54 2
      vertex 177.464 56 2
      vertex 177.864 55.0353 2
    endloop
  endfacet
  facet normal 0 0 1
    outer loop
      vertex 195.379 54.6213 2
      vertex 176.828 56.8284 2
      vertex 177.464 56 2
    endloop
  endfacet
  facet normal 0 0 1
    outer loop
      vertex 196 55.0981 2
      vertex 176 57.4641 2
      vertex 176.828 56.8284 2
    endloop
  endfacet
  facet normal 0 0 1
    outer loop
      vertex 196.724 55.3978 2
      vertex 175.035 57.8637 2
      vertex 176 57.4641 2
    endloop
  endfacet
  facet normal 0 0 1
    outer loop
      vertex 269.482 72.9708 2
      vertex 174 58 2
      vertex 175.035 57.8637 2
    endloop
  endfacet
  facet normal -0 0 1
    outer loop
      vertex 151.5 59 2
      vertex 174 58 2
      vertex 269.482 72.9708 2
    endloop
  endfacet
  facet normal 0 0 1
    outer loop
      vertex 170.136 52.9647 2
      vertex 151.5 59 2
      vertex 151.5 41 2
    endloop
  endfacet
  facet normal 0 0 1
    outer loop
      vertex 170.136 55.0353 2
      vertex 151.5 59 2
      vertex 170 54 2
    endloop
  endfacet
  facet normal 0 0 1
    outer loop
      vertex 170.536 56 2
      vertex 151.5 59 2
      vertex 170.136 55.0353 2
    endloop
  endfacet
  facet normal 0 0 1
    outer loop
      vertex 171.172 56.8284 2
      vertex 151.5 59 2
      vertex 170.536 56 2
    endloop
  endfacet
  facet normal 0 0 1
    outer loop
      vertex 172 57.4641 2
      vertex 151.5 59 2
      vertex 171.172 56.8284 2
    endloop
  endfacet
  facet normal 0 0 1
    outer loop
      vertex 172.965 57.8637 2
      vertex 151.5 59 2
      vertex 172 57.4641 2
    endloop
  endfacet
  facet normal 0 0 1
    outer loop
      vertex 174 58 2
      vertex 151.5 59 2
      vertex 172.965 57.8637 2
    endloop
  endfacet
  facet normal 0 0 1
    outer loop
      vertex 269.482 72.9708 2
      vertex 150 59 2
      vertex 151.5 59 2
    endloop
  endfacet
  facet normal 0 0 1
    outer loop
      vertex 144 39 2
      vertex 150 41 2
      vertex 150 59 2
    endloop
  endfacet
  facet normal 0 0 1
    outer loop
      vertex 150 41 2
      vertex 144 39 2
      vertex 150 39 2
    endloop
  endfacet
  facet normal 0 0 1
    outer loop
      vertex 139.592 35.0865 2
      vertex 144 37.4 2
      vertex 144 39 2
    endloop
  endfacet
  facet normal 0 0 1
    outer loop
      vertex 144.023 31.8918 2
      vertex 142.892 33.0232 2
      vertex 143.033 30.9019 2
    endloop
  endfacet
  facet normal 0 0 1
    outer loop
      vertex 145.003 35.3511 2
      vertex 142.613 33.2761 2
      vertex 142.892 33.0232 2
    endloop
  endfacet
  facet normal 0 0 1
    outer loop
      vertex 145.003 35.3511 2
      vertex 141.667 33.9776 2
      vertex 142.613 33.2761 2
    endloop
  endfacet
  facet normal -0 0 1
    outer loop
      vertex 120 47.5 2
      vertex 144 39 2
      vertex 150 59 2
    endloop
  endfacet
  facet normal 0 0 1
    outer loop
      vertex 144 37.4 2
      vertex 140.657 34.5831 2
      vertex 141.667 33.9776 2
    endloop
  endfacet
  facet normal 0 0 1
    outer loop
      vertex 144 37.4 2
      vertex 139.592 35.0865 2
      vertex 140.657 34.5831 2
    endloop
  endfacet
  facet normal 0 0 1
    outer loop
      vertex 144 39 2
      vertex 138.483 35.4833 2
      vertex 139.592 35.0865 2
    endloop
  endfacet
  facet normal 0 0 1
    outer loop
      vertex 144 39 2
      vertex 137.341 35.7694 2
      vertex 138.483 35.4833 2
    endloop
  endfacet
  facet normal 0 0 1
    outer loop
      vertex 144 39 2
      vertex 136.176 35.9422 2
      vertex 137.341 35.7694 2
    endloop
  endfacet
  facet normal 0 0 1
    outer loop
      vertex 144 39 2
      vertex 135 36 2
      vertex 136.176 35.9422 2
    endloop
  endfacet
  facet normal 0 0 1
    outer loop
      vertex 144 39 2
      vertex 126 39 2
      vertex 135 36 2
    endloop
  endfacet
  facet normal 0 0 1
    outer loop
      vertex 135 36 2
      vertex 126 39 2
      vertex 133.824 35.9422 2
    endloop
  endfacet
  facet normal 0 0 1
    outer loop
      vertex 133.824 35.9422 2
      vertex 126 39 2
      vertex 132.659 35.7694 2
    endloop
  endfacet
  facet normal 0 0 1
    outer loop
      vertex 132.659 35.7694 2
      vertex 126 39 2
      vertex 131.517 35.4833 2
    endloop
  endfacet
  facet normal 0 0 1
    outer loop
      vertex 131.517 35.4833 2
      vertex 126 39 2
      vertex 130.408 35.0865 2
    endloop
  endfacet
  facet normal -0 0 1
    outer loop
      vertex 126 37.4 2
      vertex 130.408 35.0865 2
      vertex 126 39 2
    endloop
  endfacet
  facet normal 0 0 1
    outer loop
      vertex 130.408 35.0865 2
      vertex 126 37.4 2
      vertex 129.343 34.5831 2
    endloop
  endfacet
  facet normal 0 0 1
    outer loop
      vertex 129.343 34.5831 2
      vertex 126 37.4 2
      vertex 128.333 33.9776 2
    endloop
  endfacet
  facet normal 0 0 1
    outer loop
      vertex 127.387 33.2761 2
      vertex 126 37.4 2
      vertex 127.108 33.0232 2
    endloop
  endfacet
  facet normal 0 0 1
    outer loop
      vertex 128.333 33.9776 2
      vertex 126 37.4 2
      vertex 127.387 33.2761 2
    endloop
  endfacet
  facet normal 0 0 1
    outer loop
      vertex 120 47.5 2
      vertex 150 59 2
      vertex 120 59 2
    endloop
  endfacet
  facet normal -0 0 1
    outer loop
      vertex 40.2725 67.8776 2
      vertex 150 59 2
      vertex 269.482 72.9708 2
    endloop
  endfacet
  facet normal 0 0 1
    outer loop
      vertex 150 59 2
      vertex 40.2725 67.8776 2
      vertex 120 59 2
    endloop
  endfacet
  facet normal -0 0 1
    outer loop
      vertex 103 54 2
      vertex 118.5 47.5 2
      vertex 118.5 59 2
    endloop
  endfacet
  facet normal -0 0 1
    outer loop
      vertex 102.864 52.9647 2
      vertex 118.5 47.5 2
      vertex 103 54 2
    endloop
  endfacet
  facet normal 0 0 1
    outer loop
      vertex 118.5 59 2
      vertex 102.864 55.0353 2
      vertex 103 54 2
    endloop
  endfacet
  facet normal 0 0 1
    outer loop
      vertex 118.5 59 2
      vertex 102.464 56 2
      vertex 102.864 55.0353 2
    endloop
  endfacet
  facet normal 0 0 1
    outer loop
      vertex 118.5 59 2
      vertex 101.828 56.8284 2
      vertex 102.464 56 2
    endloop
  endfacet
  facet normal 0 0 1
    outer loop
      vertex 118.5 59 2
      vertex 101 57.4641 2
      vertex 101.828 56.8284 2
    endloop
  endfacet
  facet normal 0 0 1
    outer loop
      vertex 120 59 2
      vertex 40.2725 67.8776 2
      vertex 118.5 59 2
    endloop
  endfacet
  facet normal 0 0 1
    outer loop
      vertex 118.5 59 2
      vertex 100.035 57.8637 2
      vertex 101 57.4641 2
    endloop
  endfacet
  facet normal 0 0 1
    outer loop
      vertex 118.5 59 2
      vertex 99 58 2
      vertex 100.035 57.8637 2
    endloop
  endfacet
  facet normal 0 0 1
    outer loop
      vertex 69.5 33 2
      vertex 95.5 33 2
      vertex 69.5 39 2
    endloop
  endfacet
  facet normal 0 0 1
    outer loop
      vertex 95.1363 55.0353 2
      vertex 69.5 40.5 2
      vertex 95 54 2
    endloop
  endfacet
  facet normal 0 0 1
    outer loop
      vertex 95.5359 56 2
      vertex 69.5 40.5 2
      vertex 95.1363 55.0353 2
    endloop
  endfacet
  facet normal 0 0 1
    outer loop
      vertex 41.8776 66.2725 2
      vertex 95.5359 56 2
      vertex 96.1716 56.8284 2
    endloop
  endfacet
  facet normal 0 0 1
    outer loop
      vertex 41.5225 66.9695 2
      vertex 96.1716 56.8284 2
      vertex 97 57.4641 2
    endloop
  endfacet
  facet normal 0 0 1
    outer loop
      vertex 95.5359 56 2
      vertex 42 65.5 2
      vertex 69.5 40.5 2
    endloop
  endfacet
  facet normal -0 0 1
    outer loop
      vertex 41.8776 64.7275 2
      vertex 60.5 40.5 2
      vertex 42 65.5 2
    endloop
  endfacet
  facet normal -0 0 1
    outer loop
      vertex 41.5225 64.0305 2
      vertex 60.5 40.5 2
      vertex 41.8776 64.7275 2
    endloop
  endfacet
  facet normal -0 0 1
    outer loop
      vertex 40.9695 63.4775 2
      vertex 60.5 40.5 2
      vertex 41.5225 64.0305 2
    endloop
  endfacet
  facet normal 0 0 1
    outer loop
      vertex 69.5 40.5 2
      vertex 42 65.5 2
      vertex 60.5 40.5 2
    endloop
  endfacet
  facet normal 0 0 1
    outer loop
      vertex 40.9695 67.5225 2
      vertex 97 57.4641 2
      vertex 97.9647 57.8637 2
    endloop
  endfacet
  facet normal 0 0 1
    outer loop
      vertex 40.9695 67.5225 2
      vertex 97.9647 57.8637 2
      vertex 99 58 2
    endloop
  endfacet
  facet normal 0 0 1
    outer loop
      vertex 118.5 59 2
      vertex 40.2725 67.8776 2
      vertex 99 58 2
    endloop
  endfacet
  facet normal 0 0 1
    outer loop
      vertex 95.5359 56 2
      vertex 41.8776 66.2725 2
      vertex 42 65.5 2
    endloop
  endfacet
  facet normal 0 0 1
    outer loop
      vertex 96.1716 56.8284 2
      vertex 41.5225 66.9695 2
      vertex 41.8776 66.2725 2
    endloop
  endfacet
  facet normal 0 0 1
    outer loop
      vertex 97 57.4641 2
      vertex 40.9695 67.5225 2
      vertex 41.5225 66.9695 2
    endloop
  endfacet
  facet normal 0 0 1
    outer loop
      vertex 99 58 2
      vertex 40.2725 67.8776 2
      vertex 40.9695 67.5225 2
    endloop
  endfacet
  facet normal 0 0 1
    outer loop
      vertex 269.482 72.9708 2
      vertex 39.5 68 2
      vertex 40.2725 67.8776 2
    endloop
  endfacet
  facet normal 0 0 1
    outer loop
      vertex 37.4775 6.96946 2
      vertex 17 5.5 2
      vertex 37.1224 6.27254 2
    endloop
  endfacet
  facet normal 0 0 1
    outer loop
      vertex 37.1224 66.2725 2
      vertex 17 65.5 2
      vertex 37 65.5 2
    endloop
  endfacet
  facet normal 0 0 1
    outer loop
      vertex 16.8776 66.2725 2
      vertex 37.1224 66.2725 2
      vertex 37.4775 66.9695 2
    endloop
  endfacet
  facet normal 0 0 1
    outer loop
      vertex 16.5225 66.9695 2
      vertex 37.4775 66.9695 2
      vertex 38.0305 67.5225 2
    endloop
  endfacet
  facet normal 0 0 1
    outer loop
      vertex 15.9695 67.5225 2
      vertex 38.0305 67.5225 2
      vertex 38.7275 67.8776 2
    endloop
  endfacet
  facet normal 0 0 1
    outer loop
      vertex 4.48215 72.9708 2
      vertex 38.7275 67.8776 2
      vertex 39.5 68 2
    endloop
  endfacet
  facet normal 0 0 1
    outer loop
      vertex 37.1224 66.2725 2
      vertex 16.8776 66.2725 2
      vertex 17 65.5 2
    endloop
  endfacet
  facet normal 0 0 1
    outer loop
      vertex 37.4775 66.9695 2
      vertex 16.5225 66.9695 2
      vertex 16.8776 66.2725 2
    endloop
  endfacet
  facet normal 0 0 1
    outer loop
      vertex 38.0305 67.5225 2
      vertex 15.9695 67.5225 2
      vertex 16.5225 66.9695 2
    endloop
  endfacet
  facet normal -0 0 1
    outer loop
      vertex 4.48215 72.9708 2
      vertex 39.5 68 2
      vertex 269.482 72.9708 2
    endloop
  endfacet
  facet normal 0 0 1
    outer loop
      vertex 38.7275 67.8776 2
      vertex 15.2725 67.8776 2
      vertex 15.9695 67.5225 2
    endloop
  endfacet
  facet normal 0 0 1
    outer loop
      vertex 38.7275 67.8776 2
      vertex 4.48215 72.9708 2
      vertex 15.2725 67.8776 2
    endloop
  endfacet
  facet normal -0 0 1
    outer loop
      vertex 0.116232 69.9573 2
      vertex 12 65.5 2
      vertex 4.48215 72.9708 2
    endloop
  endfacet
  facet normal 0 0 1
    outer loop
      vertex 12.1224 66.2725 2
      vertex 4.48215 72.9708 2
      vertex 12 65.5 2
    endloop
  endfacet
  facet normal 0 0 1
    outer loop
      vertex 12.4775 66.9695 2
      vertex 4.48215 72.9708 2
      vertex 12.1224 66.2725 2
    endloop
  endfacet
  facet normal 0 0 1
    outer loop
      vertex 13.0305 67.5225 2
      vertex 4.48215 72.9708 2
      vertex 12.4775 66.9695 2
    endloop
  endfacet
  facet normal 0 0 1
    outer loop
      vertex 13.7275 67.8776 2
      vertex 4.48215 72.9708 2
      vertex 13.0305 67.5225 2
    endloop
  endfacet
  facet normal 0 0 1
    outer loop
      vertex 14.5 68 2
      vertex 4.48215 72.9708 2
      vertex 13.7275 67.8776 2
    endloop
  endfacet
  facet normal 0 0 1
    outer loop
      vertex 15.2725 67.8776 2
      vertex 4.48215 72.9708 2
      vertex 14.5 68 2
    endloop
  endfacet
  facet normal 0 0 1
    outer loop
      vertex 272.542 2.14111 2
      vertex 269.482 0.0291643 2
      vertex 271.272 0.708064 2
    endloop
  endfacet
  facet normal 0 0 1
    outer loop
      vertex 273 4 2
      vertex 269.482 0.0291643 2
      vertex 272.542 2.14111 2
    endloop
  endfacet
  facet normal -0 0 1
    outer loop
      vertex 249.598 13 2
      vertex 269.482 0.0291643 2
      vertex 249.898 13.7235 2
    endloop
  endfacet
  facet normal -0 0 1
    outer loop
      vertex 249.121 12.3787 2
      vertex 269.482 0.0291643 2
      vertex 249.598 13 2
    endloop
  endfacet
  facet normal -0 0 1
    outer loop
      vertex 248.5 11.9019 2
      vertex 269.482 0.0291643 2
      vertex 249.121 12.3787 2
    endloop
  endfacet
  facet normal -0 0 1
    outer loop
      vertex 247.776 11.6022 2
      vertex 269.482 0.0291643 2
      vertex 248.5 11.9019 2
    endloop
  endfacet
  facet normal -0 0 1
    outer loop
      vertex 247 11.5 2
      vertex 269.482 0.0291643 2
      vertex 247.776 11.6022 2
    endloop
  endfacet
  facet normal 0 0 1
    outer loop
      vertex 246.224 11.6022 2
      vertex 269.482 0.0291643 2
      vertex 247 11.5 2
    endloop
  endfacet
  facet normal 0 0 1
    outer loop
      vertex 198.276 11.6022 2
      vertex 246.224 11.6022 2
      vertex 245.5 11.9019 2
    endloop
  endfacet
  facet normal 0 0 1
    outer loop
      vertex 244.102 15.2765 2
      vertex 200.5 14.5 2
      vertex 244 14.5 2
    endloop
  endfacet
  facet normal 0 0 1
    outer loop
      vertex 244 14.5 2
      vertex 200.5 14.5 2
      vertex 244.102 13.7235 2
    endloop
  endfacet
  facet normal 0 0 1
    outer loop
      vertex 200.398 13.7235 2
      vertex 244.102 13.7235 2
      vertex 200.5 14.5 2
    endloop
  endfacet
  facet normal 0 0 1
    outer loop
      vertex 244.102 13.7235 2
      vertex 200.398 13.7235 2
      vertex 244.402 13 2
    endloop
  endfacet
  facet normal 0 0 1
    outer loop
      vertex 200.098 13 2
      vertex 244.402 13 2
      vertex 200.398 13.7235 2
    endloop
  endfacet
  facet normal 0 0 1
    outer loop
      vertex 244.402 13 2
      vertex 200.098 13 2
      vertex 244.879 12.3787 2
    endloop
  endfacet
  facet normal 0 0 1
    outer loop
      vertex 199.621 12.3787 2
      vertex 244.879 12.3787 2
      vertex 200.098 13 2
    endloop
  endfacet
  facet normal 0 0 1
    outer loop
      vertex 244.879 12.3787 2
      vertex 199.621 12.3787 2
      vertex 245.5 11.9019 2
    endloop
  endfacet
  facet normal 0 0 1
    outer loop
      vertex 199 11.9019 2
      vertex 245.5 11.9019 2
      vertex 199.621 12.3787 2
    endloop
  endfacet
  facet normal 0 0 1
    outer loop
      vertex 198.276 11.6022 2
      vertex 245.5 11.9019 2
      vertex 199 11.9019 2
    endloop
  endfacet
  facet normal 0 0 1
    outer loop
      vertex 246.224 11.6022 2
      vertex 198.276 11.6022 2
      vertex 269.482 0.0291643 2
    endloop
  endfacet
  facet normal -0 0 1
    outer loop
      vertex 197.5 11.5 2
      vertex 269.482 0.0291643 2
      vertex 198.276 11.6022 2
    endloop
  endfacet
  facet normal 0 0 1
    outer loop
      vertex 150 9 2
      vertex 197.5 11.5 2
      vertex 196.724 11.6022 2
    endloop
  endfacet
  facet normal -0 0 1
    outer loop
      vertex 177.864 17.9647 2
      vertex 194.602 15.2765 2
      vertex 178 19 2
    endloop
  endfacet
  facet normal 0 0 1
    outer loop
      vertex 194.602 15.2765 2
      vertex 177.864 17.9647 2
      vertex 194.5 14.5 2
    endloop
  endfacet
  facet normal -0 0 1
    outer loop
      vertex 177.464 17 2
      vertex 194.5 14.5 2
      vertex 177.864 17.9647 2
    endloop
  endfacet
  facet normal 0 0 1
    outer loop
      vertex 194.5 14.5 2
      vertex 177.464 17 2
      vertex 194.602 13.7235 2
    endloop
  endfacet
  facet normal -0 0 1
    outer loop
      vertex 176.828 16.1716 2
      vertex 194.602 13.7235 2
      vertex 177.464 17 2
    endloop
  endfacet
  facet normal 0 0 1
    outer loop
      vertex 194.602 13.7235 2
      vertex 176.828 16.1716 2
      vertex 194.902 13 2
    endloop
  endfacet
  facet normal -0 0 1
    outer loop
      vertex 176 15.5359 2
      vertex 194.902 13 2
      vertex 176.828 16.1716 2
    endloop
  endfacet
  facet normal 0 0 1
    outer loop
      vertex 194.902 13 2
      vertex 176 15.5359 2
      vertex 195.379 12.3787 2
    endloop
  endfacet
  facet normal -0 0 1
    outer loop
      vertex 175.035 15.1363 2
      vertex 195.379 12.3787 2
      vertex 176 15.5359 2
    endloop
  endfacet
  facet normal 0 0 1
    outer loop
      vertex 195.379 12.3787 2
      vertex 175.035 15.1363 2
      vertex 196 11.9019 2
    endloop
  endfacet
  facet normal -0 0 1
    outer loop
      vertex 174 15 2
      vertex 196 11.9019 2
      vertex 175.035 15.1363 2
    endloop
  endfacet
  facet normal 0 0 1
    outer loop
      vertex 196 11.9019 2
      vertex 174 15 2
      vertex 196.724 11.6022 2
    endloop
  endfacet
  facet normal 0 0 1
    outer loop
      vertex 150 9 2
      vertex 196.724 11.6022 2
      vertex 174 15 2
    endloop
  endfacet
  facet normal 0 0 1
    outer loop
      vertex 150 9 2
      vertex 174 15 2
      vertex 172.965 15.1363 2
    endloop
  endfacet
  facet normal 0 0 1
    outer loop
      vertex 170.536 21 2
      vertex 150 33 2
      vertex 170.136 20.0353 2
    endloop
  endfacet
  facet normal 0 0 1
    outer loop
      vertex 150 15 2
      vertex 170.136 20.0353 2
      vertex 150 33 2
    endloop
  endfacet
  facet normal 0 0 1
    outer loop
      vertex 170.136 20.0353 2
      vertex 150 15 2
      vertex 170 19 2
    endloop
  endfacet
  facet normal 0 0 1
    outer loop
      vertex 170 19 2
      vertex 150 15 2
      vertex 170.136 17.9647 2
    endloop
  endfacet
  facet normal 0 0 1
    outer loop
      vertex 150 39 2
      vertex 151.5 41 2
      vertex 150 41 2
    endloop
  endfacet
  facet normal 0 0 1
    outer loop
      vertex 150 33 2
      vertex 151.5 41 2
      vertex 150 39 2
    endloop
  endfacet
  facet normal 0 0 1
    outer loop
      vertex 170.136 17.9647 2
      vertex 150 15 2
      vertex 170.536 17 2
    endloop
  endfacet
  facet normal 0 0 1
    outer loop
      vertex 150 9 2
      vertex 170.536 17 2
      vertex 150 15 2
    endloop
  endfacet
  facet normal 0 0 1
    outer loop
      vertex 170.536 17 2
      vertex 150 9 2
      vertex 171.172 16.1716 2
    endloop
  endfacet
  facet normal 0 0 1
    outer loop
      vertex 171.172 16.1716 2
      vertex 150 9 2
      vertex 172 15.5359 2
    endloop
  endfacet
  facet normal 0 0 1
    outer loop
      vertex 172 15.5359 2
      vertex 150 9 2
      vertex 172.965 15.1363 2
    endloop
  endfacet
  facet normal 0 0 1
    outer loop
      vertex 197.5 11.5 2
      vertex 150 9 2
      vertex 269.482 0.0291643 2
    endloop
  endfacet
  facet normal -0 0 1
    outer loop
      vertex 144 9 2
      vertex 269.482 0.0291643 2
      vertex 150 9 2
    endloop
  endfacet
  facet normal -0 0 1
    outer loop
      vertex 142.613 14.7239 2
      vertex 144 10.6 2
      vertex 142.892 14.9768 2
    endloop
  endfacet
  facet normal -0 0 1
    outer loop
      vertex 141.667 14.0224 2
      vertex 144 10.6 2
      vertex 142.613 14.7239 2
    endloop
  endfacet
  facet normal -0 0 1
    outer loop
      vertex 140.657 13.4169 2
      vertex 144 10.6 2
      vertex 141.667 14.0224 2
    endloop
  endfacet
  facet normal -0 0 1
    outer loop
      vertex 139.592 12.9135 2
      vertex 144 10.6 2
      vertex 140.657 13.4169 2
    endloop
  endfacet
  facet normal 0 0 1
    outer loop
      vertex 144 10.6 2
      vertex 139.592 12.9135 2
      vertex 144 9 2
    endloop
  endfacet
  facet normal -0 0 1
    outer loop
      vertex 138.483 12.5167 2
      vertex 144 9 2
      vertex 139.592 12.9135 2
    endloop
  endfacet
  facet normal -0 0 1
    outer loop
      vertex 137.341 12.2306 2
      vertex 144 9 2
      vertex 138.483 12.5167 2
    endloop
  endfacet
  facet normal -0 0 1
    outer loop
      vertex 136.176 12.0578 2
      vertex 144 9 2
      vertex 137.341 12.2306 2
    endloop
  endfacet
  facet normal -0 0 1
    outer loop
      vertex 135 12 2
      vertex 144 9 2
      vertex 136.176 12.0578 2
    endloop
  endfacet
  facet normal 0 0 1
    outer loop
      vertex 126 9 2
      vertex 135 12 2
      vertex 133.824 12.0578 2
    endloop
  endfacet
  facet normal 0 0 1
    outer loop
      vertex 126 9 2
      vertex 133.824 12.0578 2
      vertex 132.659 12.2306 2
    endloop
  endfacet
  facet normal 0 0 1
    outer loop
      vertex 126 9 2
      vertex 132.659 12.2306 2
      vertex 131.517 12.5167 2
    endloop
  endfacet
  facet normal -0 0 1
    outer loop
      vertex 125.977 16.1082 2
      vertex 127.108 14.9768 2
      vertex 126.967 17.0981 2
    endloop
  endfacet
  facet normal 0 0 1
    outer loop
      vertex 126 10.6 2
      vertex 127.387 14.7239 2
      vertex 127.108 14.9768 2
    endloop
  endfacet
  facet normal 0 0 1
    outer loop
      vertex 126 10.6 2
      vertex 128.333 14.0224 2
      vertex 127.387 14.7239 2
    endloop
  endfacet
  facet normal 0 0 1
    outer loop
      vertex 126 10.6 2
      vertex 129.343 13.4169 2
      vertex 128.333 14.0224 2
    endloop
  endfacet
  facet normal 0 0 1
    outer loop
      vertex 126 10.6 2
      vertex 130.408 12.9135 2
      vertex 129.343 13.4169 2
    endloop
  endfacet
  facet normal 0 0 1
    outer loop
      vertex 126 9 2
      vertex 130.408 12.9135 2
      vertex 126 10.6 2
    endloop
  endfacet
  facet normal 0 0 1
    outer loop
      vertex 130.408 12.9135 2
      vertex 126 9 2
      vertex 131.517 12.5167 2
    endloop
  endfacet
  facet normal 0 0 1
    outer loop
      vertex 135 12 2
      vertex 126 9 2
      vertex 144 9 2
    endloop
  endfacet
  facet normal 0 0 1
    outer loop
      vertex 39.5 3 2
      vertex 144 9 2
      vertex 126 9 2
    endloop
  endfacet
  facet normal 0 0 1
    outer loop
      vertex 39.5 3 2
      vertex 126 9 2
      vertex 120 9 2
    endloop
  endfacet
  facet normal 0 0 1
    outer loop
      vertex 120 39 2
      vertex 104.5 40.5 2
      vertex 104.5 39 2
    endloop
  endfacet
  facet normal 0 0 1
    outer loop
      vertex 120 33 2
      vertex 104.5 39 2
      vertex 104.5 33 2
    endloop
  endfacet
  facet normal 0 0 1
    outer loop
      vertex 120 33 2
      vertex 104.5 33 2
      vertex 104.5 31.5 2
    endloop
  endfacet
  facet normal -0 0 1
    outer loop
      vertex 102.864 20.0353 2
      vertex 120 15 2
      vertex 123 24 2
    endloop
  endfacet
  facet normal -0 0 1
    outer loop
      vertex 102.864 17.9647 2
      vertex 120 15 2
      vertex 103 19 2
    endloop
  endfacet
  facet normal -0 0 1
    outer loop
      vertex 102.464 17 2
      vertex 120 15 2
      vertex 102.864 17.9647 2
    endloop
  endfacet
  facet normal 0 0 1
    outer loop
      vertex 120 15 2
      vertex 102.464 17 2
      vertex 120 9 2
    endloop
  endfacet
  facet normal -0 0 1
    outer loop
      vertex 101.828 16.1716 2
      vertex 120 9 2
      vertex 102.464 17 2
    endloop
  endfacet
  facet normal -0 0 1
    outer loop
      vertex 101 15.5359 2
      vertex 120 9 2
      vertex 101.828 16.1716 2
    endloop
  endfacet
  facet normal -0 0 1
    outer loop
      vertex 100.035 15.1363 2
      vertex 120 9 2
      vertex 101 15.5359 2
    endloop
  endfacet
  facet normal -0 0 1
    outer loop
      vertex 99 15 2
      vertex 120 9 2
      vertex 100.035 15.1363 2
    endloop
  endfacet
  facet normal 0 0 1
    outer loop
      vertex 97.9647 15.1363 2
      vertex 120 9 2
      vertex 99 15 2
    endloop
  endfacet
  facet normal 0 0 1
    outer loop
      vertex 95.5 31.5 2
      vertex 69.5 31.5 2
      vertex 95.5359 21 2
    endloop
  endfacet
  facet normal 0 0 1
    outer loop
      vertex 95.5359 21 2
      vertex 69.5 31.5 2
      vertex 95.1363 20.0353 2
    endloop
  endfacet
  facet normal 0 0 1
    outer loop
      vertex 95.1363 20.0353 2
      vertex 69.5 31.5 2
      vertex 95 19 2
    endloop
  endfacet
  facet normal 0 0 1
    outer loop
      vertex 95 19 2
      vertex 69.5 31.5 2
      vertex 95.1363 17.9647 2
    endloop
  endfacet
  facet normal 0 0 1
    outer loop
      vertex 95.1363 17.9647 2
      vertex 69.5 31.5 2
      vertex 95.5359 17 2
    endloop
  endfacet
  facet normal 0 0 1
    outer loop
      vertex 42 5.5 2
      vertex 95.5359 17 2
      vertex 69.5 31.5 2
    endloop
  endfacet
  facet normal 0 0 1
    outer loop
      vertex 41.8776 4.72746 2
      vertex 95.5359 17 2
      vertex 42 5.5 2
    endloop
  endfacet
  facet normal 0 0 1
    outer loop
      vertex 42 5.5 2
      vertex 69.5 31.5 2
      vertex 60.5 31.5 2
    endloop
  endfacet
  facet normal 0 0 1
    outer loop
      vertex 60.5 33 2
      vertex 42 5.5 2
      vertex 60.5 31.5 2
    endloop
  endfacet
  facet normal 0 0 1
    outer loop
      vertex 95.5359 17 2
      vertex 41.8776 4.72746 2
      vertex 96.1716 16.1716 2
    endloop
  endfacet
  facet normal 0 0 1
    outer loop
      vertex 41.5225 4.03054 2
      vertex 96.1716 16.1716 2
      vertex 41.8776 4.72746 2
    endloop
  endfacet
  facet normal 0 0 1
    outer loop
      vertex 96.1716 16.1716 2
      vertex 41.5225 4.03054 2
      vertex 97 15.5359 2
    endloop
  endfacet
  facet normal 0 0 1
    outer loop
      vertex 97 15.5359 2
      vertex 41.5225 4.03054 2
      vertex 97.9647 15.1363 2
    endloop
  endfacet
  facet normal 0 0 1
    outer loop
      vertex 40.9695 3.47746 2
      vertex 97.9647 15.1363 2
      vertex 41.5225 4.03054 2
    endloop
  endfacet
  facet normal 0 0 1
    outer loop
      vertex 97.9647 15.1363 2
      vertex 40.9695 3.47746 2
      vertex 120 9 2
    endloop
  endfacet
  facet normal 0 0 1
    outer loop
      vertex 40.2725 3.12236 2
      vertex 120 9 2
      vertex 40.9695 3.47746 2
    endloop
  endfacet
  facet normal 0 0 1
    outer loop
      vertex 39.5 3 2
      vertex 120 9 2
      vertex 40.2725 3.12236 2
    endloop
  endfacet
  facet normal 0 0 1
    outer loop
      vertex 144 9 2
      vertex 39.5 3 2
      vertex 269.482 0.0291643 2
    endloop
  endfacet
  facet normal 0 0 1
    outer loop
      vertex 37.1224 6.27254 2
      vertex 17 5.5 2
      vertex 37 5.5 2
    endloop
  endfacet
  facet normal 0 0 1
    outer loop
      vertex 37 5.5 2
      vertex 17 5.5 2
      vertex 37.1224 4.72746 2
    endloop
  endfacet
  facet normal 0 0 1
    outer loop
      vertex 16.8776 4.72746 2
      vertex 37.1224 4.72746 2
      vertex 17 5.5 2
    endloop
  endfacet
  facet normal 0 0 1
    outer loop
      vertex 37.1224 4.72746 2
      vertex 16.8776 4.72746 2
      vertex 37.4775 4.03054 2
    endloop
  endfacet
  facet normal 0 0 1
    outer loop
      vertex 16.5225 4.03054 2
      vertex 37.4775 4.03054 2
      vertex 16.8776 4.72746 2
    endloop
  endfacet
  facet normal 0 0 1
    outer loop
      vertex 37.4775 4.03054 2
      vertex 16.5225 4.03054 2
      vertex 38.0305 3.47746 2
    endloop
  endfacet
  facet normal 0 0 1
    outer loop
      vertex 15.9695 3.47746 2
      vertex 38.0305 3.47746 2
      vertex 16.5225 4.03054 2
    endloop
  endfacet
  facet normal 0 0 1
    outer loop
      vertex 38.0305 3.47746 2
      vertex 15.9695 3.47746 2
      vertex 38.7275 3.12236 2
    endloop
  endfacet
  facet normal 0 0 1
    outer loop
      vertex 15.2725 3.12236 2
      vertex 38.7275 3.12236 2
      vertex 15.9695 3.47746 2
    endloop
  endfacet
  facet normal 0 0 1
    outer loop
      vertex 4.48215 0.0291643 2
      vertex 38.7275 3.12236 2
      vertex 15.2725 3.12236 2
    endloop
  endfacet
  facet normal 0 0 1
    outer loop
      vertex 38.7275 3.12236 2
      vertex 4.48215 0.0291643 2
      vertex 39.5 3 2
    endloop
  endfacet
  facet normal 0 0 1
    outer loop
      vertex 4.48215 0.0291643 2
      vertex 15.2725 3.12236 2
      vertex 14.5 3 2
    endloop
  endfacet
  facet normal 0 0 1
    outer loop
      vertex 39.5 3 2
      vertex 4.48215 0.0291643 2
      vertex 269.482 0.0291643 2
    endloop
  endfacet
  facet normal 0 0 1
    outer loop
      vertex 13.7275 3.12236 2
      vertex 4.48215 0.0291643 2
      vertex 14.5 3 2
    endloop
  endfacet
  facet normal 0 0 1
    outer loop
      vertex 13.0305 3.47746 2
      vertex 4.48215 0.0291643 2
      vertex 13.7275 3.12236 2
    endloop
  endfacet
  facet normal 0 0 1
    outer loop
      vertex 12.4775 4.03054 2
      vertex 4.48215 0.0291643 2
      vertex 13.0305 3.47746 2
    endloop
  endfacet
  facet normal 0 0 1
    outer loop
      vertex 12.1224 4.72746 2
      vertex 4.48215 0.0291643 2
      vertex 12.4775 4.03054 2
    endloop
  endfacet
  facet normal 0 0 1
    outer loop
      vertex 12 5.5 2
      vertex 4.48215 0.0291643 2
      vertex 12.1224 4.72746 2
    endloop
  endfacet
  facet normal 0 0 1
    outer loop
      vertex 13.0305 63.4775 2
      vertex 0.116232 69.9573 2
      vertex 0.116232 3.04274 2
    endloop
  endfacet
  facet normal 0 0 1
    outer loop
      vertex 0.116232 69.9573 2
      vertex 4.48215 72.9708 2
      vertex 2.58158 72.7401 2
    endloop
  endfacet
  facet normal 0 0 1
    outer loop
      vertex 12.1224 6.27254 2
      vertex 0.116232 3.04274 2
      vertex 12 5.5 2
    endloop
  endfacet
  facet normal 0 0 1
    outer loop
      vertex 0.116232 69.9573 2
      vertex 2.58158 72.7401 2
      vertex 1.00596 71.6525 2
    endloop
  endfacet
  facet normal 0 0 1
    outer loop
      vertex 12 5.5 2
      vertex 0.116232 3.04274 2
      vertex 4.48215 0.0291643 2
    endloop
  endfacet
  facet normal 0 0 1
    outer loop
      vertex 4.48215 0.0291643 2
      vertex 0.116232 3.04274 2
      vertex 2.58158 0.259934 2
    endloop
  endfacet
  facet normal 0 0 1
    outer loop
      vertex 2.58158 0.259934 2
      vertex 0.116232 3.04274 2
      vertex 1.00596 1.34751 2
    endloop
  endfacet
  facet normal 0 0 1
    outer loop
      vertex 124.046 12.3399 2
      vertex 124.046 11.6601 2
      vertex 124.1 12 2
    endloop
  endfacet
  facet normal 0 0 1
    outer loop
      vertex 123.89 12.6466 2
      vertex 124.046 11.6601 2
      vertex 124.046 12.3399 2
    endloop
  endfacet
  facet normal 0 0 1
    outer loop
      vertex 123.89 12.6466 2
      vertex 123.89 11.3534 2
      vertex 124.046 11.6601 2
    endloop
  endfacet
  facet normal 0 0 1
    outer loop
      vertex 123.647 12.8899 2
      vertex 123.89 11.3534 2
      vertex 123.89 12.6466 2
    endloop
  endfacet
  facet normal 0 0 1
    outer loop
      vertex 123.647 12.8899 2
      vertex 123.647 11.1101 2
      vertex 123.89 11.3534 2
    endloop
  endfacet
  facet normal 0 0 1
    outer loop
      vertex 123.34 13.0462 2
      vertex 123.647 11.1101 2
      vertex 123.647 12.8899 2
    endloop
  endfacet
  facet normal 0 0 1
    outer loop
      vertex 123.34 13.0462 2
      vertex 123.34 10.9538 2
      vertex 123.647 11.1101 2
    endloop
  endfacet
  facet normal 0 0 1
    outer loop
      vertex 123 13.1 2
      vertex 123.34 10.9538 2
      vertex 123.34 13.0462 2
    endloop
  endfacet
  facet normal 0 0 1
    outer loop
      vertex 123 13.1 2
      vertex 123 10.9 2
      vertex 123.34 10.9538 2
    endloop
  endfacet
  facet normal -0 0 1
    outer loop
      vertex 122.66 13.0462 2
      vertex 123 10.9 2
      vertex 123 13.1 2
    endloop
  endfacet
  facet normal 0 0 1
    outer loop
      vertex 122.66 13.0462 2
      vertex 122.66 10.9538 2
      vertex 123 10.9 2
    endloop
  endfacet
  facet normal -0 0 1
    outer loop
      vertex 122.353 12.8899 2
      vertex 122.66 10.9538 2
      vertex 122.66 13.0462 2
    endloop
  endfacet
  facet normal 0 0 1
    outer loop
      vertex 122.353 12.8899 2
      vertex 122.353 11.1101 2
      vertex 122.66 10.9538 2
    endloop
  endfacet
  facet normal -0 0 1
    outer loop
      vertex 122.11 12.6466 2
      vertex 122.353 11.1101 2
      vertex 122.353 12.8899 2
    endloop
  endfacet
  facet normal 0 0 1
    outer loop
      vertex 122.11 12.6466 2
      vertex 122.11 11.3534 2
      vertex 122.353 11.1101 2
    endloop
  endfacet
  facet normal -0 0 1
    outer loop
      vertex 121.954 12.3399 2
      vertex 122.11 11.3534 2
      vertex 122.11 12.6466 2
    endloop
  endfacet
  facet normal 0 0 1
    outer loop
      vertex 121.954 12.3399 2
      vertex 121.954 11.6601 2
      vertex 122.11 11.3534 2
    endloop
  endfacet
  facet normal 0 -0 1
    outer loop
      vertex 121.954 11.6601 2
      vertex 121.954 12.3399 2
      vertex 121.9 12 2
    endloop
  endfacet
  facet normal 0 0 1
    outer loop
      vertex 148.046 36.3399 2
      vertex 148.046 35.6601 2
      vertex 148.1 36 2
    endloop
  endfacet
  facet normal 0 0 1
    outer loop
      vertex 147.89 36.6466 2
      vertex 148.046 35.6601 2
      vertex 148.046 36.3399 2
    endloop
  endfacet
  facet normal 0 0 1
    outer loop
      vertex 147.89 36.6466 2
      vertex 147.89 35.3534 2
      vertex 148.046 35.6601 2
    endloop
  endfacet
  facet normal 0 0 1
    outer loop
      vertex 147.647 36.8899 2
      vertex 147.89 35.3534 2
      vertex 147.89 36.6466 2
    endloop
  endfacet
  facet normal 0 0 1
    outer loop
      vertex 147.647 36.8899 2
      vertex 147.647 35.1101 2
      vertex 147.89 35.3534 2
    endloop
  endfacet
  facet normal 0 0 1
    outer loop
      vertex 147.34 37.0462 2
      vertex 147.647 35.1101 2
      vertex 147.647 36.8899 2
    endloop
  endfacet
  facet normal 0 0 1
    outer loop
      vertex 147.34 37.0462 2
      vertex 147.34 34.9538 2
      vertex 147.647 35.1101 2
    endloop
  endfacet
  facet normal 0 0 1
    outer loop
      vertex 147 37.1 2
      vertex 147.34 34.9538 2
      vertex 147.34 37.0462 2
    endloop
  endfacet
  facet normal 0 0 1
    outer loop
      vertex 147 37.1 2
      vertex 147 34.9 2
      vertex 147.34 34.9538 2
    endloop
  endfacet
  facet normal -0 0 1
    outer loop
      vertex 146.66 37.0462 2
      vertex 147 34.9 2
      vertex 147 37.1 2
    endloop
  endfacet
  facet normal 0 0 1
    outer loop
      vertex 146.66 37.0462 2
      vertex 146.66 34.9538 2
      vertex 147 34.9 2
    endloop
  endfacet
  facet normal -0 0 1
    outer loop
      vertex 146.353 36.8899 2
      vertex 146.66 34.9538 2
      vertex 146.66 37.0462 2
    endloop
  endfacet
  facet normal 0 0 1
    outer loop
      vertex 146.353 36.8899 2
      vertex 146.353 35.1101 2
      vertex 146.66 34.9538 2
    endloop
  endfacet
  facet normal -0 0 1
    outer loop
      vertex 146.11 36.6466 2
      vertex 146.353 35.1101 2
      vertex 146.353 36.8899 2
    endloop
  endfacet
  facet normal 0 0 1
    outer loop
      vertex 146.11 36.6466 2
      vertex 146.11 35.3534 2
      vertex 146.353 35.1101 2
    endloop
  endfacet
  facet normal -0 0 1
    outer loop
      vertex 145.954 36.3399 2
      vertex 146.11 35.3534 2
      vertex 146.11 36.6466 2
    endloop
  endfacet
  facet normal 0 0 1
    outer loop
      vertex 145.954 36.3399 2
      vertex 145.954 35.6601 2
      vertex 146.11 35.3534 2
    endloop
  endfacet
  facet normal 0 -0 1
    outer loop
      vertex 145.954 35.6601 2
      vertex 145.954 36.3399 2
      vertex 145.9 36 2
    endloop
  endfacet
  facet normal 0 0 1
    outer loop
      vertex 248.449 52.8882 2
      vertex 248.449 52.1118 2
      vertex 248.5 52.5 2
    endloop
  endfacet
  facet normal 0 0 1
    outer loop
      vertex 248.299 53.25 2
      vertex 248.449 52.1118 2
      vertex 248.449 52.8882 2
    endloop
  endfacet
  facet normal 0 0 1
    outer loop
      vertex 248.299 53.25 2
      vertex 248.299 51.75 2
      vertex 248.449 52.1118 2
    endloop
  endfacet
  facet normal 0 0 1
    outer loop
      vertex 248.061 53.5607 2
      vertex 248.299 51.75 2
      vertex 248.299 53.25 2
    endloop
  endfacet
  facet normal 0 0 1
    outer loop
      vertex 248.061 53.5607 2
      vertex 248.061 51.4393 2
      vertex 248.299 51.75 2
    endloop
  endfacet
  facet normal 0 0 1
    outer loop
      vertex 247.75 53.799 2
      vertex 248.061 51.4393 2
      vertex 248.061 53.5607 2
    endloop
  endfacet
  facet normal 0 0 1
    outer loop
      vertex 247.75 53.799 2
      vertex 247.75 51.201 2
      vertex 248.061 51.4393 2
    endloop
  endfacet
  facet normal 0 0 1
    outer loop
      vertex 247.388 53.9489 2
      vertex 247.75 51.201 2
      vertex 247.75 53.799 2
    endloop
  endfacet
  facet normal 0 0 1
    outer loop
      vertex 247.388 53.9489 2
      vertex 247.388 51.0511 2
      vertex 247.75 51.201 2
    endloop
  endfacet
  facet normal 0 0 1
    outer loop
      vertex 247 54 2
      vertex 247.388 51.0511 2
      vertex 247.388 53.9489 2
    endloop
  endfacet
  facet normal 0 0 1
    outer loop
      vertex 247 54 2
      vertex 247 51 2
      vertex 247.388 51.0511 2
    endloop
  endfacet
  facet normal -0 0 1
    outer loop
      vertex 246.612 53.9489 2
      vertex 247 51 2
      vertex 247 54 2
    endloop
  endfacet
  facet normal 0 0 1
    outer loop
      vertex 246.612 53.9489 2
      vertex 246.612 51.0511 2
      vertex 247 51 2
    endloop
  endfacet
  facet normal -0 0 1
    outer loop
      vertex 246.25 53.799 2
      vertex 246.612 51.0511 2
      vertex 246.612 53.9489 2
    endloop
  endfacet
  facet normal 0 0 1
    outer loop
      vertex 246.25 53.799 2
      vertex 246.25 51.201 2
      vertex 246.612 51.0511 2
    endloop
  endfacet
  facet normal -0 0 1
    outer loop
      vertex 245.939 53.5607 2
      vertex 246.25 51.201 2
      vertex 246.25 53.799 2
    endloop
  endfacet
  facet normal 0 0 1
    outer loop
      vertex 245.939 53.5607 2
      vertex 245.939 51.4393 2
      vertex 246.25 51.201 2
    endloop
  endfacet
  facet normal -0 0 1
    outer loop
      vertex 245.701 53.25 2
      vertex 245.939 51.4393 2
      vertex 245.939 53.5607 2
    endloop
  endfacet
  facet normal 0 0 1
    outer loop
      vertex 245.701 53.25 2
      vertex 245.701 51.75 2
      vertex 245.939 51.4393 2
    endloop
  endfacet
  facet normal -0 0 1
    outer loop
      vertex 245.551 52.8882 2
      vertex 245.701 51.75 2
      vertex 245.701 53.25 2
    endloop
  endfacet
  facet normal 0 0 1
    outer loop
      vertex 245.551 52.8882 2
      vertex 245.551 52.1118 2
      vertex 245.701 51.75 2
    endloop
  endfacet
  facet normal 0 -0 1
    outer loop
      vertex 245.551 52.1118 2
      vertex 245.551 52.8882 2
      vertex 245.5 52.5 2
    endloop
  endfacet
  facet normal 0 0 1
    outer loop
      vertex 248.449 14.8882 2
      vertex 248.449 14.1118 2
      vertex 248.5 14.5 2
    endloop
  endfacet
  facet normal 0 0 1
    outer loop
      vertex 248.299 15.25 2
      vertex 248.449 14.1118 2
      vertex 248.449 14.8882 2
    endloop
  endfacet
  facet normal 0 0 1
    outer loop
      vertex 248.299 15.25 2
      vertex 248.299 13.75 2
      vertex 248.449 14.1118 2
    endloop
  endfacet
  facet normal 0 0 1
    outer loop
      vertex 248.061 15.5607 2
      vertex 248.299 13.75 2
      vertex 248.299 15.25 2
    endloop
  endfacet
  facet normal 0 0 1
    outer loop
      vertex 248.061 15.5607 2
      vertex 248.061 13.4393 2
      vertex 248.299 13.75 2
    endloop
  endfacet
  facet normal 0 0 1
    outer loop
      vertex 247.75 15.799 2
      vertex 248.061 13.4393 2
      vertex 248.061 15.5607 2
    endloop
  endfacet
  facet normal 0 0 1
    outer loop
      vertex 247.75 15.799 2
      vertex 247.75 13.201 2
      vertex 248.061 13.4393 2
    endloop
  endfacet
  facet normal 0 0 1
    outer loop
      vertex 247.388 15.9489 2
      vertex 247.75 13.201 2
      vertex 247.75 15.799 2
    endloop
  endfacet
  facet normal 0 0 1
    outer loop
      vertex 247.388 15.9489 2
      vertex 247.388 13.0511 2
      vertex 247.75 13.201 2
    endloop
  endfacet
  facet normal 0 0 1
    outer loop
      vertex 247 16 2
      vertex 247.388 13.0511 2
      vertex 247.388 15.9489 2
    endloop
  endfacet
  facet normal 0 0 1
    outer loop
      vertex 247 16 2
      vertex 247 13 2
      vertex 247.388 13.0511 2
    endloop
  endfacet
  facet normal -0 0 1
    outer loop
      vertex 246.612 15.9489 2
      vertex 247 13 2
      vertex 247 16 2
    endloop
  endfacet
  facet normal 0 0 1
    outer loop
      vertex 246.612 15.9489 2
      vertex 246.612 13.0511 2
      vertex 247 13 2
    endloop
  endfacet
  facet normal -0 0 1
    outer loop
      vertex 246.25 15.799 2
      vertex 246.612 13.0511 2
      vertex 246.612 15.9489 2
    endloop
  endfacet
  facet normal 0 0 1
    outer loop
      vertex 246.25 15.799 2
      vertex 246.25 13.201 2
      vertex 246.612 13.0511 2
    endloop
  endfacet
  facet normal -0 0 1
    outer loop
      vertex 245.939 15.5607 2
      vertex 246.25 13.201 2
      vertex 246.25 15.799 2
    endloop
  endfacet
  facet normal 0 0 1
    outer loop
      vertex 245.939 15.5607 2
      vertex 245.939 13.4393 2
      vertex 246.25 13.201 2
    endloop
  endfacet
  facet normal -0 0 1
    outer loop
      vertex 245.701 15.25 2
      vertex 245.939 13.4393 2
      vertex 245.939 15.5607 2
    endloop
  endfacet
  facet normal 0 0 1
    outer loop
      vertex 245.701 15.25 2
      vertex 245.701 13.75 2
      vertex 245.939 13.4393 2
    endloop
  endfacet
  facet normal -0 0 1
    outer loop
      vertex 245.551 14.8882 2
      vertex 245.701 13.75 2
      vertex 245.701 15.25 2
    endloop
  endfacet
  facet normal 0 0 1
    outer loop
      vertex 245.551 14.8882 2
      vertex 245.551 14.1118 2
      vertex 245.701 13.75 2
    endloop
  endfacet
  facet normal 0 -0 1
    outer loop
      vertex 245.551 14.1118 2
      vertex 245.551 14.8882 2
      vertex 245.5 14.5 2
    endloop
  endfacet
  facet normal 0 0 1
    outer loop
      vertex 198.949 52.8882 2
      vertex 198.949 52.1118 2
      vertex 199 52.5 2
    endloop
  endfacet
  facet normal 0 0 1
    outer loop
      vertex 198.799 53.25 2
      vertex 198.949 52.1118 2
      vertex 198.949 52.8882 2
    endloop
  endfacet
  facet normal 0 0 1
    outer loop
      vertex 198.799 53.25 2
      vertex 198.799 51.75 2
      vertex 198.949 52.1118 2
    endloop
  endfacet
  facet normal 0 0 1
    outer loop
      vertex 198.561 53.5607 2
      vertex 198.799 51.75 2
      vertex 198.799 53.25 2
    endloop
  endfacet
  facet normal 0 0 1
    outer loop
      vertex 198.561 53.5607 2
      vertex 198.561 51.4393 2
      vertex 198.799 51.75 2
    endloop
  endfacet
  facet normal 0 0 1
    outer loop
      vertex 198.25 53.799 2
      vertex 198.561 51.4393 2
      vertex 198.561 53.5607 2
    endloop
  endfacet
  facet normal 0 0 1
    outer loop
      vertex 198.25 53.799 2
      vertex 198.25 51.201 2
      vertex 198.561 51.4393 2
    endloop
  endfacet
  facet normal 0 0 1
    outer loop
      vertex 197.888 53.9489 2
      vertex 198.25 51.201 2
      vertex 198.25 53.799 2
    endloop
  endfacet
  facet normal 0 0 1
    outer loop
      vertex 197.888 53.9489 2
      vertex 197.888 51.0511 2
      vertex 198.25 51.201 2
    endloop
  endfacet
  facet normal 0 0 1
    outer loop
      vertex 197.5 54 2
      vertex 197.888 51.0511 2
      vertex 197.888 53.9489 2
    endloop
  endfacet
  facet normal 0 0 1
    outer loop
      vertex 197.5 54 2
      vertex 197.5 51 2
      vertex 197.888 51.0511 2
    endloop
  endfacet
  facet normal -0 0 1
    outer loop
      vertex 197.112 53.9489 2
      vertex 197.5 51 2
      vertex 197.5 54 2
    endloop
  endfacet
  facet normal 0 0 1
    outer loop
      vertex 197.112 53.9489 2
      vertex 197.112 51.0511 2
      vertex 197.5 51 2
    endloop
  endfacet
  facet normal -0 0 1
    outer loop
      vertex 196.75 53.799 2
      vertex 197.112 51.0511 2
      vertex 197.112 53.9489 2
    endloop
  endfacet
  facet normal 0 0 1
    outer loop
      vertex 196.75 53.799 2
      vertex 196.75 51.201 2
      vertex 197.112 51.0511 2
    endloop
  endfacet
  facet normal -0 0 1
    outer loop
      vertex 196.439 53.5607 2
      vertex 196.75 51.201 2
      vertex 196.75 53.799 2
    endloop
  endfacet
  facet normal 0 0 1
    outer loop
      vertex 196.439 53.5607 2
      vertex 196.439 51.4393 2
      vertex 196.75 51.201 2
    endloop
  endfacet
  facet normal -0 0 1
    outer loop
      vertex 196.201 53.25 2
      vertex 196.439 51.4393 2
      vertex 196.439 53.5607 2
    endloop
  endfacet
  facet normal 0 0 1
    outer loop
      vertex 196.201 53.25 2
      vertex 196.201 51.75 2
      vertex 196.439 51.4393 2
    endloop
  endfacet
  facet normal -0 0 1
    outer loop
      vertex 196.051 52.8882 2
      vertex 196.201 51.75 2
      vertex 196.201 53.25 2
    endloop
  endfacet
  facet normal 0 0 1
    outer loop
      vertex 196.051 52.8882 2
      vertex 196.051 52.1118 2
      vertex 196.201 51.75 2
    endloop
  endfacet
  facet normal 0 -0 1
    outer loop
      vertex 196.051 52.1118 2
      vertex 196.051 52.8882 2
      vertex 196 52.5 2
    endloop
  endfacet
  facet normal 0 0 1
    outer loop
      vertex 198.949 14.8882 2
      vertex 198.949 14.1118 2
      vertex 199 14.5 2
    endloop
  endfacet
  facet normal 0 0 1
    outer loop
      vertex 198.799 15.25 2
      vertex 198.949 14.1118 2
      vertex 198.949 14.8882 2
    endloop
  endfacet
  facet normal 0 0 1
    outer loop
      vertex 198.799 15.25 2
      vertex 198.799 13.75 2
      vertex 198.949 14.1118 2
    endloop
  endfacet
  facet normal 0 0 1
    outer loop
      vertex 198.561 15.5607 2
      vertex 198.799 13.75 2
      vertex 198.799 15.25 2
    endloop
  endfacet
  facet normal 0 0 1
    outer loop
      vertex 198.561 15.5607 2
      vertex 198.561 13.4393 2
      vertex 198.799 13.75 2
    endloop
  endfacet
  facet normal 0 0 1
    outer loop
      vertex 198.25 15.799 2
      vertex 198.561 13.4393 2
      vertex 198.561 15.5607 2
    endloop
  endfacet
  facet normal 0 0 1
    outer loop
      vertex 198.25 15.799 2
      vertex 198.25 13.201 2
      vertex 198.561 13.4393 2
    endloop
  endfacet
  facet normal 0 0 1
    outer loop
      vertex 197.888 15.9489 2
      vertex 198.25 13.201 2
      vertex 198.25 15.799 2
    endloop
  endfacet
  facet normal 0 0 1
    outer loop
      vertex 197.888 15.9489 2
      vertex 197.888 13.0511 2
      vertex 198.25 13.201 2
    endloop
  endfacet
  facet normal 0 0 1
    outer loop
      vertex 197.5 16 2
      vertex 197.888 13.0511 2
      vertex 197.888 15.9489 2
    endloop
  endfacet
  facet normal 0 0 1
    outer loop
      vertex 197.5 16 2
      vertex 197.5 13 2
      vertex 197.888 13.0511 2
    endloop
  endfacet
  facet normal -0 0 1
    outer loop
      vertex 197.112 15.9489 2
      vertex 197.5 13 2
      vertex 197.5 16 2
    endloop
  endfacet
  facet normal 0 0 1
    outer loop
      vertex 197.112 15.9489 2
      vertex 197.112 13.0511 2
      vertex 197.5 13 2
    endloop
  endfacet
  facet normal -0 0 1
    outer loop
      vertex 196.75 15.799 2
      vertex 197.112 13.0511 2
      vertex 197.112 15.9489 2
    endloop
  endfacet
  facet normal 0 0 1
    outer loop
      vertex 196.75 15.799 2
      vertex 196.75 13.201 2
      vertex 197.112 13.0511 2
    endloop
  endfacet
  facet normal -0 0 1
    outer loop
      vertex 196.439 15.5607 2
      vertex 196.75 13.201 2
      vertex 196.75 15.799 2
    endloop
  endfacet
  facet normal 0 0 1
    outer loop
      vertex 196.439 15.5607 2
      vertex 196.439 13.4393 2
      vertex 196.75 13.201 2
    endloop
  endfacet
  facet normal -0 0 1
    outer loop
      vertex 196.201 15.25 2
      vertex 196.439 13.4393 2
      vertex 196.439 15.5607 2
    endloop
  endfacet
  facet normal 0 0 1
    outer loop
      vertex 196.201 15.25 2
      vertex 196.201 13.75 2
      vertex 196.439 13.4393 2
    endloop
  endfacet
  facet normal -0 0 1
    outer loop
      vertex 196.051 14.8882 2
      vertex 196.201 13.75 2
      vertex 196.201 15.25 2
    endloop
  endfacet
  facet normal 0 0 1
    outer loop
      vertex 196.051 14.8882 2
      vertex 196.051 14.1118 2
      vertex 196.201 13.75 2
    endloop
  endfacet
  facet normal 0 -0 1
    outer loop
      vertex 196.051 14.1118 2
      vertex 196.051 14.8882 2
      vertex 196 14.5 2
    endloop
  endfacet
  facet normal -0.923737 0.383028 0
    outer loop
      vertex 244.102 53.2765 2
      vertex 244.402 54 4
      vertex 244.402 54 2
    endloop
  endfacet
  facet normal -0.923737 0.383028 0
    outer loop
      vertex 244.402 54 4
      vertex 244.102 53.2765 2
      vertex 244.102 53.2765 4
    endloop
  endfacet
  facet normal -0.991483 0.13024 0
    outer loop
      vertex 244 52.5 2
      vertex 244.102 53.2765 4
      vertex 244.102 53.2765 2
    endloop
  endfacet
  facet normal -0.991483 0.13024 0
    outer loop
      vertex 244.102 53.2765 4
      vertex 244 52.5 2
      vertex 244 52.5 4
    endloop
  endfacet
  facet normal -0.923755 -0.382983 0
    outer loop
      vertex 248.449 52.8882 2
      vertex 248.299 53.25 4
      vertex 248.299 53.25 2
    endloop
  endfacet
  facet normal -0.923755 -0.382983 0
    outer loop
      vertex 248.299 53.25 4
      vertex 248.449 52.8882 2
      vertex 248.449 52.8882 4
    endloop
  endfacet
  facet normal -0.99148 -0.130256 0
    outer loop
      vertex 248.5 52.5 2
      vertex 248.449 52.8882 4
      vertex 248.449 52.8882 2
    endloop
  endfacet
  facet normal -0.99148 -0.130256 0
    outer loop
      vertex 248.449 52.8882 4
      vertex 248.5 52.5 2
      vertex 248.5 52.5 4
    endloop
  endfacet
  facet normal 0.608217 -0.793771 0
    outer loop
      vertex 245.939 53.5607 2
      vertex 246.25 53.799 4
      vertex 245.939 53.5607 4
    endloop
  endfacet
  facet normal 0.608217 -0.793771 0
    outer loop
      vertex 246.25 53.799 4
      vertex 245.939 53.5607 2
      vertex 246.25 53.799 2
    endloop
  endfacet
  facet normal 0.382585 -0.92392 0
    outer loop
      vertex 246.25 53.799 2
      vertex 246.612 53.9489 4
      vertex 246.25 53.799 4
    endloop
  endfacet
  facet normal 0.382585 -0.92392 0
    outer loop
      vertex 246.612 53.9489 4
      vertex 246.25 53.799 2
      vertex 246.612 53.9489 2
    endloop
  endfacet
  facet normal -0.608217 0.793771 0
    outer loop
      vertex 248.061 51.4393 2
      vertex 247.75 51.201 4
      vertex 248.061 51.4393 4
    endloop
  endfacet
  facet normal -0.608217 0.793771 0
    outer loop
      vertex 247.75 51.201 4
      vertex 248.061 51.4393 2
      vertex 247.75 51.201 2
    endloop
  endfacet
  facet normal -0.608217 -0.793771 0
    outer loop
      vertex 247.75 53.799 2
      vertex 248.061 53.5607 4
      vertex 247.75 53.799 4
    endloop
  endfacet
  facet normal -0.608217 -0.793771 -0
    outer loop
      vertex 248.061 53.5607 4
      vertex 247.75 53.799 2
      vertex 248.061 53.5607 2
    endloop
  endfacet
  facet normal 0.130573 0.991439 -0
    outer loop
      vertex 247 51 2
      vertex 246.612 51.0511 4
      vertex 247 51 4
    endloop
  endfacet
  facet normal 0.130573 0.991439 0
    outer loop
      vertex 246.612 51.0511 4
      vertex 247 51 2
      vertex 246.612 51.0511 2
    endloop
  endfacet
  facet normal -0.130573 -0.991439 0
    outer loop
      vertex 247 54 2
      vertex 247.388 53.9489 4
      vertex 247 54 4
    endloop
  endfacet
  facet normal -0.130573 -0.991439 -0
    outer loop
      vertex 247.388 53.9489 4
      vertex 247 54 2
      vertex 247.388 53.9489 2
    endloop
  endfacet
  facet normal -0.382585 -0.92392 0
    outer loop
      vertex 247.388 53.9489 2
      vertex 247.75 53.799 4
      vertex 247.388 53.9489 4
    endloop
  endfacet
  facet normal -0.382585 -0.92392 -0
    outer loop
      vertex 247.75 53.799 4
      vertex 247.388 53.9489 2
      vertex 247.75 53.799 2
    endloop
  endfacet
  facet normal 0.608217 0.793771 -0
    outer loop
      vertex 246.25 51.201 2
      vertex 245.939 51.4393 4
      vertex 246.25 51.201 4
    endloop
  endfacet
  facet normal 0.608217 0.793771 0
    outer loop
      vertex 245.939 51.4393 4
      vertex 246.25 51.201 2
      vertex 245.939 51.4393 2
    endloop
  endfacet
  facet normal -0.793857 -0.608104 0
    outer loop
      vertex 248.299 53.25 2
      vertex 248.061 53.5607 4
      vertex 248.061 53.5607 2
    endloop
  endfacet
  facet normal -0.793857 -0.608104 0
    outer loop
      vertex 248.061 53.5607 4
      vertex 248.299 53.25 2
      vertex 248.299 53.25 4
    endloop
  endfacet
  facet normal -0.793857 0.608104 0
    outer loop
      vertex 248.061 51.4393 2
      vertex 248.299 51.75 4
      vertex 248.299 51.75 2
    endloop
  endfacet
  facet normal -0.793857 0.608104 0
    outer loop
      vertex 248.299 51.75 4
      vertex 248.061 51.4393 2
      vertex 248.061 51.4393 4
    endloop
  endfacet
  facet normal -0.382585 0.92392 0
    outer loop
      vertex 247.75 51.201 2
      vertex 247.388 51.0511 4
      vertex 247.75 51.201 4
    endloop
  endfacet
  facet normal -0.382585 0.92392 0
    outer loop
      vertex 247.388 51.0511 4
      vertex 247.75 51.201 2
      vertex 247.388 51.0511 2
    endloop
  endfacet
  facet normal 0.793857 -0.608104 0
    outer loop
      vertex 245.701 53.25 4
      vertex 245.939 53.5607 2
      vertex 245.939 53.5607 4
    endloop
  endfacet
  facet normal 0.793857 -0.608104 0
    outer loop
      vertex 245.939 53.5607 2
      vertex 245.701 53.25 4
      vertex 245.701 53.25 2
    endloop
  endfacet
  facet normal 0.793857 0.608104 0
    outer loop
      vertex 245.939 51.4393 4
      vertex 245.701 51.75 2
      vertex 245.701 51.75 4
    endloop
  endfacet
  facet normal 0.793857 0.608104 0
    outer loop
      vertex 245.701 51.75 2
      vertex 245.939 51.4393 4
      vertex 245.939 51.4393 2
    endloop
  endfacet
  facet normal -0.99148 0.130256 0
    outer loop
      vertex 248.449 52.1118 2
      vertex 248.5 52.5 4
      vertex 248.5 52.5 2
    endloop
  endfacet
  facet normal -0.99148 0.130256 0
    outer loop
      vertex 248.5 52.5 4
      vertex 248.449 52.1118 2
      vertex 248.449 52.1118 4
    endloop
  endfacet
  facet normal 0.130573 -0.991439 0
    outer loop
      vertex 246.612 53.9489 2
      vertex 247 54 4
      vertex 246.612 53.9489 4
    endloop
  endfacet
  facet normal 0.130573 -0.991439 0
    outer loop
      vertex 247 54 4
      vertex 246.612 53.9489 2
      vertex 247 54 2
    endloop
  endfacet
  facet normal 0.923755 0.382983 0
    outer loop
      vertex 245.701 51.75 4
      vertex 245.551 52.1118 2
      vertex 245.551 52.1118 4
    endloop
  endfacet
  facet normal 0.923755 0.382983 0
    outer loop
      vertex 245.551 52.1118 2
      vertex 245.701 51.75 4
      vertex 245.701 51.75 2
    endloop
  endfacet
  facet normal 0.99148 0.130256 0
    outer loop
      vertex 245.551 52.1118 4
      vertex 245.5 52.5 2
      vertex 245.5 52.5 4
    endloop
  endfacet
  facet normal 0.99148 0.130256 0
    outer loop
      vertex 245.5 52.5 2
      vertex 245.551 52.1118 4
      vertex 245.551 52.1118 2
    endloop
  endfacet
  facet normal -0.923755 0.382983 0
    outer loop
      vertex 248.299 51.75 2
      vertex 248.449 52.1118 4
      vertex 248.449 52.1118 2
    endloop
  endfacet
  facet normal -0.923755 0.382983 0
    outer loop
      vertex 248.449 52.1118 4
      vertex 248.299 51.75 2
      vertex 248.299 51.75 4
    endloop
  endfacet
  facet normal 0.382585 0.92392 -0
    outer loop
      vertex 246.612 51.0511 2
      vertex 246.25 51.201 4
      vertex 246.612 51.0511 4
    endloop
  endfacet
  facet normal 0.382585 0.92392 0
    outer loop
      vertex 246.25 51.201 4
      vertex 246.612 51.0511 2
      vertex 246.25 51.201 2
    endloop
  endfacet
  facet normal -0.130573 0.991439 0
    outer loop
      vertex 247.388 51.0511 2
      vertex 247 51 4
      vertex 247.388 51.0511 4
    endloop
  endfacet
  facet normal -0.130573 0.991439 0
    outer loop
      vertex 247 51 4
      vertex 247.388 51.0511 2
      vertex 247 51 2
    endloop
  endfacet
  facet normal 0.923755 -0.382983 0
    outer loop
      vertex 245.551 52.8882 4
      vertex 245.701 53.25 2
      vertex 245.701 53.25 4
    endloop
  endfacet
  facet normal 0.923755 -0.382983 0
    outer loop
      vertex 245.701 53.25 2
      vertex 245.551 52.8882 4
      vertex 245.551 52.8882 2
    endloop
  endfacet
  facet normal 0.99148 -0.130256 0
    outer loop
      vertex 245.5 52.5 4
      vertex 245.551 52.8882 2
      vertex 245.551 52.8882 4
    endloop
  endfacet
  facet normal 0.99148 -0.130256 0
    outer loop
      vertex 245.551 52.8882 2
      vertex 245.5 52.5 4
      vertex 245.5 52.5 2
    endloop
  endfacet
  facet normal 0.923737 0.383028 0
    outer loop
      vertex 200.398 53.2765 4
      vertex 200.098 54 2
      vertex 200.098 54 4
    endloop
  endfacet
  facet normal 0.923737 0.383028 0
    outer loop
      vertex 200.098 54 2
      vertex 200.398 53.2765 4
      vertex 200.398 53.2765 2
    endloop
  endfacet
  facet normal 0.991483 0.13024 0
    outer loop
      vertex 200.5 52.5 4
      vertex 200.398 53.2765 2
      vertex 200.398 53.2765 4
    endloop
  endfacet
  facet normal 0.991483 0.13024 0
    outer loop
      vertex 200.398 53.2765 2
      vertex 200.5 52.5 4
      vertex 200.5 52.5 2
    endloop
  endfacet
  facet normal -0.608994 0.793174 0
    outer loop
      vertex 196 55.0981 2
      vertex 195.379 54.6213 4
      vertex 196 55.0981 4
    endloop
  endfacet
  facet normal -0.608994 0.793174 0
    outer loop
      vertex 195.379 54.6213 4
      vertex 196 55.0981 2
      vertex 195.379 54.6213 2
    endloop
  endfacet
  facet normal -0.382476 0.923966 0
    outer loop
      vertex 196.724 55.3978 2
      vertex 196 55.0981 4
      vertex 196.724 55.3978 4
    endloop
  endfacet
  facet normal -0.382476 0.923966 0
    outer loop
      vertex 196 55.0981 4
      vertex 196.724 55.3978 2
      vertex 196 55.0981 2
    endloop
  endfacet
  facet normal 0.608994 -0.793174 0
    outer loop
      vertex 199 49.9019 2
      vertex 199.621 50.3787 4
      vertex 199 49.9019 4
    endloop
  endfacet
  facet normal 0.608994 -0.793174 0
    outer loop
      vertex 199.621 50.3787 4
      vertex 199 49.9019 2
      vertex 199.621 50.3787 2
    endloop
  endfacet
  facet normal 0.608994 0.793174 -0
    outer loop
      vertex 199.621 54.6213 2
      vertex 199 55.0981 4
      vertex 199.621 54.6213 4
    endloop
  endfacet
  facet normal 0.608994 0.793174 0
    outer loop
      vertex 199 55.0981 4
      vertex 199.621 54.6213 2
      vertex 199 55.0981 2
    endloop
  endfacet
  facet normal -0.130573 -0.991439 0
    outer loop
      vertex 196.724 49.6022 2
      vertex 197.5 49.5 4
      vertex 196.724 49.6022 4
    endloop
  endfacet
  facet normal -0.130573 -0.991439 -0
    outer loop
      vertex 197.5 49.5 4
      vertex 196.724 49.6022 2
      vertex 197.5 49.5 2
    endloop
  endfacet
  facet normal 0.130573 0.991439 -0
    outer loop
      vertex 198.276 55.3978 2
      vertex 197.5 55.5 4
      vertex 198.276 55.3978 4
    endloop
  endfacet
  facet normal 0.130573 0.991439 0
    outer loop
      vertex 197.5 55.5 4
      vertex 198.276 55.3978 2
      vertex 197.5 55.5 2
    endloop
  endfacet
  facet normal 0.382476 0.923966 -0
    outer loop
      vertex 199 55.0981 2
      vertex 198.276 55.3978 4
      vertex 199 55.0981 4
    endloop
  endfacet
  facet normal 0.382476 0.923966 0
    outer loop
      vertex 198.276 55.3978 4
      vertex 199 55.0981 2
      vertex 198.276 55.3978 2
    endloop
  endfacet
  facet normal -0.608994 -0.793174 0
    outer loop
      vertex 195.379 50.3787 2
      vertex 196 49.9019 4
      vertex 195.379 50.3787 4
    endloop
  endfacet
  facet normal -0.608994 -0.793174 -0
    outer loop
      vertex 196 49.9019 4
      vertex 195.379 50.3787 2
      vertex 196 49.9019 2
    endloop
  endfacet
  facet normal 0.793193 0.60897 0
    outer loop
      vertex 200.098 54 4
      vertex 199.621 54.6213 2
      vertex 199.621 54.6213 4
    endloop
  endfacet
  facet normal 0.793193 0.60897 0
    outer loop
      vertex 199.621 54.6213 2
      vertex 200.098 54 4
      vertex 200.098 54 2
    endloop
  endfacet
  facet normal 0.793193 -0.60897 0
    outer loop
      vertex 199.621 50.3787 4
      vertex 200.098 51 2
      vertex 200.098 51 4
    endloop
  endfacet
  facet normal 0.793193 -0.60897 0
    outer loop
      vertex 200.098 51 2
      vertex 199.621 50.3787 4
      vertex 199.621 50.3787 2
    endloop
  endfacet
  facet normal 0.382476 -0.923966 0
    outer loop
      vertex 198.276 49.6022 2
      vertex 199 49.9019 4
      vertex 198.276 49.6022 4
    endloop
  endfacet
  facet normal 0.382476 -0.923966 0
    outer loop
      vertex 199 49.9019 4
      vertex 198.276 49.6022 2
      vertex 199 49.9019 2
    endloop
  endfacet
  facet normal -0.793193 0.60897 0
    outer loop
      vertex 194.902 54 2
      vertex 195.379 54.6213 4
      vertex 195.379 54.6213 2
    endloop
  endfacet
  facet normal -0.793193 0.60897 0
    outer loop
      vertex 195.379 54.6213 4
      vertex 194.902 54 2
      vertex 194.902 54 4
    endloop
  endfacet
  facet normal -0.793193 -0.60897 0
    outer loop
      vertex 195.379 50.3787 2
      vertex 194.902 51 4
      vertex 194.902 51 2
    endloop
  endfacet
  facet normal -0.793193 -0.60897 0
    outer loop
      vertex 194.902 51 4
      vertex 195.379 50.3787 2
      vertex 195.379 50.3787 4
    endloop
  endfacet
  facet normal 0.991483 -0.13024 0
    outer loop
      vertex 200.398 51.7235 4
      vertex 200.5 52.5 2
      vertex 200.5 52.5 4
    endloop
  endfacet
  facet normal 0.991483 -0.13024 0
    outer loop
      vertex 200.5 52.5 2
      vertex 200.398 51.7235 4
      vertex 200.398 51.7235 2
    endloop
  endfacet
  facet normal -0.130573 0.991439 0
    outer loop
      vertex 197.5 55.5 2
      vertex 196.724 55.3978 4
      vertex 197.5 55.5 4
    endloop
  endfacet
  facet normal -0.130573 0.991439 0
    outer loop
      vertex 196.724 55.3978 4
      vertex 197.5 55.5 2
      vertex 196.724 55.3978 2
    endloop
  endfacet
  facet normal -0.923737 -0.383028 0
    outer loop
      vertex 194.902 51 2
      vertex 194.602 51.7235 4
      vertex 194.602 51.7235 2
    endloop
  endfacet
  facet normal -0.923737 -0.383028 0
    outer loop
      vertex 194.602 51.7235 4
      vertex 194.902 51 2
      vertex 194.902 51 4
    endloop
  endfacet
  facet normal -0.991483 -0.13024 0
    outer loop
      vertex 194.602 51.7235 2
      vertex 194.5 52.5 4
      vertex 194.5 52.5 2
    endloop
  endfacet
  facet normal -0.991483 -0.13024 0
    outer loop
      vertex 194.5 52.5 4
      vertex 194.602 51.7235 2
      vertex 194.602 51.7235 4
    endloop
  endfacet
  facet normal 0.923737 -0.383028 0
    outer loop
      vertex 200.098 51 4
      vertex 200.398 51.7235 2
      vertex 200.398 51.7235 4
    endloop
  endfacet
  facet normal 0.923737 -0.383028 0
    outer loop
      vertex 200.398 51.7235 2
      vertex 200.098 51 4
      vertex 200.098 51 2
    endloop
  endfacet
  facet normal -0.382476 -0.923966 0
    outer loop
      vertex 196 49.9019 2
      vertex 196.724 49.6022 4
      vertex 196 49.9019 4
    endloop
  endfacet
  facet normal -0.382476 -0.923966 -0
    outer loop
      vertex 196.724 49.6022 4
      vertex 196 49.9019 2
      vertex 196.724 49.6022 2
    endloop
  endfacet
  facet normal 0 0 1
    outer loop
      vertex 200.398 53.2765 4
      vertex 198.949 52.8882 4
      vertex 199 52.5 4
    endloop
  endfacet
  facet normal 0 0 1
    outer loop
      vertex 199.621 54.6213 4
      vertex 198.799 53.25 4
      vertex 198.949 52.8882 4
    endloop
  endfacet
  facet normal 0 0 1
    outer loop
      vertex 199.621 54.6213 4
      vertex 198.561 53.5607 4
      vertex 198.799 53.25 4
    endloop
  endfacet
  facet normal 0 0 1
    outer loop
      vertex 198.25 53.799 4
      vertex 199 55.0981 4
      vertex 198.276 55.3978 4
    endloop
  endfacet
  facet normal 0 0 1
    outer loop
      vertex 199 55.0981 4
      vertex 198.25 53.799 4
      vertex 198.561 53.5607 4
    endloop
  endfacet
  facet normal 0 0 1
    outer loop
      vertex 198.276 55.3978 4
      vertex 197.888 53.9489 4
      vertex 198.25 53.799 4
    endloop
  endfacet
  facet normal 0 0 1
    outer loop
      vertex 197.5 55.5 4
      vertex 197.888 53.9489 4
      vertex 198.276 55.3978 4
    endloop
  endfacet
  facet normal 0 0 1
    outer loop
      vertex 197.5 55.5 4
      vertex 197.5 54 4
      vertex 197.888 53.9489 4
    endloop
  endfacet
  facet normal 0 0 1
    outer loop
      vertex 197.5 55.5 4
      vertex 197.112 53.9489 4
      vertex 197.5 54 4
    endloop
  endfacet
  facet normal -0 0 1
    outer loop
      vertex 196.724 55.3978 4
      vertex 197.112 53.9489 4
      vertex 197.5 55.5 4
    endloop
  endfacet
  facet normal 0 0 1
    outer loop
      vertex 197.112 53.9489 4
      vertex 196.724 55.3978 4
      vertex 196.75 53.799 4
    endloop
  endfacet
  facet normal -0 0 1
    outer loop
      vertex 196 55.0981 4
      vertex 196.75 53.799 4
      vertex 196.724 55.3978 4
    endloop
  endfacet
  facet normal 0 0 1
    outer loop
      vertex 196.75 53.799 4
      vertex 196 55.0981 4
      vertex 196.439 53.5607 4
    endloop
  endfacet
  facet normal -0 0 1
    outer loop
      vertex 195.379 54.6213 4
      vertex 196.439 53.5607 4
      vertex 196 55.0981 4
    endloop
  endfacet
  facet normal 0 0 1
    outer loop
      vertex 196.439 53.5607 4
      vertex 195.379 54.6213 4
      vertex 196.201 53.25 4
    endloop
  endfacet
  facet normal -0 0 1
    outer loop
      vertex 194.902 54 4
      vertex 196.201 53.25 4
      vertex 195.379 54.6213 4
    endloop
  endfacet
  facet normal 0 0 1
    outer loop
      vertex 196.201 53.25 4
      vertex 194.902 54 4
      vertex 196.051 52.8882 4
    endloop
  endfacet
  facet normal -0 0 1
    outer loop
      vertex 194.602 53.2765 4
      vertex 196.051 52.8882 4
      vertex 194.902 54 4
    endloop
  endfacet
  facet normal 0 0 1
    outer loop
      vertex 196 52.5 4
      vertex 195.379 50.3787 4
      vertex 196 49.9019 4
    endloop
  endfacet
  facet normal 0 0 1
    outer loop
      vertex 196.051 52.8882 4
      vertex 194.602 53.2765 4
      vertex 196 52.5 4
    endloop
  endfacet
  facet normal 0 0 1
    outer loop
      vertex 196 52.5 4
      vertex 194.902 51 4
      vertex 195.379 50.3787 4
    endloop
  endfacet
  facet normal 0 0 1
    outer loop
      vertex 194.5 52.5 4
      vertex 196 52.5 4
      vertex 194.602 53.2765 4
    endloop
  endfacet
  facet normal 0 0 1
    outer loop
      vertex 196 52.5 4
      vertex 194.602 51.7235 4
      vertex 194.902 51 4
    endloop
  endfacet
  facet normal 0 0 1
    outer loop
      vertex 196 52.5 4
      vertex 194.5 52.5 4
      vertex 194.602 51.7235 4
    endloop
  endfacet
  facet normal 0 0 1
    outer loop
      vertex 199 52.5 4
      vertex 200.5 52.5 4
      vertex 200.398 53.2765 4
    endloop
  endfacet
  facet normal 0 0 1
    outer loop
      vertex 198.949 52.8882 4
      vertex 200.398 53.2765 4
      vertex 200.098 54 4
    endloop
  endfacet
  facet normal 0 0 1
    outer loop
      vertex 200.5 52.5 4
      vertex 199 52.5 4
      vertex 200.398 51.7235 4
    endloop
  endfacet
  facet normal 0 0 1
    outer loop
      vertex 198.949 52.8882 4
      vertex 200.098 54 4
      vertex 199.621 54.6213 4
    endloop
  endfacet
  facet normal -0 0 1
    outer loop
      vertex 198.949 52.1118 4
      vertex 200.398 51.7235 4
      vertex 199 52.5 4
    endloop
  endfacet
  facet normal 0 0 1
    outer loop
      vertex 198.561 53.5607 4
      vertex 199.621 54.6213 4
      vertex 199 55.0981 4
    endloop
  endfacet
  facet normal 0 0 1
    outer loop
      vertex 200.398 51.7235 4
      vertex 198.949 52.1118 4
      vertex 200.098 51 4
    endloop
  endfacet
  facet normal -0 0 1
    outer loop
      vertex 198.799 51.75 4
      vertex 200.098 51 4
      vertex 198.949 52.1118 4
    endloop
  endfacet
  facet normal 0 0 1
    outer loop
      vertex 200.098 51 4
      vertex 198.799 51.75 4
      vertex 199.621 50.3787 4
    endloop
  endfacet
  facet normal -0 0 1
    outer loop
      vertex 198.561 51.4393 4
      vertex 199.621 50.3787 4
      vertex 198.799 51.75 4
    endloop
  endfacet
  facet normal 0 0 1
    outer loop
      vertex 199.621 50.3787 4
      vertex 198.561 51.4393 4
      vertex 199 49.9019 4
    endloop
  endfacet
  facet normal -0 0 1
    outer loop
      vertex 198.25 51.201 4
      vertex 199 49.9019 4
      vertex 198.561 51.4393 4
    endloop
  endfacet
  facet normal 0 0 1
    outer loop
      vertex 199 49.9019 4
      vertex 198.25 51.201 4
      vertex 198.276 49.6022 4
    endloop
  endfacet
  facet normal -0 0 1
    outer loop
      vertex 197.888 51.0511 4
      vertex 198.276 49.6022 4
      vertex 198.25 51.201 4
    endloop
  endfacet
  facet normal -0 0 1
    outer loop
      vertex 197.5 51 4
      vertex 198.276 49.6022 4
      vertex 197.888 51.0511 4
    endloop
  endfacet
  facet normal 0 0 1
    outer loop
      vertex 197.5 51 4
      vertex 197.5 49.5 4
      vertex 198.276 49.6022 4
    endloop
  endfacet
  facet normal 0 0 1
    outer loop
      vertex 197.112 51.0511 4
      vertex 197.5 49.5 4
      vertex 197.5 51 4
    endloop
  endfacet
  facet normal 0 0 1
    outer loop
      vertex 196.724 49.6022 4
      vertex 197.112 51.0511 4
      vertex 196.75 51.201 4
    endloop
  endfacet
  facet normal 0 0 1
    outer loop
      vertex 197.112 51.0511 4
      vertex 196.724 49.6022 4
      vertex 197.5 49.5 4
    endloop
  endfacet
  facet normal 0 0 1
    outer loop
      vertex 196 49.9019 4
      vertex 196.75 51.201 4
      vertex 196.439 51.4393 4
    endloop
  endfacet
  facet normal 0 0 1
    outer loop
      vertex 196 49.9019 4
      vertex 196.439 51.4393 4
      vertex 196.201 51.75 4
    endloop
  endfacet
  facet normal 0 0 1
    outer loop
      vertex 196 49.9019 4
      vertex 196.201 51.75 4
      vertex 196.051 52.1118 4
    endloop
  endfacet
  facet normal 0 0 1
    outer loop
      vertex 196.75 51.201 4
      vertex 196 49.9019 4
      vertex 196.724 49.6022 4
    endloop
  endfacet
  facet normal 0 0 1
    outer loop
      vertex 196 49.9019 4
      vertex 196.051 52.1118 4
      vertex 196 52.5 4
    endloop
  endfacet
  facet normal 0.130573 -0.991439 0
    outer loop
      vertex 197.5 49.5 2
      vertex 198.276 49.6022 4
      vertex 197.5 49.5 4
    endloop
  endfacet
  facet normal 0.130573 -0.991439 0
    outer loop
      vertex 198.276 49.6022 4
      vertex 197.5 49.5 2
      vertex 198.276 49.6022 2
    endloop
  endfacet
  facet normal -0.923737 0.383028 0
    outer loop
      vertex 194.602 53.2765 2
      vertex 194.902 54 4
      vertex 194.902 54 2
    endloop
  endfacet
  facet normal -0.923737 0.383028 0
    outer loop
      vertex 194.902 54 4
      vertex 194.602 53.2765 2
      vertex 194.602 53.2765 4
    endloop
  endfacet
  facet normal -0.991483 0.13024 0
    outer loop
      vertex 194.5 52.5 2
      vertex 194.602 53.2765 4
      vertex 194.602 53.2765 2
    endloop
  endfacet
  facet normal -0.991483 0.13024 0
    outer loop
      vertex 194.602 53.2765 4
      vertex 194.5 52.5 2
      vertex 194.5 52.5 4
    endloop
  endfacet
  facet normal -0.923755 -0.382983 0
    outer loop
      vertex 198.949 52.8882 2
      vertex 198.799 53.25 4
      vertex 198.799 53.25 2
    endloop
  endfacet
  facet normal -0.923755 -0.382983 0
    outer loop
      vertex 198.799 53.25 4
      vertex 198.949 52.8882 2
      vertex 198.949 52.8882 4
    endloop
  endfacet
  facet normal -0.99148 -0.130256 0
    outer loop
      vertex 199 52.5 2
      vertex 198.949 52.8882 4
      vertex 198.949 52.8882 2
    endloop
  endfacet
  facet normal -0.99148 -0.130256 0
    outer loop
      vertex 198.949 52.8882 4
      vertex 199 52.5 2
      vertex 199 52.5 4
    endloop
  endfacet
  facet normal 0.608217 -0.793771 0
    outer loop
      vertex 196.439 53.5607 2
      vertex 196.75 53.799 4
      vertex 196.439 53.5607 4
    endloop
  endfacet
  facet normal 0.608217 -0.793771 0
    outer loop
      vertex 196.75 53.799 4
      vertex 196.439 53.5607 2
      vertex 196.75 53.799 2
    endloop
  endfacet
  facet normal 0.382585 -0.92392 0
    outer loop
      vertex 196.75 53.799 2
      vertex 197.112 53.9489 4
      vertex 196.75 53.799 4
    endloop
  endfacet
  facet normal 0.382585 -0.92392 0
    outer loop
      vertex 197.112 53.9489 4
      vertex 196.75 53.799 2
      vertex 197.112 53.9489 2
    endloop
  endfacet
  facet normal -0.608217 0.793771 0
    outer loop
      vertex 198.561 51.4393 2
      vertex 198.25 51.201 4
      vertex 198.561 51.4393 4
    endloop
  endfacet
  facet normal -0.608217 0.793771 0
    outer loop
      vertex 198.25 51.201 4
      vertex 198.561 51.4393 2
      vertex 198.25 51.201 2
    endloop
  endfacet
  facet normal -0.608217 -0.793771 0
    outer loop
      vertex 198.25 53.799 2
      vertex 198.561 53.5607 4
      vertex 198.25 53.799 4
    endloop
  endfacet
  facet normal -0.608217 -0.793771 -0
    outer loop
      vertex 198.561 53.5607 4
      vertex 198.25 53.799 2
      vertex 198.561 53.5607 2
    endloop
  endfacet
  facet normal 0.130573 0.991439 -0
    outer loop
      vertex 197.5 51 2
      vertex 197.112 51.0511 4
      vertex 197.5 51 4
    endloop
  endfacet
  facet normal 0.130573 0.991439 0
    outer loop
      vertex 197.112 51.0511 4
      vertex 197.5 51 2
      vertex 197.112 51.0511 2
    endloop
  endfacet
  facet normal -0.130573 -0.991439 0
    outer loop
      vertex 197.5 54 2
      vertex 197.888 53.9489 4
      vertex 197.5 54 4
    endloop
  endfacet
  facet normal -0.130573 -0.991439 -0
    outer loop
      vertex 197.888 53.9489 4
      vertex 197.5 54 2
      vertex 197.888 53.9489 2
    endloop
  endfacet
  facet normal -0.382585 -0.92392 0
    outer loop
      vertex 197.888 53.9489 2
      vertex 198.25 53.799 4
      vertex 197.888 53.9489 4
    endloop
  endfacet
  facet normal -0.382585 -0.92392 -0
    outer loop
      vertex 198.25 53.799 4
      vertex 197.888 53.9489 2
      vertex 198.25 53.799 2
    endloop
  endfacet
  facet normal 0.608217 0.793771 -0
    outer loop
      vertex 196.75 51.201 2
      vertex 196.439 51.4393 4
      vertex 196.75 51.201 4
    endloop
  endfacet
  facet normal 0.608217 0.793771 0
    outer loop
      vertex 196.439 51.4393 4
      vertex 196.75 51.201 2
      vertex 196.439 51.4393 2
    endloop
  endfacet
  facet normal -0.793857 -0.608104 0
    outer loop
      vertex 198.799 53.25 2
      vertex 198.561 53.5607 4
      vertex 198.561 53.5607 2
    endloop
  endfacet
  facet normal -0.793857 -0.608104 0
    outer loop
      vertex 198.561 53.5607 4
      vertex 198.799 53.25 2
      vertex 198.799 53.25 4
    endloop
  endfacet
  facet normal -0.793857 0.608104 0
    outer loop
      vertex 198.561 51.4393 2
      vertex 198.799 51.75 4
      vertex 198.799 51.75 2
    endloop
  endfacet
  facet normal -0.793857 0.608104 0
    outer loop
      vertex 198.799 51.75 4
      vertex 198.561 51.4393 2
      vertex 198.561 51.4393 4
    endloop
  endfacet
  facet normal -0.382585 0.92392 0
    outer loop
      vertex 198.25 51.201 2
      vertex 197.888 51.0511 4
      vertex 198.25 51.201 4
    endloop
  endfacet
  facet normal -0.382585 0.92392 0
    outer loop
      vertex 197.888 51.0511 4
      vertex 198.25 51.201 2
      vertex 197.888 51.0511 2
    endloop
  endfacet
  facet normal 0.793857 -0.608104 0
    outer loop
      vertex 196.201 53.25 4
      vertex 196.439 53.5607 2
      vertex 196.439 53.5607 4
    endloop
  endfacet
  facet normal 0.793857 -0.608104 0
    outer loop
      vertex 196.439 53.5607 2
      vertex 196.201 53.25 4
      vertex 196.201 53.25 2
    endloop
  endfacet
  facet normal 0.793857 0.608104 0
    outer loop
      vertex 196.439 51.4393 4
      vertex 196.201 51.75 2
      vertex 196.201 51.75 4
    endloop
  endfacet
  facet normal 0.793857 0.608104 0
    outer loop
      vertex 196.201 51.75 2
      vertex 196.439 51.4393 4
      vertex 196.439 51.4393 2
    endloop
  endfacet
  facet normal -0.99148 0.130256 0
    outer loop
      vertex 198.949 52.1118 2
      vertex 199 52.5 4
      vertex 199 52.5 2
    endloop
  endfacet
  facet normal -0.99148 0.130256 0
    outer loop
      vertex 199 52.5 4
      vertex 198.949 52.1118 2
      vertex 198.949 52.1118 4
    endloop
  endfacet
  facet normal 0.130573 -0.991439 0
    outer loop
      vertex 197.112 53.9489 2
      vertex 197.5 54 4
      vertex 197.112 53.9489 4
    endloop
  endfacet
  facet normal 0.130573 -0.991439 0
    outer loop
      vertex 197.5 54 4
      vertex 197.112 53.9489 2
      vertex 197.5 54 2
    endloop
  endfacet
  facet normal 0.923755 0.382983 0
    outer loop
      vertex 196.201 51.75 4
      vertex 196.051 52.1118 2
      vertex 196.051 52.1118 4
    endloop
  endfacet
  facet normal 0.923755 0.382983 0
    outer loop
      vertex 196.051 52.1118 2
      vertex 196.201 51.75 4
      vertex 196.201 51.75 2
    endloop
  endfacet
  facet normal 0.99148 0.130256 0
    outer loop
      vertex 196.051 52.1118 4
      vertex 196 52.5 2
      vertex 196 52.5 4
    endloop
  endfacet
  facet normal 0.99148 0.130256 0
    outer loop
      vertex 196 52.5 2
      vertex 196.051 52.1118 4
      vertex 196.051 52.1118 2
    endloop
  endfacet
  facet normal -0.923755 0.382983 0
    outer loop
      vertex 198.799 51.75 2
      vertex 198.949 52.1118 4
      vertex 198.949 52.1118 2
    endloop
  endfacet
  facet normal -0.923755 0.382983 0
    outer loop
      vertex 198.949 52.1118 4
      vertex 198.799 51.75 2
      vertex 198.799 51.75 4
    endloop
  endfacet
  facet normal 0.382585 0.92392 -0
    outer loop
      vertex 197.112 51.0511 2
      vertex 196.75 51.201 4
      vertex 197.112 51.0511 4
    endloop
  endfacet
  facet normal 0.382585 0.92392 0
    outer loop
      vertex 196.75 51.201 4
      vertex 197.112 51.0511 2
      vertex 196.75 51.201 2
    endloop
  endfacet
  facet normal -0.130573 0.991439 0
    outer loop
      vertex 197.888 51.0511 2
      vertex 197.5 51 4
      vertex 197.888 51.0511 4
    endloop
  endfacet
  facet normal -0.130573 0.991439 0
    outer loop
      vertex 197.5 51 4
      vertex 197.888 51.0511 2
      vertex 197.5 51 2
    endloop
  endfacet
  facet normal 0.923755 -0.382983 0
    outer loop
      vertex 196.051 52.8882 4
      vertex 196.201 53.25 2
      vertex 196.201 53.25 4
    endloop
  endfacet
  facet normal 0.923755 -0.382983 0
    outer loop
      vertex 196.201 53.25 2
      vertex 196.051 52.8882 4
      vertex 196.051 52.8882 2
    endloop
  endfacet
  facet normal 0.99148 -0.130256 0
    outer loop
      vertex 196 52.5 4
      vertex 196.051 52.8882 2
      vertex 196.051 52.8882 4
    endloop
  endfacet
  facet normal 0.99148 -0.130256 0
    outer loop
      vertex 196.051 52.8882 2
      vertex 196 52.5 4
      vertex 196 52.5 2
    endloop
  endfacet
  facet normal 0.923737 0.383028 0
    outer loop
      vertex 249.898 15.2765 4
      vertex 249.598 16 2
      vertex 249.598 16 4
    endloop
  endfacet
  facet normal 0.923737 0.383028 0
    outer loop
      vertex 249.598 16 2
      vertex 249.898 15.2765 4
      vertex 249.898 15.2765 2
    endloop
  endfacet
  facet normal 0.991483 0.13024 0
    outer loop
      vertex 250 14.5 4
      vertex 249.898 15.2765 2
      vertex 249.898 15.2765 4
    endloop
  endfacet
  facet normal 0.991483 0.13024 0
    outer loop
      vertex 249.898 15.2765 2
      vertex 250 14.5 4
      vertex 250 14.5 2
    endloop
  endfacet
  facet normal -0.608994 0.793174 0
    outer loop
      vertex 245.5 17.0981 2
      vertex 244.879 16.6213 4
      vertex 245.5 17.0981 4
    endloop
  endfacet
  facet normal -0.608994 0.793174 0
    outer loop
      vertex 244.879 16.6213 4
      vertex 245.5 17.0981 2
      vertex 244.879 16.6213 2
    endloop
  endfacet
  facet normal -0.382476 0.923966 0
    outer loop
      vertex 246.224 17.3978 2
      vertex 245.5 17.0981 4
      vertex 246.224 17.3978 4
    endloop
  endfacet
  facet normal -0.382476 0.923966 0
    outer loop
      vertex 245.5 17.0981 4
      vertex 246.224 17.3978 2
      vertex 245.5 17.0981 2
    endloop
  endfacet
  facet normal 0.608994 -0.793174 0
    outer loop
      vertex 248.5 11.9019 2
      vertex 249.121 12.3787 4
      vertex 248.5 11.9019 4
    endloop
  endfacet
  facet normal 0.608994 -0.793174 0
    outer loop
      vertex 249.121 12.3787 4
      vertex 248.5 11.9019 2
      vertex 249.121 12.3787 2
    endloop
  endfacet
  facet normal 0.608994 0.793174 -0
    outer loop
      vertex 249.121 16.6213 2
      vertex 248.5 17.0981 4
      vertex 249.121 16.6213 4
    endloop
  endfacet
  facet normal 0.608994 0.793174 0
    outer loop
      vertex 248.5 17.0981 4
      vertex 249.121 16.6213 2
      vertex 248.5 17.0981 2
    endloop
  endfacet
  facet normal -0.130573 -0.991439 0
    outer loop
      vertex 246.224 11.6022 2
      vertex 247 11.5 4
      vertex 246.224 11.6022 4
    endloop
  endfacet
  facet normal -0.130573 -0.991439 -0
    outer loop
      vertex 247 11.5 4
      vertex 246.224 11.6022 2
      vertex 247 11.5 2
    endloop
  endfacet
  facet normal 0.130573 0.991439 -0
    outer loop
      vertex 247.776 17.3978 2
      vertex 247 17.5 4
      vertex 247.776 17.3978 4
    endloop
  endfacet
  facet normal 0.130573 0.991439 0
    outer loop
      vertex 247 17.5 4
      vertex 247.776 17.3978 2
      vertex 247 17.5 2
    endloop
  endfacet
  facet normal 0.382476 0.923966 -0
    outer loop
      vertex 248.5 17.0981 2
      vertex 247.776 17.3978 4
      vertex 248.5 17.0981 4
    endloop
  endfacet
  facet normal 0.382476 0.923966 0
    outer loop
      vertex 247.776 17.3978 4
      vertex 248.5 17.0981 2
      vertex 247.776 17.3978 2
    endloop
  endfacet
  facet normal -0.608994 -0.793174 0
    outer loop
      vertex 244.879 12.3787 2
      vertex 245.5 11.9019 4
      vertex 244.879 12.3787 4
    endloop
  endfacet
  facet normal -0.608994 -0.793174 -0
    outer loop
      vertex 245.5 11.9019 4
      vertex 244.879 12.3787 2
      vertex 245.5 11.9019 2
    endloop
  endfacet
  facet normal 0.793193 0.60897 0
    outer loop
      vertex 249.598 16 4
      vertex 249.121 16.6213 2
      vertex 249.121 16.6213 4
    endloop
  endfacet
  facet normal 0.793193 0.60897 0
    outer loop
      vertex 249.121 16.6213 2
      vertex 249.598 16 4
      vertex 249.598 16 2
    endloop
  endfacet
  facet normal 0.793193 -0.60897 0
    outer loop
      vertex 249.121 12.3787 4
      vertex 249.598 13 2
      vertex 249.598 13 4
    endloop
  endfacet
  facet normal 0.793193 -0.60897 0
    outer loop
      vertex 249.598 13 2
      vertex 249.121 12.3787 4
      vertex 249.121 12.3787 2
    endloop
  endfacet
  facet normal 0.382476 -0.923966 0
    outer loop
      vertex 247.776 11.6022 2
      vertex 248.5 11.9019 4
      vertex 247.776 11.6022 4
    endloop
  endfacet
  facet normal 0.382476 -0.923966 0
    outer loop
      vertex 248.5 11.9019 4
      vertex 247.776 11.6022 2
      vertex 248.5 11.9019 2
    endloop
  endfacet
  facet normal -0.793193 0.60897 0
    outer loop
      vertex 244.402 16 2
      vertex 244.879 16.6213 4
      vertex 244.879 16.6213 2
    endloop
  endfacet
  facet normal -0.793193 0.60897 0
    outer loop
      vertex 244.879 16.6213 4
      vertex 244.402 16 2
      vertex 244.402 16 4
    endloop
  endfacet
  facet normal -0.793193 -0.60897 0
    outer loop
      vertex 244.879 12.3787 2
      vertex 244.402 13 4
      vertex 244.402 13 2
    endloop
  endfacet
  facet normal -0.793193 -0.60897 0
    outer loop
      vertex 244.402 13 4
      vertex 244.879 12.3787 2
      vertex 244.879 12.3787 4
    endloop
  endfacet
  facet normal 0.991483 -0.13024 0
    outer loop
      vertex 249.898 13.7235 4
      vertex 250 14.5 2
      vertex 250 14.5 4
    endloop
  endfacet
  facet normal 0.991483 -0.13024 0
    outer loop
      vertex 250 14.5 2
      vertex 249.898 13.7235 4
      vertex 249.898 13.7235 2
    endloop
  endfacet
  facet normal -0.130573 0.991439 0
    outer loop
      vertex 247 17.5 2
      vertex 246.224 17.3978 4
      vertex 247 17.5 4
    endloop
  endfacet
  facet normal -0.130573 0.991439 0
    outer loop
      vertex 246.224 17.3978 4
      vertex 247 17.5 2
      vertex 246.224 17.3978 2
    endloop
  endfacet
  facet normal -0.923737 -0.383028 0
    outer loop
      vertex 244.402 13 2
      vertex 244.102 13.7235 4
      vertex 244.102 13.7235 2
    endloop
  endfacet
  facet normal -0.923737 -0.383028 0
    outer loop
      vertex 244.102 13.7235 4
      vertex 244.402 13 2
      vertex 244.402 13 4
    endloop
  endfacet
  facet normal -0.991483 -0.13024 0
    outer loop
      vertex 244.102 13.7235 2
      vertex 244 14.5 4
      vertex 244 14.5 2
    endloop
  endfacet
  facet normal -0.991483 -0.13024 0
    outer loop
      vertex 244 14.5 4
      vertex 244.102 13.7235 2
      vertex 244.102 13.7235 4
    endloop
  endfacet
  facet normal 0.923737 -0.383028 0
    outer loop
      vertex 249.598 13 4
      vertex 249.898 13.7235 2
      vertex 249.898 13.7235 4
    endloop
  endfacet
  facet normal 0.923737 -0.383028 0
    outer loop
      vertex 249.898 13.7235 2
      vertex 249.598 13 4
      vertex 249.598 13 2
    endloop
  endfacet
  facet normal -0.382476 -0.923966 0
    outer loop
      vertex 245.5 11.9019 2
      vertex 246.224 11.6022 4
      vertex 245.5 11.9019 4
    endloop
  endfacet
  facet normal -0.382476 -0.923966 -0
    outer loop
      vertex 246.224 11.6022 4
      vertex 245.5 11.9019 2
      vertex 246.224 11.6022 2
    endloop
  endfacet
  facet normal 0 0 1
    outer loop
      vertex 249.898 15.2765 4
      vertex 248.449 14.8882 4
      vertex 248.5 14.5 4
    endloop
  endfacet
  facet normal 0 0 1
    outer loop
      vertex 249.121 16.6213 4
      vertex 248.299 15.25 4
      vertex 248.449 14.8882 4
    endloop
  endfacet
  facet normal 0 0 1
    outer loop
      vertex 249.121 16.6213 4
      vertex 248.061 15.5607 4
      vertex 248.299 15.25 4
    endloop
  endfacet
  facet normal 0 0 1
    outer loop
      vertex 247.75 15.799 4
      vertex 248.5 17.0981 4
      vertex 247.776 17.3978 4
    endloop
  endfacet
  facet normal 0 0 1
    outer loop
      vertex 248.5 17.0981 4
      vertex 247.75 15.799 4
      vertex 248.061 15.5607 4
    endloop
  endfacet
  facet normal 0 0 1
    outer loop
      vertex 247.776 17.3978 4
      vertex 247.388 15.9489 4
      vertex 247.75 15.799 4
    endloop
  endfacet
  facet normal 0 0 1
    outer loop
      vertex 247 17.5 4
      vertex 247.388 15.9489 4
      vertex 247.776 17.3978 4
    endloop
  endfacet
  facet normal 0 0 1
    outer loop
      vertex 247 17.5 4
      vertex 247 16 4
      vertex 247.388 15.9489 4
    endloop
  endfacet
  facet normal 0 0 1
    outer loop
      vertex 247 17.5 4
      vertex 246.612 15.9489 4
      vertex 247 16 4
    endloop
  endfacet
  facet normal -0 0 1
    outer loop
      vertex 246.224 17.3978 4
      vertex 246.612 15.9489 4
      vertex 247 17.5 4
    endloop
  endfacet
  facet normal 0 0 1
    outer loop
      vertex 246.612 15.9489 4
      vertex 246.224 17.3978 4
      vertex 246.25 15.799 4
    endloop
  endfacet
  facet normal -0 0 1
    outer loop
      vertex 245.5 17.0981 4
      vertex 246.25 15.799 4
      vertex 246.224 17.3978 4
    endloop
  endfacet
  facet normal 0 0 1
    outer loop
      vertex 246.25 15.799 4
      vertex 245.5 17.0981 4
      vertex 245.939 15.5607 4
    endloop
  endfacet
  facet normal -0 0 1
    outer loop
      vertex 244.879 16.6213 4
      vertex 245.939 15.5607 4
      vertex 245.5 17.0981 4
    endloop
  endfacet
  facet normal 0 0 1
    outer loop
      vertex 245.939 15.5607 4
      vertex 244.879 16.6213 4
      vertex 245.701 15.25 4
    endloop
  endfacet
  facet normal -0 0 1
    outer loop
      vertex 244.402 16 4
      vertex 245.701 15.25 4
      vertex 244.879 16.6213 4
    endloop
  endfacet
  facet normal 0 0 1
    outer loop
      vertex 245.701 15.25 4
      vertex 244.402 16 4
      vertex 245.551 14.8882 4
    endloop
  endfacet
  facet normal -0 0 1
    outer loop
      vertex 244.102 15.2765 4
      vertex 245.551 14.8882 4
      vertex 244.402 16 4
    endloop
  endfacet
  facet normal 0 0 1
    outer loop
      vertex 245.5 14.5 4
      vertex 244.879 12.3787 4
      vertex 245.5 11.9019 4
    endloop
  endfacet
  facet normal 0 0 1
    outer loop
      vertex 245.551 14.8882 4
      vertex 244.102 15.2765 4
      vertex 245.5 14.5 4
    endloop
  endfacet
  facet normal 0 0 1
    outer loop
      vertex 245.5 14.5 4
      vertex 244.402 13 4
      vertex 244.879 12.3787 4
    endloop
  endfacet
  facet normal 0 0 1
    outer loop
      vertex 244 14.5 4
      vertex 245.5 14.5 4
      vertex 244.102 15.2765 4
    endloop
  endfacet
  facet normal 0 0 1
    outer loop
      vertex 245.5 14.5 4
      vertex 244.102 13.7235 4
      vertex 244.402 13 4
    endloop
  endfacet
  facet normal 0 0 1
    outer loop
      vertex 245.5 14.5 4
      vertex 244 14.5 4
      vertex 244.102 13.7235 4
    endloop
  endfacet
  facet normal 0 0 1
    outer loop
      vertex 248.5 14.5 4
      vertex 250 14.5 4
      vertex 249.898 15.2765 4
    endloop
  endfacet
  facet normal 0 0 1
    outer loop
      vertex 248.449 14.8882 4
      vertex 249.898 15.2765 4
      vertex 249.598 16 4
    endloop
  endfacet
  facet normal 0 0 1
    outer loop
      vertex 250 14.5 4
      vertex 248.5 14.5 4
      vertex 249.898 13.7235 4
    endloop
  endfacet
  facet normal 0 0 1
    outer loop
      vertex 248.449 14.8882 4
      vertex 249.598 16 4
      vertex 249.121 16.6213 4
    endloop
  endfacet
  facet normal -0 0 1
    outer loop
      vertex 248.449 14.1118 4
      vertex 249.898 13.7235 4
      vertex 248.5 14.5 4
    endloop
  endfacet
  facet normal 0 0 1
    outer loop
      vertex 248.061 15.5607 4
      vertex 249.121 16.6213 4
      vertex 248.5 17.0981 4
    endloop
  endfacet
  facet normal 0 0 1
    outer loop
      vertex 249.898 13.7235 4
      vertex 248.449 14.1118 4
      vertex 249.598 13 4
    endloop
  endfacet
  facet normal -0 0 1
    outer loop
      vertex 248.299 13.75 4
      vertex 249.598 13 4
      vertex 248.449 14.1118 4
    endloop
  endfacet
  facet normal 0 0 1
    outer loop
      vertex 249.598 13 4
      vertex 248.299 13.75 4
      vertex 249.121 12.3787 4
    endloop
  endfacet
  facet normal -0 0 1
    outer loop
      vertex 248.061 13.4393 4
      vertex 249.121 12.3787 4
      vertex 248.299 13.75 4
    endloop
  endfacet
  facet normal 0 0 1
    outer loop
      vertex 249.121 12.3787 4
      vertex 248.061 13.4393 4
      vertex 248.5 11.9019 4
    endloop
  endfacet
  facet normal -0 0 1
    outer loop
      vertex 247.75 13.201 4
      vertex 248.5 11.9019 4
      vertex 248.061 13.4393 4
    endloop
  endfacet
  facet normal 0 0 1
    outer loop
      vertex 248.5 11.9019 4
      vertex 247.75 13.201 4
      vertex 247.776 11.6022 4
    endloop
  endfacet
  facet normal -0 0 1
    outer loop
      vertex 247.388 13.0511 4
      vertex 247.776 11.6022 4
      vertex 247.75 13.201 4
    endloop
  endfacet
  facet normal -0 0 1
    outer loop
      vertex 247 13 4
      vertex 247.776 11.6022 4
      vertex 247.388 13.0511 4
    endloop
  endfacet
  facet normal 0 0 1
    outer loop
      vertex 247 13 4
      vertex 247 11.5 4
      vertex 247.776 11.6022 4
    endloop
  endfacet
  facet normal 0 0 1
    outer loop
      vertex 246.612 13.0511 4
      vertex 247 11.5 4
      vertex 247 13 4
    endloop
  endfacet
  facet normal 0 0 1
    outer loop
      vertex 246.224 11.6022 4
      vertex 246.612 13.0511 4
      vertex 246.25 13.201 4
    endloop
  endfacet
  facet normal 0 0 1
    outer loop
      vertex 246.612 13.0511 4
      vertex 246.224 11.6022 4
      vertex 247 11.5 4
    endloop
  endfacet
  facet normal 0 0 1
    outer loop
      vertex 245.5 11.9019 4
      vertex 246.25 13.201 4
      vertex 245.939 13.4393 4
    endloop
  endfacet
  facet normal 0 0 1
    outer loop
      vertex 245.5 11.9019 4
      vertex 245.939 13.4393 4
      vertex 245.701 13.75 4
    endloop
  endfacet
  facet normal 0 0 1
    outer loop
      vertex 245.5 11.9019 4
      vertex 245.701 13.75 4
      vertex 245.551 14.1118 4
    endloop
  endfacet
  facet normal 0 0 1
    outer loop
      vertex 246.25 13.201 4
      vertex 245.5 11.9019 4
      vertex 246.224 11.6022 4
    endloop
  endfacet
  facet normal 0 0 1
    outer loop
      vertex 245.5 11.9019 4
      vertex 245.551 14.1118 4
      vertex 245.5 14.5 4
    endloop
  endfacet
  facet normal 0.130573 -0.991439 0
    outer loop
      vertex 247 11.5 2
      vertex 247.776 11.6022 4
      vertex 247 11.5 4
    endloop
  endfacet
  facet normal 0.130573 -0.991439 0
    outer loop
      vertex 247.776 11.6022 4
      vertex 247 11.5 2
      vertex 247.776 11.6022 2
    endloop
  endfacet
  facet normal -0.923737 0.383028 0
    outer loop
      vertex 244.102 15.2765 2
      vertex 244.402 16 4
      vertex 244.402 16 2
    endloop
  endfacet
  facet normal -0.923737 0.383028 0
    outer loop
      vertex 244.402 16 4
      vertex 244.102 15.2765 2
      vertex 244.102 15.2765 4
    endloop
  endfacet
  facet normal -0.991483 0.13024 0
    outer loop
      vertex 244 14.5 2
      vertex 244.102 15.2765 4
      vertex 244.102 15.2765 2
    endloop
  endfacet
  facet normal -0.991483 0.13024 0
    outer loop
      vertex 244.102 15.2765 4
      vertex 244 14.5 2
      vertex 244 14.5 4
    endloop
  endfacet
  facet normal -0.923755 -0.382983 0
    outer loop
      vertex 248.449 14.8882 2
      vertex 248.299 15.25 4
      vertex 248.299 15.25 2
    endloop
  endfacet
  facet normal -0.923755 -0.382983 0
    outer loop
      vertex 248.299 15.25 4
      vertex 248.449 14.8882 2
      vertex 248.449 14.8882 4
    endloop
  endfacet
  facet normal -0.99148 -0.130256 0
    outer loop
      vertex 248.5 14.5 2
      vertex 248.449 14.8882 4
      vertex 248.449 14.8882 2
    endloop
  endfacet
  facet normal -0.99148 -0.130256 0
    outer loop
      vertex 248.449 14.8882 4
      vertex 248.5 14.5 2
      vertex 248.5 14.5 4
    endloop
  endfacet
  facet normal 0.608217 -0.793771 0
    outer loop
      vertex 245.939 15.5607 2
      vertex 246.25 15.799 4
      vertex 245.939 15.5607 4
    endloop
  endfacet
  facet normal 0.608217 -0.793771 0
    outer loop
      vertex 246.25 15.799 4
      vertex 245.939 15.5607 2
      vertex 246.25 15.799 2
    endloop
  endfacet
  facet normal 0.382585 -0.92392 0
    outer loop
      vertex 246.25 15.799 2
      vertex 246.612 15.9489 4
      vertex 246.25 15.799 4
    endloop
  endfacet
  facet normal 0.382585 -0.92392 0
    outer loop
      vertex 246.612 15.9489 4
      vertex 246.25 15.799 2
      vertex 246.612 15.9489 2
    endloop
  endfacet
  facet normal -0.608217 0.793771 0
    outer loop
      vertex 248.061 13.4393 2
      vertex 247.75 13.201 4
      vertex 248.061 13.4393 4
    endloop
  endfacet
  facet normal -0.608217 0.793771 0
    outer loop
      vertex 247.75 13.201 4
      vertex 248.061 13.4393 2
      vertex 247.75 13.201 2
    endloop
  endfacet
  facet normal -0.608217 -0.793771 0
    outer loop
      vertex 247.75 15.799 2
      vertex 248.061 15.5607 4
      vertex 247.75 15.799 4
    endloop
  endfacet
  facet normal -0.608217 -0.793771 -0
    outer loop
      vertex 248.061 15.5607 4
      vertex 247.75 15.799 2
      vertex 248.061 15.5607 2
    endloop
  endfacet
  facet normal 0.130573 0.991439 -0
    outer loop
      vertex 247 13 2
      vertex 246.612 13.0511 4
      vertex 247 13 4
    endloop
  endfacet
  facet normal 0.130573 0.991439 0
    outer loop
      vertex 246.612 13.0511 4
      vertex 247 13 2
      vertex 246.612 13.0511 2
    endloop
  endfacet
  facet normal -0.130573 -0.991439 0
    outer loop
      vertex 247 16 2
      vertex 247.388 15.9489 4
      vertex 247 16 4
    endloop
  endfacet
  facet normal -0.130573 -0.991439 -0
    outer loop
      vertex 247.388 15.9489 4
      vertex 247 16 2
      vertex 247.388 15.9489 2
    endloop
  endfacet
  facet normal -0.382585 -0.92392 0
    outer loop
      vertex 247.388 15.9489 2
      vertex 247.75 15.799 4
      vertex 247.388 15.9489 4
    endloop
  endfacet
  facet normal -0.382585 -0.92392 -0
    outer loop
      vertex 247.75 15.799 4
      vertex 247.388 15.9489 2
      vertex 247.75 15.799 2
    endloop
  endfacet
  facet normal 0.608217 0.793771 -0
    outer loop
      vertex 246.25 13.201 2
      vertex 245.939 13.4393 4
      vertex 246.25 13.201 4
    endloop
  endfacet
  facet normal 0.608217 0.793771 0
    outer loop
      vertex 245.939 13.4393 4
      vertex 246.25 13.201 2
      vertex 245.939 13.4393 2
    endloop
  endfacet
  facet normal -0.793857 -0.608104 0
    outer loop
      vertex 248.299 15.25 2
      vertex 248.061 15.5607 4
      vertex 248.061 15.5607 2
    endloop
  endfacet
  facet normal -0.793857 -0.608104 0
    outer loop
      vertex 248.061 15.5607 4
      vertex 248.299 15.25 2
      vertex 248.299 15.25 4
    endloop
  endfacet
  facet normal -0.793857 0.608104 0
    outer loop
      vertex 248.061 13.4393 2
      vertex 248.299 13.75 4
      vertex 248.299 13.75 2
    endloop
  endfacet
  facet normal -0.793857 0.608104 0
    outer loop
      vertex 248.299 13.75 4
      vertex 248.061 13.4393 2
      vertex 248.061 13.4393 4
    endloop
  endfacet
  facet normal -0.382585 0.92392 0
    outer loop
      vertex 247.75 13.201 2
      vertex 247.388 13.0511 4
      vertex 247.75 13.201 4
    endloop
  endfacet
  facet normal -0.382585 0.92392 0
    outer loop
      vertex 247.388 13.0511 4
      vertex 247.75 13.201 2
      vertex 247.388 13.0511 2
    endloop
  endfacet
  facet normal 0.793857 -0.608104 0
    outer loop
      vertex 245.701 15.25 4
      vertex 245.939 15.5607 2
      vertex 245.939 15.5607 4
    endloop
  endfacet
  facet normal 0.793857 -0.608104 0
    outer loop
      vertex 245.939 15.5607 2
      vertex 245.701 15.25 4
      vertex 245.701 15.25 2
    endloop
  endfacet
  facet normal 0.793857 0.608104 0
    outer loop
      vertex 245.939 13.4393 4
      vertex 245.701 13.75 2
      vertex 245.701 13.75 4
    endloop
  endfacet
  facet normal 0.793857 0.608104 0
    outer loop
      vertex 245.701 13.75 2
      vertex 245.939 13.4393 4
      vertex 245.939 13.4393 2
    endloop
  endfacet
  facet normal -0.99148 0.130256 0
    outer loop
      vertex 248.449 14.1118 2
      vertex 248.5 14.5 4
      vertex 248.5 14.5 2
    endloop
  endfacet
  facet normal -0.99148 0.130256 0
    outer loop
      vertex 248.5 14.5 4
      vertex 248.449 14.1118 2
      vertex 248.449 14.1118 4
    endloop
  endfacet
  facet normal 0.130573 -0.991439 0
    outer loop
      vertex 246.612 15.9489 2
      vertex 247 16 4
      vertex 246.612 15.9489 4
    endloop
  endfacet
  facet normal 0.130573 -0.991439 0
    outer loop
      vertex 247 16 4
      vertex 246.612 15.9489 2
      vertex 247 16 2
    endloop
  endfacet
  facet normal 0.923755 0.382983 0
    outer loop
      vertex 245.701 13.75 4
      vertex 245.551 14.1118 2
      vertex 245.551 14.1118 4
    endloop
  endfacet
  facet normal 0.923755 0.382983 0
    outer loop
      vertex 245.551 14.1118 2
      vertex 245.701 13.75 4
      vertex 245.701 13.75 2
    endloop
  endfacet
  facet normal 0.99148 0.130256 0
    outer loop
      vertex 245.551 14.1118 4
      vertex 245.5 14.5 2
      vertex 245.5 14.5 4
    endloop
  endfacet
  facet normal 0.99148 0.130256 0
    outer loop
      vertex 245.5 14.5 2
      vertex 245.551 14.1118 4
      vertex 245.551 14.1118 2
    endloop
  endfacet
  facet normal -0.923755 0.382983 0
    outer loop
      vertex 248.299 13.75 2
      vertex 248.449 14.1118 4
      vertex 248.449 14.1118 2
    endloop
  endfacet
  facet normal -0.923755 0.382983 0
    outer loop
      vertex 248.449 14.1118 4
      vertex 248.299 13.75 2
      vertex 248.299 13.75 4
    endloop
  endfacet
  facet normal 0.382585 0.92392 -0
    outer loop
      vertex 246.612 13.0511 2
      vertex 246.25 13.201 4
      vertex 246.612 13.0511 4
    endloop
  endfacet
  facet normal 0.382585 0.92392 0
    outer loop
      vertex 246.25 13.201 4
      vertex 246.612 13.0511 2
      vertex 246.25 13.201 2
    endloop
  endfacet
  facet normal -0.130573 0.991439 0
    outer loop
      vertex 247.388 13.0511 2
      vertex 247 13 4
      vertex 247.388 13.0511 4
    endloop
  endfacet
  facet normal -0.130573 0.991439 0
    outer loop
      vertex 247 13 4
      vertex 247.388 13.0511 2
      vertex 247 13 2
    endloop
  endfacet
  facet normal 0.923755 -0.382983 0
    outer loop
      vertex 245.551 14.8882 4
      vertex 245.701 15.25 2
      vertex 245.701 15.25 4
    endloop
  endfacet
  facet normal 0.923755 -0.382983 0
    outer loop
      vertex 245.701 15.25 2
      vertex 245.551 14.8882 4
      vertex 245.551 14.8882 2
    endloop
  endfacet
  facet normal 0.99148 -0.130256 0
    outer loop
      vertex 245.5 14.5 4
      vertex 245.551 14.8882 2
      vertex 245.551 14.8882 4
    endloop
  endfacet
  facet normal 0.99148 -0.130256 0
    outer loop
      vertex 245.551 14.8882 2
      vertex 245.5 14.5 4
      vertex 245.5 14.5 2
    endloop
  endfacet
  facet normal 0.923737 0.383028 0
    outer loop
      vertex 200.398 15.2765 4
      vertex 200.098 16 2
      vertex 200.098 16 4
    endloop
  endfacet
  facet normal 0.923737 0.383028 0
    outer loop
      vertex 200.098 16 2
      vertex 200.398 15.2765 4
      vertex 200.398 15.2765 2
    endloop
  endfacet
  facet normal 0.991483 0.13024 0
    outer loop
      vertex 200.5 14.5 4
      vertex 200.398 15.2765 2
      vertex 200.398 15.2765 4
    endloop
  endfacet
  facet normal 0.991483 0.13024 0
    outer loop
      vertex 200.398 15.2765 2
      vertex 200.5 14.5 4
      vertex 200.5 14.5 2
    endloop
  endfacet
  facet normal -0.608994 0.793174 0
    outer loop
      vertex 196 17.0981 2
      vertex 195.379 16.6213 4
      vertex 196 17.0981 4
    endloop
  endfacet
  facet normal -0.608994 0.793174 0
    outer loop
      vertex 195.379 16.6213 4
      vertex 196 17.0981 2
      vertex 195.379 16.6213 2
    endloop
  endfacet
  facet normal -0.382476 0.923966 0
    outer loop
      vertex 196.724 17.3978 2
      vertex 196 17.0981 4
      vertex 196.724 17.3978 4
    endloop
  endfacet
  facet normal -0.382476 0.923966 0
    outer loop
      vertex 196 17.0981 4
      vertex 196.724 17.3978 2
      vertex 196 17.0981 2
    endloop
  endfacet
  facet normal 0.608994 -0.793174 0
    outer loop
      vertex 199 11.9019 2
      vertex 199.621 12.3787 4
      vertex 199 11.9019 4
    endloop
  endfacet
  facet normal 0.608994 -0.793174 0
    outer loop
      vertex 199.621 12.3787 4
      vertex 199 11.9019 2
      vertex 199.621 12.3787 2
    endloop
  endfacet
  facet normal 0.608994 0.793174 -0
    outer loop
      vertex 199.621 16.6213 2
      vertex 199 17.0981 4
      vertex 199.621 16.6213 4
    endloop
  endfacet
  facet normal 0.608994 0.793174 0
    outer loop
      vertex 199 17.0981 4
      vertex 199.621 16.6213 2
      vertex 199 17.0981 2
    endloop
  endfacet
  facet normal -0.130573 -0.991439 0
    outer loop
      vertex 196.724 11.6022 2
      vertex 197.5 11.5 4
      vertex 196.724 11.6022 4
    endloop
  endfacet
  facet normal -0.130573 -0.991439 -0
    outer loop
      vertex 197.5 11.5 4
      vertex 196.724 11.6022 2
      vertex 197.5 11.5 2
    endloop
  endfacet
  facet normal 0.130573 0.991439 -0
    outer loop
      vertex 198.276 17.3978 2
      vertex 197.5 17.5 4
      vertex 198.276 17.3978 4
    endloop
  endfacet
  facet normal 0.130573 0.991439 0
    outer loop
      vertex 197.5 17.5 4
      vertex 198.276 17.3978 2
      vertex 197.5 17.5 2
    endloop
  endfacet
  facet normal 0.382476 0.923966 -0
    outer loop
      vertex 199 17.0981 2
      vertex 198.276 17.3978 4
      vertex 199 17.0981 4
    endloop
  endfacet
  facet normal 0.382476 0.923966 0
    outer loop
      vertex 198.276 17.3978 4
      vertex 199 17.0981 2
      vertex 198.276 17.3978 2
    endloop
  endfacet
  facet normal -0.608994 -0.793174 0
    outer loop
      vertex 195.379 12.3787 2
      vertex 196 11.9019 4
      vertex 195.379 12.3787 4
    endloop
  endfacet
  facet normal -0.608994 -0.793174 -0
    outer loop
      vertex 196 11.9019 4
      vertex 195.379 12.3787 2
      vertex 196 11.9019 2
    endloop
  endfacet
  facet normal 0.793193 0.60897 0
    outer loop
      vertex 200.098 16 4
      vertex 199.621 16.6213 2
      vertex 199.621 16.6213 4
    endloop
  endfacet
  facet normal 0.793193 0.60897 0
    outer loop
      vertex 199.621 16.6213 2
      vertex 200.098 16 4
      vertex 200.098 16 2
    endloop
  endfacet
  facet normal 0.793193 -0.60897 0
    outer loop
      vertex 199.621 12.3787 4
      vertex 200.098 13 2
      vertex 200.098 13 4
    endloop
  endfacet
  facet normal 0.793193 -0.60897 0
    outer loop
      vertex 200.098 13 2
      vertex 199.621 12.3787 4
      vertex 199.621 12.3787 2
    endloop
  endfacet
  facet normal 0.382476 -0.923966 0
    outer loop
      vertex 198.276 11.6022 2
      vertex 199 11.9019 4
      vertex 198.276 11.6022 4
    endloop
  endfacet
  facet normal 0.382476 -0.923966 0
    outer loop
      vertex 199 11.9019 4
      vertex 198.276 11.6022 2
      vertex 199 11.9019 2
    endloop
  endfacet
  facet normal -0.793193 0.60897 0
    outer loop
      vertex 194.902 16 2
      vertex 195.379 16.6213 4
      vertex 195.379 16.6213 2
    endloop
  endfacet
  facet normal -0.793193 0.60897 0
    outer loop
      vertex 195.379 16.6213 4
      vertex 194.902 16 2
      vertex 194.902 16 4
    endloop
  endfacet
  facet normal -0.793193 -0.60897 0
    outer loop
      vertex 195.379 12.3787 2
      vertex 194.902 13 4
      vertex 194.902 13 2
    endloop
  endfacet
  facet normal -0.793193 -0.60897 0
    outer loop
      vertex 194.902 13 4
      vertex 195.379 12.3787 2
      vertex 195.379 12.3787 4
    endloop
  endfacet
  facet normal 0.991483 -0.13024 0
    outer loop
      vertex 200.398 13.7235 4
      vertex 200.5 14.5 2
      vertex 200.5 14.5 4
    endloop
  endfacet
  facet normal 0.991483 -0.13024 0
    outer loop
      vertex 200.5 14.5 2
      vertex 200.398 13.7235 4
      vertex 200.398 13.7235 2
    endloop
  endfacet
  facet normal -0.130573 0.991439 0
    outer loop
      vertex 197.5 17.5 2
      vertex 196.724 17.3978 4
      vertex 197.5 17.5 4
    endloop
  endfacet
  facet normal -0.130573 0.991439 0
    outer loop
      vertex 196.724 17.3978 4
      vertex 197.5 17.5 2
      vertex 196.724 17.3978 2
    endloop
  endfacet
  facet normal -0.923737 -0.383028 0
    outer loop
      vertex 194.902 13 2
      vertex 194.602 13.7235 4
      vertex 194.602 13.7235 2
    endloop
  endfacet
  facet normal -0.923737 -0.383028 0
    outer loop
      vertex 194.602 13.7235 4
      vertex 194.902 13 2
      vertex 194.902 13 4
    endloop
  endfacet
  facet normal -0.991483 -0.13024 0
    outer loop
      vertex 194.602 13.7235 2
      vertex 194.5 14.5 4
      vertex 194.5 14.5 2
    endloop
  endfacet
  facet normal -0.991483 -0.13024 0
    outer loop
      vertex 194.5 14.5 4
      vertex 194.602 13.7235 2
      vertex 194.602 13.7235 4
    endloop
  endfacet
  facet normal 0.923737 -0.383028 0
    outer loop
      vertex 200.098 13 4
      vertex 200.398 13.7235 2
      vertex 200.398 13.7235 4
    endloop
  endfacet
  facet normal 0.923737 -0.383028 0
    outer loop
      vertex 200.398 13.7235 2
      vertex 200.098 13 4
      vertex 200.098 13 2
    endloop
  endfacet
  facet normal -0.382476 -0.923966 0
    outer loop
      vertex 196 11.9019 2
      vertex 196.724 11.6022 4
      vertex 196 11.9019 4
    endloop
  endfacet
  facet normal -0.382476 -0.923966 -0
    outer loop
      vertex 196.724 11.6022 4
      vertex 196 11.9019 2
      vertex 196.724 11.6022 2
    endloop
  endfacet
  facet normal 0 0 1
    outer loop
      vertex 200.398 15.2765 4
      vertex 198.949 14.8882 4
      vertex 199 14.5 4
    endloop
  endfacet
  facet normal 0 0 1
    outer loop
      vertex 199.621 16.6213 4
      vertex 198.799 15.25 4
      vertex 198.949 14.8882 4
    endloop
  endfacet
  facet normal 0 0 1
    outer loop
      vertex 199.621 16.6213 4
      vertex 198.561 15.5607 4
      vertex 198.799 15.25 4
    endloop
  endfacet
  facet normal 0 0 1
    outer loop
      vertex 198.25 15.799 4
      vertex 199 17.0981 4
      vertex 198.276 17.3978 4
    endloop
  endfacet
  facet normal 0 0 1
    outer loop
      vertex 199 17.0981 4
      vertex 198.25 15.799 4
      vertex 198.561 15.5607 4
    endloop
  endfacet
  facet normal 0 0 1
    outer loop
      vertex 198.276 17.3978 4
      vertex 197.888 15.9489 4
      vertex 198.25 15.799 4
    endloop
  endfacet
  facet normal 0 0 1
    outer loop
      vertex 197.5 17.5 4
      vertex 197.888 15.9489 4
      vertex 198.276 17.3978 4
    endloop
  endfacet
  facet normal 0 0 1
    outer loop
      vertex 197.5 17.5 4
      vertex 197.5 16 4
      vertex 197.888 15.9489 4
    endloop
  endfacet
  facet normal 0 0 1
    outer loop
      vertex 197.5 17.5 4
      vertex 197.112 15.9489 4
      vertex 197.5 16 4
    endloop
  endfacet
  facet normal -0 0 1
    outer loop
      vertex 196.724 17.3978 4
      vertex 197.112 15.9489 4
      vertex 197.5 17.5 4
    endloop
  endfacet
  facet normal 0 0 1
    outer loop
      vertex 197.112 15.9489 4
      vertex 196.724 17.3978 4
      vertex 196.75 15.799 4
    endloop
  endfacet
  facet normal -0 0 1
    outer loop
      vertex 196 17.0981 4
      vertex 196.75 15.799 4
      vertex 196.724 17.3978 4
    endloop
  endfacet
  facet normal 0 0 1
    outer loop
      vertex 196.75 15.799 4
      vertex 196 17.0981 4
      vertex 196.439 15.5607 4
    endloop
  endfacet
  facet normal -0 0 1
    outer loop
      vertex 195.379 16.6213 4
      vertex 196.439 15.5607 4
      vertex 196 17.0981 4
    endloop
  endfacet
  facet normal 0 0 1
    outer loop
      vertex 196.439 15.5607 4
      vertex 195.379 16.6213 4
      vertex 196.201 15.25 4
    endloop
  endfacet
  facet normal -0 0 1
    outer loop
      vertex 194.902 16 4
      vertex 196.201 15.25 4
      vertex 195.379 16.6213 4
    endloop
  endfacet
  facet normal 0 0 1
    outer loop
      vertex 196.201 15.25 4
      vertex 194.902 16 4
      vertex 196.051 14.8882 4
    endloop
  endfacet
  facet normal -0 0 1
    outer loop
      vertex 194.602 15.2765 4
      vertex 196.051 14.8882 4
      vertex 194.902 16 4
    endloop
  endfacet
  facet normal 0 0 1
    outer loop
      vertex 196 14.5 4
      vertex 195.379 12.3787 4
      vertex 196 11.9019 4
    endloop
  endfacet
  facet normal 0 0 1
    outer loop
      vertex 196.051 14.8882 4
      vertex 194.602 15.2765 4
      vertex 196 14.5 4
    endloop
  endfacet
  facet normal 0 0 1
    outer loop
      vertex 196 14.5 4
      vertex 194.902 13 4
      vertex 195.379 12.3787 4
    endloop
  endfacet
  facet normal 0 0 1
    outer loop
      vertex 194.5 14.5 4
      vertex 196 14.5 4
      vertex 194.602 15.2765 4
    endloop
  endfacet
  facet normal 0 0 1
    outer loop
      vertex 196 14.5 4
      vertex 194.602 13.7235 4
      vertex 194.902 13 4
    endloop
  endfacet
  facet normal 0 0 1
    outer loop
      vertex 196 14.5 4
      vertex 194.5 14.5 4
      vertex 194.602 13.7235 4
    endloop
  endfacet
  facet normal 0 0 1
    outer loop
      vertex 199 14.5 4
      vertex 200.5 14.5 4
      vertex 200.398 15.2765 4
    endloop
  endfacet
  facet normal 0 0 1
    outer loop
      vertex 198.949 14.8882 4
      vertex 200.398 15.2765 4
      vertex 200.098 16 4
    endloop
  endfacet
  facet normal 0 0 1
    outer loop
      vertex 200.5 14.5 4
      vertex 199 14.5 4
      vertex 200.398 13.7235 4
    endloop
  endfacet
  facet normal 0 0 1
    outer loop
      vertex 198.949 14.8882 4
      vertex 200.098 16 4
      vertex 199.621 16.6213 4
    endloop
  endfacet
  facet normal -0 0 1
    outer loop
      vertex 198.949 14.1118 4
      vertex 200.398 13.7235 4
      vertex 199 14.5 4
    endloop
  endfacet
  facet normal 0 0 1
    outer loop
      vertex 198.561 15.5607 4
      vertex 199.621 16.6213 4
      vertex 199 17.0981 4
    endloop
  endfacet
  facet normal 0 0 1
    outer loop
      vertex 200.398 13.7235 4
      vertex 198.949 14.1118 4
      vertex 200.098 13 4
    endloop
  endfacet
  facet normal -0 0 1
    outer loop
      vertex 198.799 13.75 4
      vertex 200.098 13 4
      vertex 198.949 14.1118 4
    endloop
  endfacet
  facet normal 0 0 1
    outer loop
      vertex 200.098 13 4
      vertex 198.799 13.75 4
      vertex 199.621 12.3787 4
    endloop
  endfacet
  facet normal -0 0 1
    outer loop
      vertex 198.561 13.4393 4
      vertex 199.621 12.3787 4
      vertex 198.799 13.75 4
    endloop
  endfacet
  facet normal 0 0 1
    outer loop
      vertex 199.621 12.3787 4
      vertex 198.561 13.4393 4
      vertex 199 11.9019 4
    endloop
  endfacet
  facet normal -0 0 1
    outer loop
      vertex 198.25 13.201 4
      vertex 199 11.9019 4
      vertex 198.561 13.4393 4
    endloop
  endfacet
  facet normal 0 0 1
    outer loop
      vertex 199 11.9019 4
      vertex 198.25 13.201 4
      vertex 198.276 11.6022 4
    endloop
  endfacet
  facet normal -0 0 1
    outer loop
      vertex 197.888 13.0511 4
      vertex 198.276 11.6022 4
      vertex 198.25 13.201 4
    endloop
  endfacet
  facet normal -0 0 1
    outer loop
      vertex 197.5 13 4
      vertex 198.276 11.6022 4
      vertex 197.888 13.0511 4
    endloop
  endfacet
  facet normal 0 0 1
    outer loop
      vertex 197.5 13 4
      vertex 197.5 11.5 4
      vertex 198.276 11.6022 4
    endloop
  endfacet
  facet normal 0 0 1
    outer loop
      vertex 197.112 13.0511 4
      vertex 197.5 11.5 4
      vertex 197.5 13 4
    endloop
  endfacet
  facet normal 0 0 1
    outer loop
      vertex 196.724 11.6022 4
      vertex 197.112 13.0511 4
      vertex 196.75 13.201 4
    endloop
  endfacet
  facet normal 0 0 1
    outer loop
      vertex 197.112 13.0511 4
      vertex 196.724 11.6022 4
      vertex 197.5 11.5 4
    endloop
  endfacet
  facet normal 0 0 1
    outer loop
      vertex 196 11.9019 4
      vertex 196.75 13.201 4
      vertex 196.439 13.4393 4
    endloop
  endfacet
  facet normal 0 0 1
    outer loop
      vertex 196 11.9019 4
      vertex 196.439 13.4393 4
      vertex 196.201 13.75 4
    endloop
  endfacet
  facet normal 0 0 1
    outer loop
      vertex 196 11.9019 4
      vertex 196.201 13.75 4
      vertex 196.051 14.1118 4
    endloop
  endfacet
  facet normal 0 0 1
    outer loop
      vertex 196.75 13.201 4
      vertex 196 11.9019 4
      vertex 196.724 11.6022 4
    endloop
  endfacet
  facet normal 0 0 1
    outer loop
      vertex 196 11.9019 4
      vertex 196.051 14.1118 4
      vertex 196 14.5 4
    endloop
  endfacet
  facet normal 0.130573 -0.991439 0
    outer loop
      vertex 197.5 11.5 2
      vertex 198.276 11.6022 4
      vertex 197.5 11.5 4
    endloop
  endfacet
  facet normal 0.130573 -0.991439 0
    outer loop
      vertex 198.276 11.6022 4
      vertex 197.5 11.5 2
      vertex 198.276 11.6022 2
    endloop
  endfacet
  facet normal -0.923737 0.383028 0
    outer loop
      vertex 194.602 15.2765 2
      vertex 194.902 16 4
      vertex 194.902 16 2
    endloop
  endfacet
  facet normal -0.923737 0.383028 0
    outer loop
      vertex 194.902 16 4
      vertex 194.602 15.2765 2
      vertex 194.602 15.2765 4
    endloop
  endfacet
  facet normal -0.991483 0.13024 0
    outer loop
      vertex 194.5 14.5 2
      vertex 194.602 15.2765 4
      vertex 194.602 15.2765 2
    endloop
  endfacet
  facet normal -0.991483 0.13024 0
    outer loop
      vertex 194.602 15.2765 4
      vertex 194.5 14.5 2
      vertex 194.5 14.5 4
    endloop
  endfacet
  facet normal -0.923755 -0.382983 0
    outer loop
      vertex 198.949 14.8882 2
      vertex 198.799 15.25 4
      vertex 198.799 15.25 2
    endloop
  endfacet
  facet normal -0.923755 -0.382983 0
    outer loop
      vertex 198.799 15.25 4
      vertex 198.949 14.8882 2
      vertex 198.949 14.8882 4
    endloop
  endfacet
  facet normal -0.99148 -0.130256 0
    outer loop
      vertex 199 14.5 2
      vertex 198.949 14.8882 4
      vertex 198.949 14.8882 2
    endloop
  endfacet
  facet normal -0.99148 -0.130256 0
    outer loop
      vertex 198.949 14.8882 4
      vertex 199 14.5 2
      vertex 199 14.5 4
    endloop
  endfacet
  facet normal 0.608217 -0.793771 0
    outer loop
      vertex 196.439 15.5607 2
      vertex 196.75 15.799 4
      vertex 196.439 15.5607 4
    endloop
  endfacet
  facet normal 0.608217 -0.793771 0
    outer loop
      vertex 196.75 15.799 4
      vertex 196.439 15.5607 2
      vertex 196.75 15.799 2
    endloop
  endfacet
  facet normal 0.382585 -0.92392 0
    outer loop
      vertex 196.75 15.799 2
      vertex 197.112 15.9489 4
      vertex 196.75 15.799 4
    endloop
  endfacet
  facet normal 0.382585 -0.92392 0
    outer loop
      vertex 197.112 15.9489 4
      vertex 196.75 15.799 2
      vertex 197.112 15.9489 2
    endloop
  endfacet
  facet normal -0.608217 0.793771 0
    outer loop
      vertex 198.561 13.4393 2
      vertex 198.25 13.201 4
      vertex 198.561 13.4393 4
    endloop
  endfacet
  facet normal -0.608217 0.793771 0
    outer loop
      vertex 198.25 13.201 4
      vertex 198.561 13.4393 2
      vertex 198.25 13.201 2
    endloop
  endfacet
  facet normal -0.608217 -0.793771 0
    outer loop
      vertex 198.25 15.799 2
      vertex 198.561 15.5607 4
      vertex 198.25 15.799 4
    endloop
  endfacet
  facet normal -0.608217 -0.793771 -0
    outer loop
      vertex 198.561 15.5607 4
      vertex 198.25 15.799 2
      vertex 198.561 15.5607 2
    endloop
  endfacet
  facet normal 0.130573 0.991439 -0
    outer loop
      vertex 197.5 13 2
      vertex 197.112 13.0511 4
      vertex 197.5 13 4
    endloop
  endfacet
  facet normal 0.130573 0.991439 0
    outer loop
      vertex 197.112 13.0511 4
      vertex 197.5 13 2
      vertex 197.112 13.0511 2
    endloop
  endfacet
  facet normal -0.130573 -0.991439 0
    outer loop
      vertex 197.5 16 2
      vertex 197.888 15.9489 4
      vertex 197.5 16 4
    endloop
  endfacet
  facet normal -0.130573 -0.991439 -0
    outer loop
      vertex 197.888 15.9489 4
      vertex 197.5 16 2
      vertex 197.888 15.9489 2
    endloop
  endfacet
  facet normal -0.382585 -0.92392 0
    outer loop
      vertex 197.888 15.9489 2
      vertex 198.25 15.799 4
      vertex 197.888 15.9489 4
    endloop
  endfacet
  facet normal -0.382585 -0.92392 -0
    outer loop
      vertex 198.25 15.799 4
      vertex 197.888 15.9489 2
      vertex 198.25 15.799 2
    endloop
  endfacet
  facet normal 0.608217 0.793771 -0
    outer loop
      vertex 196.75 13.201 2
      vertex 196.439 13.4393 4
      vertex 196.75 13.201 4
    endloop
  endfacet
  facet normal 0.608217 0.793771 0
    outer loop
      vertex 196.439 13.4393 4
      vertex 196.75 13.201 2
      vertex 196.439 13.4393 2
    endloop
  endfacet
  facet normal -0.793857 -0.608104 0
    outer loop
      vertex 198.799 15.25 2
      vertex 198.561 15.5607 4
      vertex 198.561 15.5607 2
    endloop
  endfacet
  facet normal -0.793857 -0.608104 0
    outer loop
      vertex 198.561 15.5607 4
      vertex 198.799 15.25 2
      vertex 198.799 15.25 4
    endloop
  endfacet
  facet normal -0.793857 0.608104 0
    outer loop
      vertex 198.561 13.4393 2
      vertex 198.799 13.75 4
      vertex 198.799 13.75 2
    endloop
  endfacet
  facet normal -0.793857 0.608104 0
    outer loop
      vertex 198.799 13.75 4
      vertex 198.561 13.4393 2
      vertex 198.561 13.4393 4
    endloop
  endfacet
  facet normal -0.382585 0.92392 0
    outer loop
      vertex 198.25 13.201 2
      vertex 197.888 13.0511 4
      vertex 198.25 13.201 4
    endloop
  endfacet
  facet normal -0.382585 0.92392 0
    outer loop
      vertex 197.888 13.0511 4
      vertex 198.25 13.201 2
      vertex 197.888 13.0511 2
    endloop
  endfacet
  facet normal 0.793857 -0.608104 0
    outer loop
      vertex 196.201 15.25 4
      vertex 196.439 15.5607 2
      vertex 196.439 15.5607 4
    endloop
  endfacet
  facet normal 0.793857 -0.608104 0
    outer loop
      vertex 196.439 15.5607 2
      vertex 196.201 15.25 4
      vertex 196.201 15.25 2
    endloop
  endfacet
  facet normal 0.793857 0.608104 0
    outer loop
      vertex 196.439 13.4393 4
      vertex 196.201 13.75 2
      vertex 196.201 13.75 4
    endloop
  endfacet
  facet normal 0.793857 0.608104 0
    outer loop
      vertex 196.201 13.75 2
      vertex 196.439 13.4393 4
      vertex 196.439 13.4393 2
    endloop
  endfacet
  facet normal -0.99148 0.130256 0
    outer loop
      vertex 198.949 14.1118 2
      vertex 199 14.5 4
      vertex 199 14.5 2
    endloop
  endfacet
  facet normal -0.99148 0.130256 0
    outer loop
      vertex 199 14.5 4
      vertex 198.949 14.1118 2
      vertex 198.949 14.1118 4
    endloop
  endfacet
  facet normal 0.130573 -0.991439 0
    outer loop
      vertex 197.112 15.9489 2
      vertex 197.5 16 4
      vertex 197.112 15.9489 4
    endloop
  endfacet
  facet normal 0.130573 -0.991439 0
    outer loop
      vertex 197.5 16 4
      vertex 197.112 15.9489 2
      vertex 197.5 16 2
    endloop
  endfacet
  facet normal 0.923755 0.382983 0
    outer loop
      vertex 196.201 13.75 4
      vertex 196.051 14.1118 2
      vertex 196.051 14.1118 4
    endloop
  endfacet
  facet normal 0.923755 0.382983 0
    outer loop
      vertex 196.051 14.1118 2
      vertex 196.201 13.75 4
      vertex 196.201 13.75 2
    endloop
  endfacet
  facet normal 0.99148 0.130256 0
    outer loop
      vertex 196.051 14.1118 4
      vertex 196 14.5 2
      vertex 196 14.5 4
    endloop
  endfacet
  facet normal 0.99148 0.130256 0
    outer loop
      vertex 196 14.5 2
      vertex 196.051 14.1118 4
      vertex 196.051 14.1118 2
    endloop
  endfacet
  facet normal -0.923755 0.382983 0
    outer loop
      vertex 198.799 13.75 2
      vertex 198.949 14.1118 4
      vertex 198.949 14.1118 2
    endloop
  endfacet
  facet normal -0.923755 0.382983 0
    outer loop
      vertex 198.949 14.1118 4
      vertex 198.799 13.75 2
      vertex 198.799 13.75 4
    endloop
  endfacet
  facet normal 0.382585 0.92392 -0
    outer loop
      vertex 197.112 13.0511 2
      vertex 196.75 13.201 4
      vertex 197.112 13.0511 4
    endloop
  endfacet
  facet normal 0.382585 0.92392 0
    outer loop
      vertex 196.75 13.201 4
      vertex 197.112 13.0511 2
      vertex 196.75 13.201 2
    endloop
  endfacet
  facet normal -0.130573 0.991439 0
    outer loop
      vertex 197.888 13.0511 2
      vertex 197.5 13 4
      vertex 197.888 13.0511 4
    endloop
  endfacet
  facet normal -0.130573 0.991439 0
    outer loop
      vertex 197.5 13 4
      vertex 197.888 13.0511 2
      vertex 197.5 13 2
    endloop
  endfacet
  facet normal 0.923755 -0.382983 0
    outer loop
      vertex 196.051 14.8882 4
      vertex 196.201 15.25 2
      vertex 196.201 15.25 4
    endloop
  endfacet
  facet normal 0.923755 -0.382983 0
    outer loop
      vertex 196.201 15.25 2
      vertex 196.051 14.8882 4
      vertex 196.051 14.8882 2
    endloop
  endfacet
  facet normal 0.99148 -0.130256 0
    outer loop
      vertex 196 14.5 4
      vertex 196.051 14.8882 2
      vertex 196.051 14.8882 4
    endloop
  endfacet
  facet normal 0.99148 -0.130256 0
    outer loop
      vertex 196.051 14.8882 2
      vertex 196 14.5 4
      vertex 196 14.5 2
    endloop
  endfacet
  facet normal 0.891006 0.453992 0
    outer loop
      vertex 16.8776 6.27254 4
      vertex 16.5225 6.96946 2
      vertex 16.5225 6.96946 4
    endloop
  endfacet
  facet normal 0.891006 0.453992 0
    outer loop
      vertex 16.5225 6.96946 2
      vertex 16.8776 6.27254 4
      vertex 16.8776 6.27254 2
    endloop
  endfacet
  facet normal 0.98768 0.156486 0
    outer loop
      vertex 17 5.5 4
      vertex 16.8776 6.27254 2
      vertex 16.8776 6.27254 4
    endloop
  endfacet
  facet normal 0.98768 0.156486 0
    outer loop
      vertex 16.8776 6.27254 2
      vertex 17 5.5 4
      vertex 17 5.5 2
    endloop
  endfacet
  facet normal 0.707158 0.707056 0
    outer loop
      vertex 16.5225 6.96946 4
      vertex 15.9695 7.52254 2
      vertex 15.9695 7.52254 4
    endloop
  endfacet
  facet normal 0.707158 0.707056 0
    outer loop
      vertex 15.9695 7.52254 2
      vertex 16.5225 6.96946 4
      vertex 16.5225 6.96946 2
    endloop
  endfacet
  facet normal 0.156444 0.987687 -0
    outer loop
      vertex 15.2725 7.87764 2
      vertex 14.5 8 4
      vertex 15.2725 7.87764 4
    endloop
  endfacet
  facet normal 0.156444 0.987687 0
    outer loop
      vertex 14.5 8 4
      vertex 15.2725 7.87764 2
      vertex 14.5 8 2
    endloop
  endfacet
  facet normal -0.98768 0.156486 0
    outer loop
      vertex 12 5.5 2
      vertex 12.1224 6.27254 4
      vertex 12.1224 6.27254 2
    endloop
  endfacet
  facet normal -0.98768 0.156486 0
    outer loop
      vertex 12.1224 6.27254 4
      vertex 12 5.5 2
      vertex 12 5.5 4
    endloop
  endfacet
  facet normal 0.453951 0.891027 -0
    outer loop
      vertex 15.9695 7.52254 2
      vertex 15.2725 7.87764 4
      vertex 15.9695 7.52254 4
    endloop
  endfacet
  facet normal 0.453951 0.891027 0
    outer loop
      vertex 15.2725 7.87764 4
      vertex 15.9695 7.52254 2
      vertex 15.2725 7.87764 2
    endloop
  endfacet
  facet normal -0.453951 0.891027 0
    outer loop
      vertex 13.7275 7.87764 2
      vertex 13.0305 7.52254 4
      vertex 13.7275 7.87764 4
    endloop
  endfacet
  facet normal -0.453951 0.891027 0
    outer loop
      vertex 13.0305 7.52254 4
      vertex 13.7275 7.87764 2
      vertex 13.0305 7.52254 2
    endloop
  endfacet
  facet normal -0.156444 -0.987687 0
    outer loop
      vertex 13.7275 3.12236 2
      vertex 14.5 3 4
      vertex 13.7275 3.12236 4
    endloop
  endfacet
  facet normal -0.156444 -0.987687 -0
    outer loop
      vertex 14.5 3 4
      vertex 13.7275 3.12236 2
      vertex 14.5 3 2
    endloop
  endfacet
  facet normal 0.707158 -0.707056 0
    outer loop
      vertex 15.9695 3.47746 4
      vertex 16.5225 4.03054 2
      vertex 16.5225 4.03054 4
    endloop
  endfacet
  facet normal 0.707158 -0.707056 0
    outer loop
      vertex 16.5225 4.03054 2
      vertex 15.9695 3.47746 4
      vertex 15.9695 3.47746 2
    endloop
  endfacet
  facet normal -0.891006 -0.453992 0
    outer loop
      vertex 12.4775 4.03054 2
      vertex 12.1224 4.72746 4
      vertex 12.1224 4.72746 2
    endloop
  endfacet
  facet normal -0.891006 -0.453992 0
    outer loop
      vertex 12.1224 4.72746 4
      vertex 12.4775 4.03054 2
      vertex 12.4775 4.03054 4
    endloop
  endfacet
  facet normal -0.156444 0.987687 0
    outer loop
      vertex 14.5 8 2
      vertex 13.7275 7.87764 4
      vertex 14.5 8 4
    endloop
  endfacet
  facet normal -0.156444 0.987687 0
    outer loop
      vertex 13.7275 7.87764 4
      vertex 14.5 8 2
      vertex 13.7275 7.87764 2
    endloop
  endfacet
  facet normal 0.453951 -0.891027 0
    outer loop
      vertex 15.2725 3.12236 2
      vertex 15.9695 3.47746 4
      vertex 15.2725 3.12236 4
    endloop
  endfacet
  facet normal 0.453951 -0.891027 0
    outer loop
      vertex 15.9695 3.47746 4
      vertex 15.2725 3.12236 2
      vertex 15.9695 3.47746 2
    endloop
  endfacet
  facet normal 0.156444 -0.987687 0
    outer loop
      vertex 14.5 3 2
      vertex 15.2725 3.12236 4
      vertex 14.5 3 4
    endloop
  endfacet
  facet normal 0.156444 -0.987687 0
    outer loop
      vertex 15.2725 3.12236 4
      vertex 14.5 3 2
      vertex 15.2725 3.12236 2
    endloop
  endfacet
  facet normal -0.98768 -0.156486 0
    outer loop
      vertex 12.1224 4.72746 2
      vertex 12 5.5 4
      vertex 12 5.5 2
    endloop
  endfacet
  facet normal -0.98768 -0.156486 0
    outer loop
      vertex 12 5.5 4
      vertex 12.1224 4.72746 2
      vertex 12.1224 4.72746 4
    endloop
  endfacet
  facet normal -0.891006 0.453992 0
    outer loop
      vertex 12.1224 6.27254 2
      vertex 12.4775 6.96946 4
      vertex 12.4775 6.96946 2
    endloop
  endfacet
  facet normal -0.891006 0.453992 0
    outer loop
      vertex 12.4775 6.96946 4
      vertex 12.1224 6.27254 2
      vertex 12.1224 6.27254 4
    endloop
  endfacet
  facet normal -0.707158 0.707056 0
    outer loop
      vertex 12.4775 6.96946 2
      vertex 13.0305 7.52254 4
      vertex 13.0305 7.52254 2
    endloop
  endfacet
  facet normal -0.707158 0.707056 0
    outer loop
      vertex 13.0305 7.52254 4
      vertex 12.4775 6.96946 2
      vertex 12.4775 6.96946 4
    endloop
  endfacet
  facet normal 0 0 1
    outer loop
      vertex 15.85 5.5 4
      vertex 17 5.5 4
      vertex 16.8776 6.27254 4
    endloop
  endfacet
  facet normal 0 0 1
    outer loop
      vertex 15.7839 5.91717 4
      vertex 16.8776 6.27254 4
      vertex 16.5225 6.96946 4
    endloop
  endfacet
  facet normal 0 0 1
    outer loop
      vertex 17 5.5 4
      vertex 15.85 5.5 4
      vertex 16.8776 4.72746 4
    endloop
  endfacet
  facet normal 0 0 1
    outer loop
      vertex 15.5922 6.29351 4
      vertex 16.5225 6.96946 4
      vertex 15.9695 7.52254 4
    endloop
  endfacet
  facet normal -0 0 1
    outer loop
      vertex 15.7839 5.08283 4
      vertex 16.8776 4.72746 4
      vertex 15.85 5.5 4
    endloop
  endfacet
  facet normal 0 0 1
    outer loop
      vertex 16.8776 4.72746 4
      vertex 15.7839 5.08283 4
      vertex 16.5225 4.03054 4
    endloop
  endfacet
  facet normal 0 0 1
    outer loop
      vertex 16.8776 6.27254 4
      vertex 15.7839 5.91717 4
      vertex 15.85 5.5 4
    endloop
  endfacet
  facet normal 0 0 1
    outer loop
      vertex 16.5225 6.96946 4
      vertex 15.5922 6.29351 4
      vertex 15.7839 5.91717 4
    endloop
  endfacet
  facet normal 0 0 1
    outer loop
      vertex 15.9695 7.52254 4
      vertex 15.2935 6.59217 4
      vertex 15.5922 6.29351 4
    endloop
  endfacet
  facet normal 0 0 1
    outer loop
      vertex 15.2725 7.87764 4
      vertex 15.2935 6.59217 4
      vertex 15.9695 7.52254 4
    endloop
  endfacet
  facet normal 0 0 1
    outer loop
      vertex 15.2725 7.87764 4
      vertex 14.9172 6.78393 4
      vertex 15.2935 6.59217 4
    endloop
  endfacet
  facet normal 0 0 1
    outer loop
      vertex 14.5 8 4
      vertex 14.9172 6.78393 4
      vertex 15.2725 7.87764 4
    endloop
  endfacet
  facet normal 0 0 1
    outer loop
      vertex 14.5 8 4
      vertex 14.5 6.85 4
      vertex 14.9172 6.78393 4
    endloop
  endfacet
  facet normal 0 0 1
    outer loop
      vertex 14.5 8 4
      vertex 14.0828 6.78393 4
      vertex 14.5 6.85 4
    endloop
  endfacet
  facet normal -0 0 1
    outer loop
      vertex 13.7275 7.87764 4
      vertex 14.0828 6.78393 4
      vertex 14.5 8 4
    endloop
  endfacet
  facet normal 0 0 1
    outer loop
      vertex 13.7275 7.87764 4
      vertex 13.7065 6.59217 4
      vertex 14.0828 6.78393 4
    endloop
  endfacet
  facet normal -0 0 1
    outer loop
      vertex 13.0305 7.52254 4
      vertex 13.7065 6.59217 4
      vertex 13.7275 7.87764 4
    endloop
  endfacet
  facet normal 0 0 1
    outer loop
      vertex 13.7065 6.59217 4
      vertex 13.0305 7.52254 4
      vertex 13.4078 6.29351 4
    endloop
  endfacet
  facet normal 0 0 1
    outer loop
      vertex 13.4078 6.29351 4
      vertex 12.4775 6.96946 4
      vertex 13.2161 5.91717 4
    endloop
  endfacet
  facet normal -0 0 1
    outer loop
      vertex 12.4775 6.96946 4
      vertex 13.4078 6.29351 4
      vertex 13.0305 7.52254 4
    endloop
  endfacet
  facet normal -0 0 1
    outer loop
      vertex 15.5922 4.70649 4
      vertex 16.5225 4.03054 4
      vertex 15.7839 5.08283 4
    endloop
  endfacet
  facet normal 0 0 1
    outer loop
      vertex 16.5225 4.03054 4
      vertex 15.5922 4.70649 4
      vertex 15.9695 3.47746 4
    endloop
  endfacet
  facet normal -0 0 1
    outer loop
      vertex 15.2935 4.40783 4
      vertex 15.9695 3.47746 4
      vertex 15.5922 4.70649 4
    endloop
  endfacet
  facet normal 0 0 1
    outer loop
      vertex 15.2935 4.40783 4
      vertex 15.2725 3.12236 4
      vertex 15.9695 3.47746 4
    endloop
  endfacet
  facet normal -0 0 1
    outer loop
      vertex 14.9172 4.21607 4
      vertex 15.2725 3.12236 4
      vertex 15.2935 4.40783 4
    endloop
  endfacet
  facet normal -0 0 1
    outer loop
      vertex 14.5 4.15 4
      vertex 15.2725 3.12236 4
      vertex 14.9172 4.21607 4
    endloop
  endfacet
  facet normal 0 0 1
    outer loop
      vertex 14.5 4.15 4
      vertex 14.5 3 4
      vertex 15.2725 3.12236 4
    endloop
  endfacet
  facet normal 0 0 1
    outer loop
      vertex 14.0828 4.21607 4
      vertex 14.5 3 4
      vertex 14.5 4.15 4
    endloop
  endfacet
  facet normal 0 0 1
    outer loop
      vertex 14.0828 4.21607 4
      vertex 13.7275 3.12236 4
      vertex 14.5 3 4
    endloop
  endfacet
  facet normal 0 0 1
    outer loop
      vertex 13.7065 4.40783 4
      vertex 13.7275 3.12236 4
      vertex 14.0828 4.21607 4
    endloop
  endfacet
  facet normal 0 0 1
    outer loop
      vertex 13.0305 3.47746 4
      vertex 13.7065 4.40783 4
      vertex 13.4078 4.70649 4
    endloop
  endfacet
  facet normal 0 0 1
    outer loop
      vertex 12.4775 4.03054 4
      vertex 13.4078 4.70649 4
      vertex 13.2161 5.08283 4
    endloop
  endfacet
  facet normal 0 0 1
    outer loop
      vertex 13.7065 4.40783 4
      vertex 13.0305 3.47746 4
      vertex 13.7275 3.12236 4
    endloop
  endfacet
  facet normal 0 0 1
    outer loop
      vertex 12.1224 4.72746 4
      vertex 13.2161 5.08283 4
      vertex 13.15 5.5 4
    endloop
  endfacet
  facet normal -0 0 1
    outer loop
      vertex 12.1224 6.27254 4
      vertex 13.2161 5.91717 4
      vertex 12.4775 6.96946 4
    endloop
  endfacet
  facet normal 0 0 1
    outer loop
      vertex 13.2161 5.91717 4
      vertex 12.1224 6.27254 4
      vertex 13.15 5.5 4
    endloop
  endfacet
  facet normal 0 0 1
    outer loop
      vertex 13.4078 4.70649 4
      vertex 12.4775 4.03054 4
      vertex 13.0305 3.47746 4
    endloop
  endfacet
  facet normal 0 0 1
    outer loop
      vertex 12 5.5 4
      vertex 13.15 5.5 4
      vertex 12.1224 6.27254 4
    endloop
  endfacet
  facet normal 0 0 1
    outer loop
      vertex 13.2161 5.08283 4
      vertex 12.1224 4.72746 4
      vertex 12.4775 4.03054 4
    endloop
  endfacet
  facet normal 0 0 1
    outer loop
      vertex 13.15 5.5 4
      vertex 12 5.5 4
      vertex 12.1224 4.72746 4
    endloop
  endfacet
  facet normal 0.891006 -0.453992 0
    outer loop
      vertex 16.5225 4.03054 4
      vertex 16.8776 4.72746 2
      vertex 16.8776 4.72746 4
    endloop
  endfacet
  facet normal 0.891006 -0.453992 0
    outer loop
      vertex 16.8776 4.72746 2
      vertex 16.5225 4.03054 4
      vertex 16.5225 4.03054 2
    endloop
  endfacet
  facet normal 0.98768 -0.156486 0
    outer loop
      vertex 16.8776 4.72746 4
      vertex 17 5.5 2
      vertex 17 5.5 4
    endloop
  endfacet
  facet normal 0.98768 -0.156486 0
    outer loop
      vertex 17 5.5 2
      vertex 16.8776 4.72746 4
      vertex 16.8776 4.72746 2
    endloop
  endfacet
  facet normal -0.707158 -0.707056 0
    outer loop
      vertex 13.0305 3.47746 2
      vertex 12.4775 4.03054 4
      vertex 12.4775 4.03054 2
    endloop
  endfacet
  facet normal -0.707158 -0.707056 0
    outer loop
      vertex 12.4775 4.03054 4
      vertex 13.0305 3.47746 2
      vertex 13.0305 3.47746 4
    endloop
  endfacet
  facet normal -0.453951 -0.891027 0
    outer loop
      vertex 13.0305 3.47746 2
      vertex 13.7275 3.12236 4
      vertex 13.0305 3.47746 4
    endloop
  endfacet
  facet normal -0.453951 -0.891027 -0
    outer loop
      vertex 13.7275 3.12236 4
      vertex 13.0305 3.47746 2
      vertex 13.7275 3.12236 2
    endloop
  endfacet
  facet normal -0.891059 -0.453887 0
    outer loop
      vertex 15.7839 5.91717 2
      vertex 15.5922 6.29351 4
      vertex 15.5922 6.29351 2
    endloop
  endfacet
  facet normal -0.891059 -0.453887 0
    outer loop
      vertex 15.5922 6.29351 4
      vertex 15.7839 5.91717 2
      vertex 15.7839 5.91717 4
    endloop
  endfacet
  facet normal -0.987679 -0.156496 0
    outer loop
      vertex 15.85 5.5 2
      vertex 15.7839 5.91717 4
      vertex 15.7839 5.91717 2
    endloop
  endfacet
  facet normal -0.987679 -0.156496 0
    outer loop
      vertex 15.7839 5.91717 4
      vertex 15.85 5.5 2
      vertex 15.85 5.5 4
    endloop
  endfacet
  facet normal -0.707059 -0.707154 0
    outer loop
      vertex 15.5922 6.29351 2
      vertex 15.2935 6.59217 4
      vertex 15.2935 6.59217 2
    endloop
  endfacet
  facet normal -0.707059 -0.707154 0
    outer loop
      vertex 15.2935 6.59217 4
      vertex 15.5922 6.29351 2
      vertex 15.5922 6.29351 4
    endloop
  endfacet
  facet normal 0.707059 0.707154 0
    outer loop
      vertex 13.7065 4.40783 4
      vertex 13.4078 4.70649 2
      vertex 13.4078 4.70649 4
    endloop
  endfacet
  facet normal 0.707059 0.707154 0
    outer loop
      vertex 13.4078 4.70649 2
      vertex 13.7065 4.40783 4
      vertex 13.7065 4.40783 2
    endloop
  endfacet
  facet normal -0.707059 0.707154 0
    outer loop
      vertex 15.2935 4.40783 2
      vertex 15.5922 4.70649 4
      vertex 15.5922 4.70649 2
    endloop
  endfacet
  facet normal -0.707059 0.707154 0
    outer loop
      vertex 15.5922 4.70649 4
      vertex 15.2935 4.40783 2
      vertex 15.2935 4.40783 4
    endloop
  endfacet
  facet normal -0.454039 0.890982 0
    outer loop
      vertex 15.2935 4.40783 2
      vertex 14.9172 4.21607 4
      vertex 15.2935 4.40783 4
    endloop
  endfacet
  facet normal -0.454039 0.890982 0
    outer loop
      vertex 14.9172 4.21607 4
      vertex 15.2935 4.40783 2
      vertex 14.9172 4.21607 2
    endloop
  endfacet
  facet normal 0.454039 0.890982 -0
    outer loop
      vertex 14.0828 4.21607 2
      vertex 13.7065 4.40783 4
      vertex 14.0828 4.21607 4
    endloop
  endfacet
  facet normal 0.454039 0.890982 0
    outer loop
      vertex 13.7065 4.40783 4
      vertex 14.0828 4.21607 2
      vertex 13.7065 4.40783 2
    endloop
  endfacet
  facet normal 0.987679 -0.156496 0
    outer loop
      vertex 13.15 5.5 4
      vertex 13.2161 5.91717 2
      vertex 13.2161 5.91717 4
    endloop
  endfacet
  facet normal 0.987679 -0.156496 0
    outer loop
      vertex 13.2161 5.91717 2
      vertex 13.15 5.5 4
      vertex 13.15 5.5 2
    endloop
  endfacet
  facet normal 0.707059 -0.707154 0
    outer loop
      vertex 13.4078 6.29351 4
      vertex 13.7065 6.59217 2
      vertex 13.7065 6.59217 4
    endloop
  endfacet
  facet normal 0.707059 -0.707154 0
    outer loop
      vertex 13.7065 6.59217 2
      vertex 13.4078 6.29351 4
      vertex 13.4078 6.29351 2
    endloop
  endfacet
  facet normal 0.156416 0.987691 -0
    outer loop
      vertex 14.5 4.15 2
      vertex 14.0828 4.21607 4
      vertex 14.5 4.15 4
    endloop
  endfacet
  facet normal 0.156416 0.987691 0
    outer loop
      vertex 14.0828 4.21607 4
      vertex 14.5 4.15 2
      vertex 14.0828 4.21607 2
    endloop
  endfacet
  facet normal 0.891059 -0.453887 0
    outer loop
      vertex 13.2161 5.91717 4
      vertex 13.4078 6.29351 2
      vertex 13.4078 6.29351 4
    endloop
  endfacet
  facet normal 0.891059 -0.453887 0
    outer loop
      vertex 13.4078 6.29351 2
      vertex 13.2161 5.91717 4
      vertex 13.2161 5.91717 2
    endloop
  endfacet
  facet normal 0.891059 0.453887 0
    outer loop
      vertex 13.4078 4.70649 4
      vertex 13.2161 5.08283 2
      vertex 13.2161 5.08283 4
    endloop
  endfacet
  facet normal 0.891059 0.453887 0
    outer loop
      vertex 13.2161 5.08283 2
      vertex 13.4078 4.70649 4
      vertex 13.4078 4.70649 2
    endloop
  endfacet
  facet normal -0.454039 -0.890982 0
    outer loop
      vertex 14.9172 6.78393 2
      vertex 15.2935 6.59217 4
      vertex 14.9172 6.78393 4
    endloop
  endfacet
  facet normal -0.454039 -0.890982 -0
    outer loop
      vertex 15.2935 6.59217 4
      vertex 14.9172 6.78393 2
      vertex 15.2935 6.59217 2
    endloop
  endfacet
  facet normal -0.987679 0.156496 0
    outer loop
      vertex 15.7839 5.08283 2
      vertex 15.85 5.5 4
      vertex 15.85 5.5 2
    endloop
  endfacet
  facet normal -0.987679 0.156496 0
    outer loop
      vertex 15.85 5.5 4
      vertex 15.7839 5.08283 2
      vertex 15.7839 5.08283 4
    endloop
  endfacet
  facet normal 0.156416 -0.987691 0
    outer loop
      vertex 14.0828 6.78393 2
      vertex 14.5 6.85 4
      vertex 14.0828 6.78393 4
    endloop
  endfacet
  facet normal 0.156416 -0.987691 0
    outer loop
      vertex 14.5 6.85 4
      vertex 14.0828 6.78393 2
      vertex 14.5 6.85 2
    endloop
  endfacet
  facet normal -0.891059 0.453887 0
    outer loop
      vertex 15.5922 4.70649 2
      vertex 15.7839 5.08283 4
      vertex 15.7839 5.08283 2
    endloop
  endfacet
  facet normal -0.891059 0.453887 0
    outer loop
      vertex 15.7839 5.08283 4
      vertex 15.5922 4.70649 2
      vertex 15.5922 4.70649 4
    endloop
  endfacet
  facet normal 0.454039 -0.890982 0
    outer loop
      vertex 13.7065 6.59217 2
      vertex 14.0828 6.78393 4
      vertex 13.7065 6.59217 4
    endloop
  endfacet
  facet normal 0.454039 -0.890982 0
    outer loop
      vertex 14.0828 6.78393 4
      vertex 13.7065 6.59217 2
      vertex 14.0828 6.78393 2
    endloop
  endfacet
  facet normal -0.156416 -0.987691 0
    outer loop
      vertex 14.5 6.85 2
      vertex 14.9172 6.78393 4
      vertex 14.5 6.85 4
    endloop
  endfacet
  facet normal -0.156416 -0.987691 -0
    outer loop
      vertex 14.9172 6.78393 4
      vertex 14.5 6.85 2
      vertex 14.9172 6.78393 2
    endloop
  endfacet
  facet normal -0.156416 0.987691 0
    outer loop
      vertex 14.9172 4.21607 2
      vertex 14.5 4.15 4
      vertex 14.9172 4.21607 4
    endloop
  endfacet
  facet normal -0.156416 0.987691 0
    outer loop
      vertex 14.5 4.15 4
      vertex 14.9172 4.21607 2
      vertex 14.5 4.15 2
    endloop
  endfacet
  facet normal 0.987679 0.156496 0
    outer loop
      vertex 13.2161 5.08283 4
      vertex 13.15 5.5 2
      vertex 13.15 5.5 4
    endloop
  endfacet
  facet normal 0.987679 0.156496 0
    outer loop
      vertex 13.15 5.5 2
      vertex 13.2161 5.08283 4
      vertex 13.2161 5.08283 2
    endloop
  endfacet
  facet normal 0.891027 0.453951 0
    outer loop
      vertex 16.8776 66.2725 4
      vertex 16.5225 66.9695 2
      vertex 16.5225 66.9695 4
    endloop
  endfacet
  facet normal 0.891027 0.453951 0
    outer loop
      vertex 16.5225 66.9695 2
      vertex 16.8776 66.2725 4
      vertex 16.8776 66.2725 2
    endloop
  endfacet
  facet normal 0.987679 0.156494 0
    outer loop
      vertex 17 65.5 4
      vertex 16.8776 66.2725 2
      vertex 16.8776 66.2725 4
    endloop
  endfacet
  facet normal 0.987679 0.156494 0
    outer loop
      vertex 16.8776 66.2725 2
      vertex 17 65.5 4
      vertex 17 65.5 2
    endloop
  endfacet
  facet normal 0.707107 0.707107 0
    outer loop
      vertex 16.5225 66.9695 4
      vertex 15.9695 67.5225 2
      vertex 15.9695 67.5225 4
    endloop
  endfacet
  facet normal 0.707107 0.707107 0
    outer loop
      vertex 15.9695 67.5225 2
      vertex 16.5225 66.9695 4
      vertex 16.5225 66.9695 2
    endloop
  endfacet
  facet normal 0.156494 0.987679 -0
    outer loop
      vertex 15.2725 67.8776 2
      vertex 14.5 68 4
      vertex 15.2725 67.8776 4
    endloop
  endfacet
  facet normal 0.156494 0.987679 0
    outer loop
      vertex 14.5 68 4
      vertex 15.2725 67.8776 2
      vertex 14.5 68 2
    endloop
  endfacet
  facet normal -0.987679 0.156494 0
    outer loop
      vertex 12 65.5 2
      vertex 12.1224 66.2725 4
      vertex 12.1224 66.2725 2
    endloop
  endfacet
  facet normal -0.987679 0.156494 0
    outer loop
      vertex 12.1224 66.2725 4
      vertex 12 65.5 2
      vertex 12 65.5 4
    endloop
  endfacet
  facet normal 0.453951 0.891027 -0
    outer loop
      vertex 15.9695 67.5225 2
      vertex 15.2725 67.8776 4
      vertex 15.9695 67.5225 4
    endloop
  endfacet
  facet normal 0.453951 0.891027 0
    outer loop
      vertex 15.2725 67.8776 4
      vertex 15.9695 67.5225 2
      vertex 15.2725 67.8776 2
    endloop
  endfacet
  facet normal -0.453951 0.891027 0
    outer loop
      vertex 13.7275 67.8776 2
      vertex 13.0305 67.5225 4
      vertex 13.7275 67.8776 4
    endloop
  endfacet
  facet normal -0.453951 0.891027 0
    outer loop
      vertex 13.0305 67.5225 4
      vertex 13.7275 67.8776 2
      vertex 13.0305 67.5225 2
    endloop
  endfacet
  facet normal -0.156494 -0.987679 0
    outer loop
      vertex 13.7275 63.1224 2
      vertex 14.5 63 4
      vertex 13.7275 63.1224 4
    endloop
  endfacet
  facet normal -0.156494 -0.987679 -0
    outer loop
      vertex 14.5 63 4
      vertex 13.7275 63.1224 2
      vertex 14.5 63 2
    endloop
  endfacet
  facet normal 0.707107 -0.707107 0
    outer loop
      vertex 15.9695 63.4775 4
      vertex 16.5225 64.0305 2
      vertex 16.5225 64.0305 4
    endloop
  endfacet
  facet normal 0.707107 -0.707107 0
    outer loop
      vertex 16.5225 64.0305 2
      vertex 15.9695 63.4775 4
      vertex 15.9695 63.4775 2
    endloop
  endfacet
  facet normal -0.891027 -0.453951 0
    outer loop
      vertex 12.4775 64.0305 2
      vertex 12.1224 64.7275 4
      vertex 12.1224 64.7275 2
    endloop
  endfacet
  facet normal -0.891027 -0.453951 0
    outer loop
      vertex 12.1224 64.7275 4
      vertex 12.4775 64.0305 2
      vertex 12.4775 64.0305 4
    endloop
  endfacet
  facet normal -0.156494 0.987679 0
    outer loop
      vertex 14.5 68 2
      vertex 13.7275 67.8776 4
      vertex 14.5 68 4
    endloop
  endfacet
  facet normal -0.156494 0.987679 0
    outer loop
      vertex 13.7275 67.8776 4
      vertex 14.5 68 2
      vertex 13.7275 67.8776 2
    endloop
  endfacet
  facet normal 0.453951 -0.891027 0
    outer loop
      vertex 15.2725 63.1224 2
      vertex 15.9695 63.4775 4
      vertex 15.2725 63.1224 4
    endloop
  endfacet
  facet normal 0.453951 -0.891027 0
    outer loop
      vertex 15.9695 63.4775 4
      vertex 15.2725 63.1224 2
      vertex 15.9695 63.4775 2
    endloop
  endfacet
  facet normal 0.156494 -0.987679 0
    outer loop
      vertex 14.5 63 2
      vertex 15.2725 63.1224 4
      vertex 14.5 63 4
    endloop
  endfacet
  facet normal 0.156494 -0.987679 0
    outer loop
      vertex 15.2725 63.1224 4
      vertex 14.5 63 2
      vertex 15.2725 63.1224 2
    endloop
  endfacet
  facet normal -0.987679 -0.156494 0
    outer loop
      vertex 12.1224 64.7275 2
      vertex 12 65.5 4
      vertex 12 65.5 2
    endloop
  endfacet
  facet normal -0.987679 -0.156494 0
    outer loop
      vertex 12 65.5 4
      vertex 12.1224 64.7275 2
      vertex 12.1224 64.7275 4
    endloop
  endfacet
  facet normal -0.891027 0.453951 0
    outer loop
      vertex 12.1224 66.2725 2
      vertex 12.4775 66.9695 4
      vertex 12.4775 66.9695 2
    endloop
  endfacet
  facet normal -0.891027 0.453951 0
    outer loop
      vertex 12.4775 66.9695 4
      vertex 12.1224 66.2725 2
      vertex 12.1224 66.2725 4
    endloop
  endfacet
  facet normal -0.707107 0.707107 0
    outer loop
      vertex 12.4775 66.9695 2
      vertex 13.0305 67.5225 4
      vertex 13.0305 67.5225 2
    endloop
  endfacet
  facet normal -0.707107 0.707107 0
    outer loop
      vertex 13.0305 67.5225 4
      vertex 12.4775 66.9695 2
      vertex 12.4775 66.9695 4
    endloop
  endfacet
  facet normal 0 0 1
    outer loop
      vertex 15.85 65.5 4
      vertex 17 65.5 4
      vertex 16.8776 66.2725 4
    endloop
  endfacet
  facet normal 0 0 1
    outer loop
      vertex 15.7839 65.9172 4
      vertex 16.8776 66.2725 4
      vertex 16.5225 66.9695 4
    endloop
  endfacet
  facet normal 0 0 1
    outer loop
      vertex 17 65.5 4
      vertex 15.85 65.5 4
      vertex 16.8776 64.7275 4
    endloop
  endfacet
  facet normal 0 0 1
    outer loop
      vertex 15.5922 66.2935 4
      vertex 16.5225 66.9695 4
      vertex 15.9695 67.5225 4
    endloop
  endfacet
  facet normal -0 0 1
    outer loop
      vertex 15.7839 65.0828 4
      vertex 16.8776 64.7275 4
      vertex 15.85 65.5 4
    endloop
  endfacet
  facet normal 0 0 1
    outer loop
      vertex 16.8776 64.7275 4
      vertex 15.7839 65.0828 4
      vertex 16.5225 64.0305 4
    endloop
  endfacet
  facet normal 0 0 1
    outer loop
      vertex 16.8776 66.2725 4
      vertex 15.7839 65.9172 4
      vertex 15.85 65.5 4
    endloop
  endfacet
  facet normal 0 0 1
    outer loop
      vertex 16.5225 66.9695 4
      vertex 15.5922 66.2935 4
      vertex 15.7839 65.9172 4
    endloop
  endfacet
  facet normal 0 0 1
    outer loop
      vertex 15.9695 67.5225 4
      vertex 15.2935 66.5922 4
      vertex 15.5922 66.2935 4
    endloop
  endfacet
  facet normal 0 0 1
    outer loop
      vertex 15.2725 67.8776 4
      vertex 15.2935 66.5922 4
      vertex 15.9695 67.5225 4
    endloop
  endfacet
  facet normal 0 0 1
    outer loop
      vertex 15.2725 67.8776 4
      vertex 14.9172 66.7839 4
      vertex 15.2935 66.5922 4
    endloop
  endfacet
  facet normal 0 0 1
    outer loop
      vertex 14.5 68 4
      vertex 14.9172 66.7839 4
      vertex 15.2725 67.8776 4
    endloop
  endfacet
  facet normal 0 0 1
    outer loop
      vertex 14.5 68 4
      vertex 14.5 66.85 4
      vertex 14.9172 66.7839 4
    endloop
  endfacet
  facet normal 0 0 1
    outer loop
      vertex 14.5 68 4
      vertex 14.0828 66.7839 4
      vertex 14.5 66.85 4
    endloop
  endfacet
  facet normal -0 0 1
    outer loop
      vertex 13.7275 67.8776 4
      vertex 14.0828 66.7839 4
      vertex 14.5 68 4
    endloop
  endfacet
  facet normal 0 0 1
    outer loop
      vertex 13.7275 67.8776 4
      vertex 13.7065 66.5922 4
      vertex 14.0828 66.7839 4
    endloop
  endfacet
  facet normal -0 0 1
    outer loop
      vertex 13.0305 67.5225 4
      vertex 13.7065 66.5922 4
      vertex 13.7275 67.8776 4
    endloop
  endfacet
  facet normal 0 0 1
    outer loop
      vertex 13.7065 66.5922 4
      vertex 13.0305 67.5225 4
      vertex 13.4078 66.2935 4
    endloop
  endfacet
  facet normal 0 0 1
    outer loop
      vertex 13.4078 66.2935 4
      vertex 12.4775 66.9695 4
      vertex 13.2161 65.9172 4
    endloop
  endfacet
  facet normal -0 0 1
    outer loop
      vertex 12.4775 66.9695 4
      vertex 13.4078 66.2935 4
      vertex 13.0305 67.5225 4
    endloop
  endfacet
  facet normal -0 0 1
    outer loop
      vertex 15.5922 64.7065 4
      vertex 16.5225 64.0305 4
      vertex 15.7839 65.0828 4
    endloop
  endfacet
  facet normal 0 0 1
    outer loop
      vertex 16.5225 64.0305 4
      vertex 15.5922 64.7065 4
      vertex 15.9695 63.4775 4
    endloop
  endfacet
  facet normal -0 0 1
    outer loop
      vertex 15.2935 64.4078 4
      vertex 15.9695 63.4775 4
      vertex 15.5922 64.7065 4
    endloop
  endfacet
  facet normal 0 0 1
    outer loop
      vertex 15.2935 64.4078 4
      vertex 15.2725 63.1224 4
      vertex 15.9695 63.4775 4
    endloop
  endfacet
  facet normal -0 0 1
    outer loop
      vertex 14.9172 64.2161 4
      vertex 15.2725 63.1224 4
      vertex 15.2935 64.4078 4
    endloop
  endfacet
  facet normal -0 0 1
    outer loop
      vertex 14.5 64.15 4
      vertex 15.2725 63.1224 4
      vertex 14.9172 64.2161 4
    endloop
  endfacet
  facet normal 0 0 1
    outer loop
      vertex 14.5 64.15 4
      vertex 14.5 63 4
      vertex 15.2725 63.1224 4
    endloop
  endfacet
  facet normal 0 0 1
    outer loop
      vertex 14.0828 64.2161 4
      vertex 14.5 63 4
      vertex 14.5 64.15 4
    endloop
  endfacet
  facet normal 0 0 1
    outer loop
      vertex 14.0828 64.2161 4
      vertex 13.7275 63.1224 4
      vertex 14.5 63 4
    endloop
  endfacet
  facet normal 0 0 1
    outer loop
      vertex 13.7065 64.4078 4
      vertex 13.7275 63.1224 4
      vertex 14.0828 64.2161 4
    endloop
  endfacet
  facet normal 0 0 1
    outer loop
      vertex 13.0305 63.4775 4
      vertex 13.7065 64.4078 4
      vertex 13.4078 64.7065 4
    endloop
  endfacet
  facet normal 0 0 1
    outer loop
      vertex 12.4775 64.0305 4
      vertex 13.4078 64.7065 4
      vertex 13.2161 65.0828 4
    endloop
  endfacet
  facet normal 0 0 1
    outer loop
      vertex 13.7065 64.4078 4
      vertex 13.0305 63.4775 4
      vertex 13.7275 63.1224 4
    endloop
  endfacet
  facet normal 0 0 1
    outer loop
      vertex 12.1224 64.7275 4
      vertex 13.2161 65.0828 4
      vertex 13.15 65.5 4
    endloop
  endfacet
  facet normal -0 0 1
    outer loop
      vertex 12.1224 66.2725 4
      vertex 13.2161 65.9172 4
      vertex 12.4775 66.9695 4
    endloop
  endfacet
  facet normal 0 0 1
    outer loop
      vertex 13.2161 65.9172 4
      vertex 12.1224 66.2725 4
      vertex 13.15 65.5 4
    endloop
  endfacet
  facet normal 0 0 1
    outer loop
      vertex 13.4078 64.7065 4
      vertex 12.4775 64.0305 4
      vertex 13.0305 63.4775 4
    endloop
  endfacet
  facet normal 0 0 1
    outer loop
      vertex 12 65.5 4
      vertex 13.15 65.5 4
      vertex 12.1224 66.2725 4
    endloop
  endfacet
  facet normal 0 0 1
    outer loop
      vertex 13.2161 65.0828 4
      vertex 12.1224 64.7275 4
      vertex 12.4775 64.0305 4
    endloop
  endfacet
  facet normal 0 0 1
    outer loop
      vertex 13.15 65.5 4
      vertex 12 65.5 4
      vertex 12.1224 64.7275 4
    endloop
  endfacet
  facet normal 0.891027 -0.453951 0
    outer loop
      vertex 16.5225 64.0305 4
      vertex 16.8776 64.7275 2
      vertex 16.8776 64.7275 4
    endloop
  endfacet
  facet normal 0.891027 -0.453951 0
    outer loop
      vertex 16.8776 64.7275 2
      vertex 16.5225 64.0305 4
      vertex 16.5225 64.0305 2
    endloop
  endfacet
  facet normal 0.987679 -0.156494 0
    outer loop
      vertex 16.8776 64.7275 4
      vertex 17 65.5 2
      vertex 17 65.5 4
    endloop
  endfacet
  facet normal 0.987679 -0.156494 0
    outer loop
      vertex 17 65.5 2
      vertex 16.8776 64.7275 4
      vertex 16.8776 64.7275 2
    endloop
  endfacet
  facet normal -0.707107 -0.707107 0
    outer loop
      vertex 13.0305 63.4775 2
      vertex 12.4775 64.0305 4
      vertex 12.4775 64.0305 2
    endloop
  endfacet
  facet normal -0.707107 -0.707107 0
    outer loop
      vertex 12.4775 64.0305 4
      vertex 13.0305 63.4775 2
      vertex 13.0305 63.4775 4
    endloop
  endfacet
  facet normal -0.453951 -0.891027 0
    outer loop
      vertex 13.0305 63.4775 2
      vertex 13.7275 63.1224 4
      vertex 13.0305 63.4775 4
    endloop
  endfacet
  facet normal -0.453951 -0.891027 -0
    outer loop
      vertex 13.7275 63.1224 4
      vertex 13.0305 63.4775 2
      vertex 13.7275 63.1224 2
    endloop
  endfacet
  facet normal -0.891039 -0.453926 0
    outer loop
      vertex 15.7839 65.9172 2
      vertex 15.5922 66.2935 4
      vertex 15.5922 66.2935 2
    endloop
  endfacet
  facet normal -0.891039 -0.453926 0
    outer loop
      vertex 15.5922 66.2935 4
      vertex 15.7839 65.9172 2
      vertex 15.7839 65.9172 4
    endloop
  endfacet
  facet normal -0.98768 -0.156485 0
    outer loop
      vertex 15.85 65.5 2
      vertex 15.7839 65.9172 4
      vertex 15.7839 65.9172 2
    endloop
  endfacet
  facet normal -0.98768 -0.156485 0
    outer loop
      vertex 15.7839 65.9172 4
      vertex 15.85 65.5 2
      vertex 15.85 65.5 4
    endloop
  endfacet
  facet normal -0.707107 -0.707107 0
    outer loop
      vertex 15.2935 66.5922 2
      vertex 15.5922 66.2935 4
      vertex 15.2935 66.5922 4
    endloop
  endfacet
  facet normal -0.707107 -0.707107 -0
    outer loop
      vertex 15.5922 66.2935 4
      vertex 15.2935 66.5922 2
      vertex 15.5922 66.2935 2
    endloop
  endfacet
  facet normal 0.707107 0.707107 -0
    outer loop
      vertex 13.7065 64.4078 2
      vertex 13.4078 64.7065 4
      vertex 13.7065 64.4078 4
    endloop
  endfacet
  facet normal 0.707107 0.707107 0
    outer loop
      vertex 13.4078 64.7065 4
      vertex 13.7065 64.4078 2
      vertex 13.4078 64.7065 2
    endloop
  endfacet
  facet normal -0.707107 0.707107 0
    outer loop
      vertex 15.5922 64.7065 2
      vertex 15.2935 64.4078 4
      vertex 15.5922 64.7065 4
    endloop
  endfacet
  facet normal -0.707107 0.707107 0
    outer loop
      vertex 15.2935 64.4078 4
      vertex 15.5922 64.7065 2
      vertex 15.2935 64.4078 2
    endloop
  endfacet
  facet normal -0.453926 0.891039 0
    outer loop
      vertex 15.2935 64.4078 2
      vertex 14.9172 64.2161 4
      vertex 15.2935 64.4078 4
    endloop
  endfacet
  facet normal -0.453926 0.891039 0
    outer loop
      vertex 14.9172 64.2161 4
      vertex 15.2935 64.4078 2
      vertex 14.9172 64.2161 2
    endloop
  endfacet
  facet normal 0.453926 0.891039 -0
    outer loop
      vertex 14.0828 64.2161 2
      vertex 13.7065 64.4078 4
      vertex 14.0828 64.2161 4
    endloop
  endfacet
  facet normal 0.453926 0.891039 0
    outer loop
      vertex 13.7065 64.4078 4
      vertex 14.0828 64.2161 2
      vertex 13.7065 64.4078 2
    endloop
  endfacet
  facet normal 0.98768 -0.156485 0
    outer loop
      vertex 13.15 65.5 4
      vertex 13.2161 65.9172 2
      vertex 13.2161 65.9172 4
    endloop
  endfacet
  facet normal 0.98768 -0.156485 0
    outer loop
      vertex 13.2161 65.9172 2
      vertex 13.15 65.5 4
      vertex 13.15 65.5 2
    endloop
  endfacet
  facet normal 0.707107 -0.707107 0
    outer loop
      vertex 13.4078 66.2935 2
      vertex 13.7065 66.5922 4
      vertex 13.4078 66.2935 4
    endloop
  endfacet
  facet normal 0.707107 -0.707107 0
    outer loop
      vertex 13.7065 66.5922 4
      vertex 13.4078 66.2935 2
      vertex 13.7065 66.5922 2
    endloop
  endfacet
  facet normal 0.156485 0.98768 -0
    outer loop
      vertex 14.5 64.15 2
      vertex 14.0828 64.2161 4
      vertex 14.5 64.15 4
    endloop
  endfacet
  facet normal 0.156485 0.98768 0
    outer loop
      vertex 14.0828 64.2161 4
      vertex 14.5 64.15 2
      vertex 14.0828 64.2161 2
    endloop
  endfacet
  facet normal 0.891039 -0.453926 0
    outer loop
      vertex 13.2161 65.9172 4
      vertex 13.4078 66.2935 2
      vertex 13.4078 66.2935 4
    endloop
  endfacet
  facet normal 0.891039 -0.453926 0
    outer loop
      vertex 13.4078 66.2935 2
      vertex 13.2161 65.9172 4
      vertex 13.2161 65.9172 2
    endloop
  endfacet
  facet normal 0.891039 0.453926 0
    outer loop
      vertex 13.4078 64.7065 4
      vertex 13.2161 65.0828 2
      vertex 13.2161 65.0828 4
    endloop
  endfacet
  facet normal 0.891039 0.453926 0
    outer loop
      vertex 13.2161 65.0828 2
      vertex 13.4078 64.7065 4
      vertex 13.4078 64.7065 2
    endloop
  endfacet
  facet normal -0.453926 -0.891039 0
    outer loop
      vertex 14.9172 66.7839 2
      vertex 15.2935 66.5922 4
      vertex 14.9172 66.7839 4
    endloop
  endfacet
  facet normal -0.453926 -0.891039 -0
    outer loop
      vertex 15.2935 66.5922 4
      vertex 14.9172 66.7839 2
      vertex 15.2935 66.5922 2
    endloop
  endfacet
  facet normal -0.98768 0.156485 0
    outer loop
      vertex 15.7839 65.0828 2
      vertex 15.85 65.5 4
      vertex 15.85 65.5 2
    endloop
  endfacet
  facet normal -0.98768 0.156485 0
    outer loop
      vertex 15.85 65.5 4
      vertex 15.7839 65.0828 2
      vertex 15.7839 65.0828 4
    endloop
  endfacet
  facet normal 0.156485 -0.98768 0
    outer loop
      vertex 14.0828 66.7839 2
      vertex 14.5 66.85 4
      vertex 14.0828 66.7839 4
    endloop
  endfacet
  facet normal 0.156485 -0.98768 0
    outer loop
      vertex 14.5 66.85 4
      vertex 14.0828 66.7839 2
      vertex 14.5 66.85 2
    endloop
  endfacet
  facet normal -0.891039 0.453926 0
    outer loop
      vertex 15.5922 64.7065 2
      vertex 15.7839 65.0828 4
      vertex 15.7839 65.0828 2
    endloop
  endfacet
  facet normal -0.891039 0.453926 0
    outer loop
      vertex 15.7839 65.0828 4
      vertex 15.5922 64.7065 2
      vertex 15.5922 64.7065 4
    endloop
  endfacet
  facet normal 0.453926 -0.891039 0
    outer loop
      vertex 13.7065 66.5922 2
      vertex 14.0828 66.7839 4
      vertex 13.7065 66.5922 4
    endloop
  endfacet
  facet normal 0.453926 -0.891039 0
    outer loop
      vertex 14.0828 66.7839 4
      vertex 13.7065 66.5922 2
      vertex 14.0828 66.7839 2
    endloop
  endfacet
  facet normal -0.156485 -0.98768 0
    outer loop
      vertex 14.5 66.85 2
      vertex 14.9172 66.7839 4
      vertex 14.5 66.85 4
    endloop
  endfacet
  facet normal -0.156485 -0.98768 -0
    outer loop
      vertex 14.9172 66.7839 4
      vertex 14.5 66.85 2
      vertex 14.9172 66.7839 2
    endloop
  endfacet
  facet normal -0.156485 0.98768 0
    outer loop
      vertex 14.9172 64.2161 2
      vertex 14.5 64.15 4
      vertex 14.9172 64.2161 4
    endloop
  endfacet
  facet normal -0.156485 0.98768 0
    outer loop
      vertex 14.5 64.15 4
      vertex 14.9172 64.2161 2
      vertex 14.5 64.15 2
    endloop
  endfacet
  facet normal 0.98768 0.156485 0
    outer loop
      vertex 13.2161 65.0828 4
      vertex 13.15 65.5 2
      vertex 13.15 65.5 4
    endloop
  endfacet
  facet normal 0.98768 0.156485 0
    outer loop
      vertex 13.15 65.5 2
      vertex 13.2161 65.0828 4
      vertex 13.2161 65.0828 2
    endloop
  endfacet
  facet normal 0.891006 0.453992 0
    outer loop
      vertex 41.8776 6.27254 4
      vertex 41.5225 6.96946 2
      vertex 41.5225 6.96946 4
    endloop
  endfacet
  facet normal 0.891006 0.453992 0
    outer loop
      vertex 41.5225 6.96946 2
      vertex 41.8776 6.27254 4
      vertex 41.8776 6.27254 2
    endloop
  endfacet
  facet normal 0.98768 0.156486 0
    outer loop
      vertex 42 5.5 4
      vertex 41.8776 6.27254 2
      vertex 41.8776 6.27254 4
    endloop
  endfacet
  facet normal 0.98768 0.156486 0
    outer loop
      vertex 41.8776 6.27254 2
      vertex 42 5.5 4
      vertex 42 5.5 2
    endloop
  endfacet
  facet normal 0.707158 0.707056 0
    outer loop
      vertex 41.5225 6.96946 4
      vertex 40.9695 7.52254 2
      vertex 40.9695 7.52254 4
    endloop
  endfacet
  facet normal 0.707158 0.707056 0
    outer loop
      vertex 40.9695 7.52254 2
      vertex 41.5225 6.96946 4
      vertex 41.5225 6.96946 2
    endloop
  endfacet
  facet normal 0.156444 0.987687 -0
    outer loop
      vertex 40.2725 7.87764 2
      vertex 39.5 8 4
      vertex 40.2725 7.87764 4
    endloop
  endfacet
  facet normal 0.156444 0.987687 0
    outer loop
      vertex 39.5 8 4
      vertex 40.2725 7.87764 2
      vertex 39.5 8 2
    endloop
  endfacet
  facet normal -0.98768 0.156486 0
    outer loop
      vertex 37 5.5 2
      vertex 37.1224 6.27254 4
      vertex 37.1224 6.27254 2
    endloop
  endfacet
  facet normal -0.98768 0.156486 0
    outer loop
      vertex 37.1224 6.27254 4
      vertex 37 5.5 2
      vertex 37 5.5 4
    endloop
  endfacet
  facet normal 0.453951 0.891027 -0
    outer loop
      vertex 40.9695 7.52254 2
      vertex 40.2725 7.87764 4
      vertex 40.9695 7.52254 4
    endloop
  endfacet
  facet normal 0.453951 0.891027 0
    outer loop
      vertex 40.2725 7.87764 4
      vertex 40.9695 7.52254 2
      vertex 40.2725 7.87764 2
    endloop
  endfacet
  facet normal -0.453951 0.891027 0
    outer loop
      vertex 38.7275 7.87764 2
      vertex 38.0305 7.52254 4
      vertex 38.7275 7.87764 4
    endloop
  endfacet
  facet normal -0.453951 0.891027 0
    outer loop
      vertex 38.0305 7.52254 4
      vertex 38.7275 7.87764 2
      vertex 38.0305 7.52254 2
    endloop
  endfacet
  facet normal -0.156444 -0.987687 0
    outer loop
      vertex 38.7275 3.12236 2
      vertex 39.5 3 4
      vertex 38.7275 3.12236 4
    endloop
  endfacet
  facet normal -0.156444 -0.987687 -0
    outer loop
      vertex 39.5 3 4
      vertex 38.7275 3.12236 2
      vertex 39.5 3 2
    endloop
  endfacet
  facet normal 0.707158 -0.707056 0
    outer loop
      vertex 40.9695 3.47746 4
      vertex 41.5225 4.03054 2
      vertex 41.5225 4.03054 4
    endloop
  endfacet
  facet normal 0.707158 -0.707056 0
    outer loop
      vertex 41.5225 4.03054 2
      vertex 40.9695 3.47746 4
      vertex 40.9695 3.47746 2
    endloop
  endfacet
  facet normal -0.891006 -0.453992 0
    outer loop
      vertex 37.4775 4.03054 2
      vertex 37.1224 4.72746 4
      vertex 37.1224 4.72746 2
    endloop
  endfacet
  facet normal -0.891006 -0.453992 0
    outer loop
      vertex 37.1224 4.72746 4
      vertex 37.4775 4.03054 2
      vertex 37.4775 4.03054 4
    endloop
  endfacet
  facet normal -0.156444 0.987687 0
    outer loop
      vertex 39.5 8 2
      vertex 38.7275 7.87764 4
      vertex 39.5 8 4
    endloop
  endfacet
  facet normal -0.156444 0.987687 0
    outer loop
      vertex 38.7275 7.87764 4
      vertex 39.5 8 2
      vertex 38.7275 7.87764 2
    endloop
  endfacet
  facet normal 0.453951 -0.891027 0
    outer loop
      vertex 40.2725 3.12236 2
      vertex 40.9695 3.47746 4
      vertex 40.2725 3.12236 4
    endloop
  endfacet
  facet normal 0.453951 -0.891027 0
    outer loop
      vertex 40.9695 3.47746 4
      vertex 40.2725 3.12236 2
      vertex 40.9695 3.47746 2
    endloop
  endfacet
  facet normal 0.156444 -0.987687 0
    outer loop
      vertex 39.5 3 2
      vertex 40.2725 3.12236 4
      vertex 39.5 3 4
    endloop
  endfacet
  facet normal 0.156444 -0.987687 0
    outer loop
      vertex 40.2725 3.12236 4
      vertex 39.5 3 2
      vertex 40.2725 3.12236 2
    endloop
  endfacet
  facet normal -0.98768 -0.156486 0
    outer loop
      vertex 37.1224 4.72746 2
      vertex 37 5.5 4
      vertex 37 5.5 2
    endloop
  endfacet
  facet normal -0.98768 -0.156486 0
    outer loop
      vertex 37 5.5 4
      vertex 37.1224 4.72746 2
      vertex 37.1224 4.72746 4
    endloop
  endfacet
  facet normal -0.891006 0.453992 0
    outer loop
      vertex 37.1224 6.27254 2
      vertex 37.4775 6.96946 4
      vertex 37.4775 6.96946 2
    endloop
  endfacet
  facet normal -0.891006 0.453992 0
    outer loop
      vertex 37.4775 6.96946 4
      vertex 37.1224 6.27254 2
      vertex 37.1224 6.27254 4
    endloop
  endfacet
  facet normal -0.707158 0.707056 0
    outer loop
      vertex 37.4775 6.96946 2
      vertex 38.0305 7.52254 4
      vertex 38.0305 7.52254 2
    endloop
  endfacet
  facet normal -0.707158 0.707056 0
    outer loop
      vertex 38.0305 7.52254 4
      vertex 37.4775 6.96946 2
      vertex 37.4775 6.96946 4
    endloop
  endfacet
  facet normal 0 0 1
    outer loop
      vertex 40.85 5.5 4
      vertex 42 5.5 4
      vertex 41.8776 6.27254 4
    endloop
  endfacet
  facet normal 0 0 1
    outer loop
      vertex 40.7839 5.91717 4
      vertex 41.8776 6.27254 4
      vertex 41.5225 6.96946 4
    endloop
  endfacet
  facet normal 0 0 1
    outer loop
      vertex 42 5.5 4
      vertex 40.85 5.5 4
      vertex 41.8776 4.72746 4
    endloop
  endfacet
  facet normal 0 0 1
    outer loop
      vertex 40.5922 6.29351 4
      vertex 41.5225 6.96946 4
      vertex 40.9695 7.52254 4
    endloop
  endfacet
  facet normal -0 0 1
    outer loop
      vertex 40.7839 5.08283 4
      vertex 41.8776 4.72746 4
      vertex 40.85 5.5 4
    endloop
  endfacet
  facet normal 0 0 1
    outer loop
      vertex 41.8776 4.72746 4
      vertex 40.7839 5.08283 4
      vertex 41.5225 4.03054 4
    endloop
  endfacet
  facet normal 0 0 1
    outer loop
      vertex 41.8776 6.27254 4
      vertex 40.7839 5.91717 4
      vertex 40.85 5.5 4
    endloop
  endfacet
  facet normal 0 0 1
    outer loop
      vertex 41.5225 6.96946 4
      vertex 40.5922 6.29351 4
      vertex 40.7839 5.91717 4
    endloop
  endfacet
  facet normal 0 0 1
    outer loop
      vertex 40.9695 7.52254 4
      vertex 40.2935 6.59217 4
      vertex 40.5922 6.29351 4
    endloop
  endfacet
  facet normal 0 0 1
    outer loop
      vertex 40.2725 7.87764 4
      vertex 40.2935 6.59217 4
      vertex 40.9695 7.52254 4
    endloop
  endfacet
  facet normal 0 0 1
    outer loop
      vertex 40.2725 7.87764 4
      vertex 39.9172 6.78393 4
      vertex 40.2935 6.59217 4
    endloop
  endfacet
  facet normal 0 0 1
    outer loop
      vertex 39.5 8 4
      vertex 39.9172 6.78393 4
      vertex 40.2725 7.87764 4
    endloop
  endfacet
  facet normal 0 0 1
    outer loop
      vertex 39.5 8 4
      vertex 39.5 6.85 4
      vertex 39.9172 6.78393 4
    endloop
  endfacet
  facet normal 0 0 1
    outer loop
      vertex 39.5 8 4
      vertex 39.0828 6.78393 4
      vertex 39.5 6.85 4
    endloop
  endfacet
  facet normal -0 0 1
    outer loop
      vertex 38.7275 7.87764 4
      vertex 39.0828 6.78393 4
      vertex 39.5 8 4
    endloop
  endfacet
  facet normal 0 0 1
    outer loop
      vertex 38.7275 7.87764 4
      vertex 38.7065 6.59217 4
      vertex 39.0828 6.78393 4
    endloop
  endfacet
  facet normal -0 0 1
    outer loop
      vertex 38.0305 7.52254 4
      vertex 38.7065 6.59217 4
      vertex 38.7275 7.87764 4
    endloop
  endfacet
  facet normal 0 0 1
    outer loop
      vertex 38.7065 6.59217 4
      vertex 38.0305 7.52254 4
      vertex 38.4078 6.29351 4
    endloop
  endfacet
  facet normal 0 0 1
    outer loop
      vertex 38.4078 6.29351 4
      vertex 37.4775 6.96946 4
      vertex 38.2161 5.91717 4
    endloop
  endfacet
  facet normal -0 0 1
    outer loop
      vertex 37.4775 6.96946 4
      vertex 38.4078 6.29351 4
      vertex 38.0305 7.52254 4
    endloop
  endfacet
  facet normal -0 0 1
    outer loop
      vertex 40.5922 4.70649 4
      vertex 41.5225 4.03054 4
      vertex 40.7839 5.08283 4
    endloop
  endfacet
  facet normal 0 0 1
    outer loop
      vertex 41.5225 4.03054 4
      vertex 40.5922 4.70649 4
      vertex 40.9695 3.47746 4
    endloop
  endfacet
  facet normal -0 0 1
    outer loop
      vertex 40.2935 4.40783 4
      vertex 40.9695 3.47746 4
      vertex 40.5922 4.70649 4
    endloop
  endfacet
  facet normal 0 0 1
    outer loop
      vertex 40.2935 4.40783 4
      vertex 40.2725 3.12236 4
      vertex 40.9695 3.47746 4
    endloop
  endfacet
  facet normal -0 0 1
    outer loop
      vertex 39.9172 4.21607 4
      vertex 40.2725 3.12236 4
      vertex 40.2935 4.40783 4
    endloop
  endfacet
  facet normal -0 0 1
    outer loop
      vertex 39.5 4.15 4
      vertex 40.2725 3.12236 4
      vertex 39.9172 4.21607 4
    endloop
  endfacet
  facet normal 0 0 1
    outer loop
      vertex 39.5 4.15 4
      vertex 39.5 3 4
      vertex 40.2725 3.12236 4
    endloop
  endfacet
  facet normal 0 0 1
    outer loop
      vertex 39.0828 4.21607 4
      vertex 39.5 3 4
      vertex 39.5 4.15 4
    endloop
  endfacet
  facet normal 0 0 1
    outer loop
      vertex 39.0828 4.21607 4
      vertex 38.7275 3.12236 4
      vertex 39.5 3 4
    endloop
  endfacet
  facet normal 0 0 1
    outer loop
      vertex 38.7065 4.40783 4
      vertex 38.7275 3.12236 4
      vertex 39.0828 4.21607 4
    endloop
  endfacet
  facet normal 0 0 1
    outer loop
      vertex 38.0305 3.47746 4
      vertex 38.7065 4.40783 4
      vertex 38.4078 4.70649 4
    endloop
  endfacet
  facet normal 0 0 1
    outer loop
      vertex 37.4775 4.03054 4
      vertex 38.4078 4.70649 4
      vertex 38.2161 5.08283 4
    endloop
  endfacet
  facet normal 0 0 1
    outer loop
      vertex 38.7065 4.40783 4
      vertex 38.0305 3.47746 4
      vertex 38.7275 3.12236 4
    endloop
  endfacet
  facet normal 0 0 1
    outer loop
      vertex 37.1224 4.72746 4
      vertex 38.2161 5.08283 4
      vertex 38.15 5.5 4
    endloop
  endfacet
  facet normal -0 0 1
    outer loop
      vertex 37.1224 6.27254 4
      vertex 38.2161 5.91717 4
      vertex 37.4775 6.96946 4
    endloop
  endfacet
  facet normal 0 0 1
    outer loop
      vertex 38.2161 5.91717 4
      vertex 37.1224 6.27254 4
      vertex 38.15 5.5 4
    endloop
  endfacet
  facet normal 0 0 1
    outer loop
      vertex 38.4078 4.70649 4
      vertex 37.4775 4.03054 4
      vertex 38.0305 3.47746 4
    endloop
  endfacet
  facet normal 0 0 1
    outer loop
      vertex 37 5.5 4
      vertex 38.15 5.5 4
      vertex 37.1224 6.27254 4
    endloop
  endfacet
  facet normal 0 0 1
    outer loop
      vertex 38.2161 5.08283 4
      vertex 37.1224 4.72746 4
      vertex 37.4775 4.03054 4
    endloop
  endfacet
  facet normal 0 0 1
    outer loop
      vertex 38.15 5.5 4
      vertex 37 5.5 4
      vertex 37.1224 4.72746 4
    endloop
  endfacet
  facet normal 0.891006 -0.453992 0
    outer loop
      vertex 41.5225 4.03054 4
      vertex 41.8776 4.72746 2
      vertex 41.8776 4.72746 4
    endloop
  endfacet
  facet normal 0.891006 -0.453992 0
    outer loop
      vertex 41.8776 4.72746 2
      vertex 41.5225 4.03054 4
      vertex 41.5225 4.03054 2
    endloop
  endfacet
  facet normal 0.98768 -0.156486 0
    outer loop
      vertex 41.8776 4.72746 4
      vertex 42 5.5 2
      vertex 42 5.5 4
    endloop
  endfacet
  facet normal 0.98768 -0.156486 0
    outer loop
      vertex 42 5.5 2
      vertex 41.8776 4.72746 4
      vertex 41.8776 4.72746 2
    endloop
  endfacet
  facet normal -0.707158 -0.707056 0
    outer loop
      vertex 38.0305 3.47746 2
      vertex 37.4775 4.03054 4
      vertex 37.4775 4.03054 2
    endloop
  endfacet
  facet normal -0.707158 -0.707056 0
    outer loop
      vertex 37.4775 4.03054 4
      vertex 38.0305 3.47746 2
      vertex 38.0305 3.47746 4
    endloop
  endfacet
  facet normal -0.453951 -0.891027 0
    outer loop
      vertex 38.0305 3.47746 2
      vertex 38.7275 3.12236 4
      vertex 38.0305 3.47746 4
    endloop
  endfacet
  facet normal -0.453951 -0.891027 -0
    outer loop
      vertex 38.7275 3.12236 4
      vertex 38.0305 3.47746 2
      vertex 38.7275 3.12236 2
    endloop
  endfacet
  facet normal -0.891059 -0.453887 0
    outer loop
      vertex 40.7839 5.91717 2
      vertex 40.5922 6.29351 4
      vertex 40.5922 6.29351 2
    endloop
  endfacet
  facet normal -0.891059 -0.453887 0
    outer loop
      vertex 40.5922 6.29351 4
      vertex 40.7839 5.91717 2
      vertex 40.7839 5.91717 4
    endloop
  endfacet
  facet normal -0.987679 -0.156496 0
    outer loop
      vertex 40.85 5.5 2
      vertex 40.7839 5.91717 4
      vertex 40.7839 5.91717 2
    endloop
  endfacet
  facet normal -0.987679 -0.156496 0
    outer loop
      vertex 40.7839 5.91717 4
      vertex 40.85 5.5 2
      vertex 40.85 5.5 4
    endloop
  endfacet
  facet normal -0.707059 -0.707154 0
    outer loop
      vertex 40.5922 6.29351 2
      vertex 40.2935 6.59217 4
      vertex 40.2935 6.59217 2
    endloop
  endfacet
  facet normal -0.707059 -0.707154 0
    outer loop
      vertex 40.2935 6.59217 4
      vertex 40.5922 6.29351 2
      vertex 40.5922 6.29351 4
    endloop
  endfacet
  facet normal 0.707059 0.707154 0
    outer loop
      vertex 38.7065 4.40783 4
      vertex 38.4078 4.70649 2
      vertex 38.4078 4.70649 4
    endloop
  endfacet
  facet normal 0.707059 0.707154 0
    outer loop
      vertex 38.4078 4.70649 2
      vertex 38.7065 4.40783 4
      vertex 38.7065 4.40783 2
    endloop
  endfacet
  facet normal -0.707059 0.707154 0
    outer loop
      vertex 40.2935 4.40783 2
      vertex 40.5922 4.70649 4
      vertex 40.5922 4.70649 2
    endloop
  endfacet
  facet normal -0.707059 0.707154 0
    outer loop
      vertex 40.5922 4.70649 4
      vertex 40.2935 4.40783 2
      vertex 40.2935 4.40783 4
    endloop
  endfacet
  facet normal -0.454039 0.890982 0
    outer loop
      vertex 40.2935 4.40783 2
      vertex 39.9172 4.21607 4
      vertex 40.2935 4.40783 4
    endloop
  endfacet
  facet normal -0.454039 0.890982 0
    outer loop
      vertex 39.9172 4.21607 4
      vertex 40.2935 4.40783 2
      vertex 39.9172 4.21607 2
    endloop
  endfacet
  facet normal 0.454039 0.890982 -0
    outer loop
      vertex 39.0828 4.21607 2
      vertex 38.7065 4.40783 4
      vertex 39.0828 4.21607 4
    endloop
  endfacet
  facet normal 0.454039 0.890982 0
    outer loop
      vertex 38.7065 4.40783 4
      vertex 39.0828 4.21607 2
      vertex 38.7065 4.40783 2
    endloop
  endfacet
  facet normal 0.987679 -0.156496 0
    outer loop
      vertex 38.15 5.5 4
      vertex 38.2161 5.91717 2
      vertex 38.2161 5.91717 4
    endloop
  endfacet
  facet normal 0.987679 -0.156496 0
    outer loop
      vertex 38.2161 5.91717 2
      vertex 38.15 5.5 4
      vertex 38.15 5.5 2
    endloop
  endfacet
  facet normal 0.707059 -0.707154 0
    outer loop
      vertex 38.4078 6.29351 4
      vertex 38.7065 6.59217 2
      vertex 38.7065 6.59217 4
    endloop
  endfacet
  facet normal 0.707059 -0.707154 0
    outer loop
      vertex 38.7065 6.59217 2
      vertex 38.4078 6.29351 4
      vertex 38.4078 6.29351 2
    endloop
  endfacet
  facet normal 0.156416 0.987691 -0
    outer loop
      vertex 39.5 4.15 2
      vertex 39.0828 4.21607 4
      vertex 39.5 4.15 4
    endloop
  endfacet
  facet normal 0.156416 0.987691 0
    outer loop
      vertex 39.0828 4.21607 4
      vertex 39.5 4.15 2
      vertex 39.0828 4.21607 2
    endloop
  endfacet
  facet normal 0.891059 -0.453887 0
    outer loop
      vertex 38.2161 5.91717 4
      vertex 38.4078 6.29351 2
      vertex 38.4078 6.29351 4
    endloop
  endfacet
  facet normal 0.891059 -0.453887 0
    outer loop
      vertex 38.4078 6.29351 2
      vertex 38.2161 5.91717 4
      vertex 38.2161 5.91717 2
    endloop
  endfacet
  facet normal 0.891059 0.453887 0
    outer loop
      vertex 38.4078 4.70649 4
      vertex 38.2161 5.08283 2
      vertex 38.2161 5.08283 4
    endloop
  endfacet
  facet normal 0.891059 0.453887 0
    outer loop
      vertex 38.2161 5.08283 2
      vertex 38.4078 4.70649 4
      vertex 38.4078 4.70649 2
    endloop
  endfacet
  facet normal -0.454039 -0.890982 0
    outer loop
      vertex 39.9172 6.78393 2
      vertex 40.2935 6.59217 4
      vertex 39.9172 6.78393 4
    endloop
  endfacet
  facet normal -0.454039 -0.890982 -0
    outer loop
      vertex 40.2935 6.59217 4
      vertex 39.9172 6.78393 2
      vertex 40.2935 6.59217 2
    endloop
  endfacet
  facet normal -0.987679 0.156496 0
    outer loop
      vertex 40.7839 5.08283 2
      vertex 40.85 5.5 4
      vertex 40.85 5.5 2
    endloop
  endfacet
  facet normal -0.987679 0.156496 0
    outer loop
      vertex 40.85 5.5 4
      vertex 40.7839 5.08283 2
      vertex 40.7839 5.08283 4
    endloop
  endfacet
  facet normal 0.156416 -0.987691 0
    outer loop
      vertex 39.0828 6.78393 2
      vertex 39.5 6.85 4
      vertex 39.0828 6.78393 4
    endloop
  endfacet
  facet normal 0.156416 -0.987691 0
    outer loop
      vertex 39.5 6.85 4
      vertex 39.0828 6.78393 2
      vertex 39.5 6.85 2
    endloop
  endfacet
  facet normal -0.891059 0.453887 0
    outer loop
      vertex 40.5922 4.70649 2
      vertex 40.7839 5.08283 4
      vertex 40.7839 5.08283 2
    endloop
  endfacet
  facet normal -0.891059 0.453887 0
    outer loop
      vertex 40.7839 5.08283 4
      vertex 40.5922 4.70649 2
      vertex 40.5922 4.70649 4
    endloop
  endfacet
  facet normal 0.454039 -0.890982 0
    outer loop
      vertex 38.7065 6.59217 2
      vertex 39.0828 6.78393 4
      vertex 38.7065 6.59217 4
    endloop
  endfacet
  facet normal 0.454039 -0.890982 0
    outer loop
      vertex 39.0828 6.78393 4
      vertex 38.7065 6.59217 2
      vertex 39.0828 6.78393 2
    endloop
  endfacet
  facet normal -0.156416 -0.987691 0
    outer loop
      vertex 39.5 6.85 2
      vertex 39.9172 6.78393 4
      vertex 39.5 6.85 4
    endloop
  endfacet
  facet normal -0.156416 -0.987691 -0
    outer loop
      vertex 39.9172 6.78393 4
      vertex 39.5 6.85 2
      vertex 39.9172 6.78393 2
    endloop
  endfacet
  facet normal -0.156416 0.987691 0
    outer loop
      vertex 39.9172 4.21607 2
      vertex 39.5 4.15 4
      vertex 39.9172 4.21607 4
    endloop
  endfacet
  facet normal -0.156416 0.987691 0
    outer loop
      vertex 39.5 4.15 4
      vertex 39.9172 4.21607 2
      vertex 39.5 4.15 2
    endloop
  endfacet
  facet normal 0.987679 0.156496 0
    outer loop
      vertex 38.2161 5.08283 4
      vertex 38.15 5.5 2
      vertex 38.15 5.5 4
    endloop
  endfacet
  facet normal 0.987679 0.156496 0
    outer loop
      vertex 38.15 5.5 2
      vertex 38.2161 5.08283 4
      vertex 38.2161 5.08283 2
    endloop
  endfacet
  facet normal 0.891027 0.453951 0
    outer loop
      vertex 41.8776 66.2725 4
      vertex 41.5225 66.9695 2
      vertex 41.5225 66.9695 4
    endloop
  endfacet
  facet normal 0.891027 0.453951 0
    outer loop
      vertex 41.5225 66.9695 2
      vertex 41.8776 66.2725 4
      vertex 41.8776 66.2725 2
    endloop
  endfacet
  facet normal 0.987679 0.156494 0
    outer loop
      vertex 42 65.5 4
      vertex 41.8776 66.2725 2
      vertex 41.8776 66.2725 4
    endloop
  endfacet
  facet normal 0.987679 0.156494 0
    outer loop
      vertex 41.8776 66.2725 2
      vertex 42 65.5 4
      vertex 42 65.5 2
    endloop
  endfacet
  facet normal 0.707107 0.707107 0
    outer loop
      vertex 41.5225 66.9695 4
      vertex 40.9695 67.5225 2
      vertex 40.9695 67.5225 4
    endloop
  endfacet
  facet normal 0.707107 0.707107 0
    outer loop
      vertex 40.9695 67.5225 2
      vertex 41.5225 66.9695 4
      vertex 41.5225 66.9695 2
    endloop
  endfacet
  facet normal 0.156494 0.987679 -0
    outer loop
      vertex 40.2725 67.8776 2
      vertex 39.5 68 4
      vertex 40.2725 67.8776 4
    endloop
  endfacet
  facet normal 0.156494 0.987679 0
    outer loop
      vertex 39.5 68 4
      vertex 40.2725 67.8776 2
      vertex 39.5 68 2
    endloop
  endfacet
  facet normal -0.987679 0.156494 0
    outer loop
      vertex 37 65.5 2
      vertex 37.1224 66.2725 4
      vertex 37.1224 66.2725 2
    endloop
  endfacet
  facet normal -0.987679 0.156494 0
    outer loop
      vertex 37.1224 66.2725 4
      vertex 37 65.5 2
      vertex 37 65.5 4
    endloop
  endfacet
  facet normal 0.453951 0.891027 -0
    outer loop
      vertex 40.9695 67.5225 2
      vertex 40.2725 67.8776 4
      vertex 40.9695 67.5225 4
    endloop
  endfacet
  facet normal 0.453951 0.891027 0
    outer loop
      vertex 40.2725 67.8776 4
      vertex 40.9695 67.5225 2
      vertex 40.2725 67.8776 2
    endloop
  endfacet
  facet normal -0.453951 0.891027 0
    outer loop
      vertex 38.7275 67.8776 2
      vertex 38.0305 67.5225 4
      vertex 38.7275 67.8776 4
    endloop
  endfacet
  facet normal -0.453951 0.891027 0
    outer loop
      vertex 38.0305 67.5225 4
      vertex 38.7275 67.8776 2
      vertex 38.0305 67.5225 2
    endloop
  endfacet
  facet normal -0.156494 -0.987679 0
    outer loop
      vertex 38.7275 63.1224 2
      vertex 39.5 63 4
      vertex 38.7275 63.1224 4
    endloop
  endfacet
  facet normal -0.156494 -0.987679 -0
    outer loop
      vertex 39.5 63 4
      vertex 38.7275 63.1224 2
      vertex 39.5 63 2
    endloop
  endfacet
  facet normal 0.707107 -0.707107 0
    outer loop
      vertex 40.9695 63.4775 4
      vertex 41.5225 64.0305 2
      vertex 41.5225 64.0305 4
    endloop
  endfacet
  facet normal 0.707107 -0.707107 0
    outer loop
      vertex 41.5225 64.0305 2
      vertex 40.9695 63.4775 4
      vertex 40.9695 63.4775 2
    endloop
  endfacet
  facet normal -0.891027 -0.453951 0
    outer loop
      vertex 37.4775 64.0305 2
      vertex 37.1224 64.7275 4
      vertex 37.1224 64.7275 2
    endloop
  endfacet
  facet normal -0.891027 -0.453951 0
    outer loop
      vertex 37.1224 64.7275 4
      vertex 37.4775 64.0305 2
      vertex 37.4775 64.0305 4
    endloop
  endfacet
  facet normal -0.156494 0.987679 0
    outer loop
      vertex 39.5 68 2
      vertex 38.7275 67.8776 4
      vertex 39.5 68 4
    endloop
  endfacet
  facet normal -0.156494 0.987679 0
    outer loop
      vertex 38.7275 67.8776 4
      vertex 39.5 68 2
      vertex 38.7275 67.8776 2
    endloop
  endfacet
  facet normal 0.453951 -0.891027 0
    outer loop
      vertex 40.2725 63.1224 2
      vertex 40.9695 63.4775 4
      vertex 40.2725 63.1224 4
    endloop
  endfacet
  facet normal 0.453951 -0.891027 0
    outer loop
      vertex 40.9695 63.4775 4
      vertex 40.2725 63.1224 2
      vertex 40.9695 63.4775 2
    endloop
  endfacet
  facet normal 0.156494 -0.987679 0
    outer loop
      vertex 39.5 63 2
      vertex 40.2725 63.1224 4
      vertex 39.5 63 4
    endloop
  endfacet
  facet normal 0.156494 -0.987679 0
    outer loop
      vertex 40.2725 63.1224 4
      vertex 39.5 63 2
      vertex 40.2725 63.1224 2
    endloop
  endfacet
  facet normal -0.987679 -0.156494 0
    outer loop
      vertex 37.1224 64.7275 2
      vertex 37 65.5 4
      vertex 37 65.5 2
    endloop
  endfacet
  facet normal -0.987679 -0.156494 0
    outer loop
      vertex 37 65.5 4
      vertex 37.1224 64.7275 2
      vertex 37.1224 64.7275 4
    endloop
  endfacet
  facet normal -0.891027 0.453951 0
    outer loop
      vertex 37.1224 66.2725 2
      vertex 37.4775 66.9695 4
      vertex 37.4775 66.9695 2
    endloop
  endfacet
  facet normal -0.891027 0.453951 0
    outer loop
      vertex 37.4775 66.9695 4
      vertex 37.1224 66.2725 2
      vertex 37.1224 66.2725 4
    endloop
  endfacet
  facet normal -0.707107 0.707107 0
    outer loop
      vertex 37.4775 66.9695 2
      vertex 38.0305 67.5225 4
      vertex 38.0305 67.5225 2
    endloop
  endfacet
  facet normal -0.707107 0.707107 0
    outer loop
      vertex 38.0305 67.5225 4
      vertex 37.4775 66.9695 2
      vertex 37.4775 66.9695 4
    endloop
  endfacet
  facet normal 0 0 1
    outer loop
      vertex 40.85 65.5 4
      vertex 42 65.5 4
      vertex 41.8776 66.2725 4
    endloop
  endfacet
  facet normal 0 0 1
    outer loop
      vertex 40.7839 65.9172 4
      vertex 41.8776 66.2725 4
      vertex 41.5225 66.9695 4
    endloop
  endfacet
  facet normal 0 0 1
    outer loop
      vertex 42 65.5 4
      vertex 40.85 65.5 4
      vertex 41.8776 64.7275 4
    endloop
  endfacet
  facet normal 0 0 1
    outer loop
      vertex 40.5922 66.2935 4
      vertex 41.5225 66.9695 4
      vertex 40.9695 67.5225 4
    endloop
  endfacet
  facet normal -0 0 1
    outer loop
      vertex 40.7839 65.0828 4
      vertex 41.8776 64.7275 4
      vertex 40.85 65.5 4
    endloop
  endfacet
  facet normal 0 0 1
    outer loop
      vertex 41.8776 64.7275 4
      vertex 40.7839 65.0828 4
      vertex 41.5225 64.0305 4
    endloop
  endfacet
  facet normal 0 0 1
    outer loop
      vertex 41.8776 66.2725 4
      vertex 40.7839 65.9172 4
      vertex 40.85 65.5 4
    endloop
  endfacet
  facet normal 0 0 1
    outer loop
      vertex 41.5225 66.9695 4
      vertex 40.5922 66.2935 4
      vertex 40.7839 65.9172 4
    endloop
  endfacet
  facet normal 0 0 1
    outer loop
      vertex 40.9695 67.5225 4
      vertex 40.2935 66.5922 4
      vertex 40.5922 66.2935 4
    endloop
  endfacet
  facet normal 0 0 1
    outer loop
      vertex 40.2725 67.8776 4
      vertex 40.2935 66.5922 4
      vertex 40.9695 67.5225 4
    endloop
  endfacet
  facet normal 0 0 1
    outer loop
      vertex 40.2725 67.8776 4
      vertex 39.9172 66.7839 4
      vertex 40.2935 66.5922 4
    endloop
  endfacet
  facet normal 0 0 1
    outer loop
      vertex 39.5 68 4
      vertex 39.9172 66.7839 4
      vertex 40.2725 67.8776 4
    endloop
  endfacet
  facet normal 0 0 1
    outer loop
      vertex 39.5 68 4
      vertex 39.5 66.85 4
      vertex 39.9172 66.7839 4
    endloop
  endfacet
  facet normal 0 0 1
    outer loop
      vertex 39.5 68 4
      vertex 39.0828 66.7839 4
      vertex 39.5 66.85 4
    endloop
  endfacet
  facet normal -0 0 1
    outer loop
      vertex 38.7275 67.8776 4
      vertex 39.0828 66.7839 4
      vertex 39.5 68 4
    endloop
  endfacet
  facet normal 0 0 1
    outer loop
      vertex 38.7275 67.8776 4
      vertex 38.7065 66.5922 4
      vertex 39.0828 66.7839 4
    endloop
  endfacet
  facet normal -0 0 1
    outer loop
      vertex 38.0305 67.5225 4
      vertex 38.7065 66.5922 4
      vertex 38.7275 67.8776 4
    endloop
  endfacet
  facet normal 0 0 1
    outer loop
      vertex 38.7065 66.5922 4
      vertex 38.0305 67.5225 4
      vertex 38.4078 66.2935 4
    endloop
  endfacet
  facet normal 0 0 1
    outer loop
      vertex 38.4078 66.2935 4
      vertex 37.4775 66.9695 4
      vertex 38.2161 65.9172 4
    endloop
  endfacet
  facet normal -0 0 1
    outer loop
      vertex 37.4775 66.9695 4
      vertex 38.4078 66.2935 4
      vertex 38.0305 67.5225 4
    endloop
  endfacet
  facet normal -0 0 1
    outer loop
      vertex 40.5922 64.7065 4
      vertex 41.5225 64.0305 4
      vertex 40.7839 65.0828 4
    endloop
  endfacet
  facet normal 0 0 1
    outer loop
      vertex 41.5225 64.0305 4
      vertex 40.5922 64.7065 4
      vertex 40.9695 63.4775 4
    endloop
  endfacet
  facet normal -0 0 1
    outer loop
      vertex 40.2935 64.4078 4
      vertex 40.9695 63.4775 4
      vertex 40.5922 64.7065 4
    endloop
  endfacet
  facet normal 0 0 1
    outer loop
      vertex 40.2935 64.4078 4
      vertex 40.2725 63.1224 4
      vertex 40.9695 63.4775 4
    endloop
  endfacet
  facet normal -0 0 1
    outer loop
      vertex 39.9172 64.2161 4
      vertex 40.2725 63.1224 4
      vertex 40.2935 64.4078 4
    endloop
  endfacet
  facet normal -0 0 1
    outer loop
      vertex 39.5 64.15 4
      vertex 40.2725 63.1224 4
      vertex 39.9172 64.2161 4
    endloop
  endfacet
  facet normal 0 0 1
    outer loop
      vertex 39.5 64.15 4
      vertex 39.5 63 4
      vertex 40.2725 63.1224 4
    endloop
  endfacet
  facet normal 0 0 1
    outer loop
      vertex 39.0828 64.2161 4
      vertex 39.5 63 4
      vertex 39.5 64.15 4
    endloop
  endfacet
  facet normal 0 0 1
    outer loop
      vertex 39.0828 64.2161 4
      vertex 38.7275 63.1224 4
      vertex 39.5 63 4
    endloop
  endfacet
  facet normal 0 0 1
    outer loop
      vertex 38.7065 64.4078 4
      vertex 38.7275 63.1224 4
      vertex 39.0828 64.2161 4
    endloop
  endfacet
  facet normal 0 0 1
    outer loop
      vertex 38.0305 63.4775 4
      vertex 38.7065 64.4078 4
      vertex 38.4078 64.7065 4
    endloop
  endfacet
  facet normal 0 0 1
    outer loop
      vertex 37.4775 64.0305 4
      vertex 38.4078 64.7065 4
      vertex 38.2161 65.0828 4
    endloop
  endfacet
  facet normal 0 0 1
    outer loop
      vertex 38.7065 64.4078 4
      vertex 38.0305 63.4775 4
      vertex 38.7275 63.1224 4
    endloop
  endfacet
  facet normal 0 0 1
    outer loop
      vertex 37.1224 64.7275 4
      vertex 38.2161 65.0828 4
      vertex 38.15 65.5 4
    endloop
  endfacet
  facet normal -0 0 1
    outer loop
      vertex 37.1224 66.2725 4
      vertex 38.2161 65.9172 4
      vertex 37.4775 66.9695 4
    endloop
  endfacet
  facet normal 0 0 1
    outer loop
      vertex 38.2161 65.9172 4
      vertex 37.1224 66.2725 4
      vertex 38.15 65.5 4
    endloop
  endfacet
  facet normal 0 0 1
    outer loop
      vertex 38.4078 64.7065 4
      vertex 37.4775 64.0305 4
      vertex 38.0305 63.4775 4
    endloop
  endfacet
  facet normal 0 0 1
    outer loop
      vertex 37 65.5 4
      vertex 38.15 65.5 4
      vertex 37.1224 66.2725 4
    endloop
  endfacet
  facet normal 0 0 1
    outer loop
      vertex 38.2161 65.0828 4
      vertex 37.1224 64.7275 4
      vertex 37.4775 64.0305 4
    endloop
  endfacet
  facet normal 0 0 1
    outer loop
      vertex 38.15 65.5 4
      vertex 37 65.5 4
      vertex 37.1224 64.7275 4
    endloop
  endfacet
  facet normal 0.891027 -0.453951 0
    outer loop
      vertex 41.5225 64.0305 4
      vertex 41.8776 64.7275 2
      vertex 41.8776 64.7275 4
    endloop
  endfacet
  facet normal 0.891027 -0.453951 0
    outer loop
      vertex 41.8776 64.7275 2
      vertex 41.5225 64.0305 4
      vertex 41.5225 64.0305 2
    endloop
  endfacet
  facet normal 0.987679 -0.156494 0
    outer loop
      vertex 41.8776 64.7275 4
      vertex 42 65.5 2
      vertex 42 65.5 4
    endloop
  endfacet
  facet normal 0.987679 -0.156494 0
    outer loop
      vertex 42 65.5 2
      vertex 41.8776 64.7275 4
      vertex 41.8776 64.7275 2
    endloop
  endfacet
  facet normal -0.707107 -0.707107 0
    outer loop
      vertex 38.0305 63.4775 2
      vertex 37.4775 64.0305 4
      vertex 37.4775 64.0305 2
    endloop
  endfacet
  facet normal -0.707107 -0.707107 0
    outer loop
      vertex 37.4775 64.0305 4
      vertex 38.0305 63.4775 2
      vertex 38.0305 63.4775 4
    endloop
  endfacet
  facet normal -0.453951 -0.891027 0
    outer loop
      vertex 38.0305 63.4775 2
      vertex 38.7275 63.1224 4
      vertex 38.0305 63.4775 4
    endloop
  endfacet
  facet normal -0.453951 -0.891027 -0
    outer loop
      vertex 38.7275 63.1224 4
      vertex 38.0305 63.4775 2
      vertex 38.7275 63.1224 2
    endloop
  endfacet
  facet normal -0.891039 -0.453926 0
    outer loop
      vertex 40.7839 65.9172 2
      vertex 40.5922 66.2935 4
      vertex 40.5922 66.2935 2
    endloop
  endfacet
  facet normal -0.891039 -0.453926 0
    outer loop
      vertex 40.5922 66.2935 4
      vertex 40.7839 65.9172 2
      vertex 40.7839 65.9172 4
    endloop
  endfacet
  facet normal -0.98768 -0.156485 0
    outer loop
      vertex 40.85 65.5 2
      vertex 40.7839 65.9172 4
      vertex 40.7839 65.9172 2
    endloop
  endfacet
  facet normal -0.98768 -0.156485 0
    outer loop
      vertex 40.7839 65.9172 4
      vertex 40.85 65.5 2
      vertex 40.85 65.5 4
    endloop
  endfacet
  facet normal -0.707107 -0.707107 0
    outer loop
      vertex 40.5922 66.2935 2
      vertex 40.2935 66.5922 4
      vertex 40.2935 66.5922 2
    endloop
  endfacet
  facet normal -0.707107 -0.707107 0
    outer loop
      vertex 40.2935 66.5922 4
      vertex 40.5922 66.2935 2
      vertex 40.5922 66.2935 4
    endloop
  endfacet
  facet normal 0.707107 0.707107 0
    outer loop
      vertex 38.7065 64.4078 4
      vertex 38.4078 64.7065 2
      vertex 38.4078 64.7065 4
    endloop
  endfacet
  facet normal 0.707107 0.707107 0
    outer loop
      vertex 38.4078 64.7065 2
      vertex 38.7065 64.4078 4
      vertex 38.7065 64.4078 2
    endloop
  endfacet
  facet normal -0.707107 0.707107 0
    outer loop
      vertex 40.2935 64.4078 2
      vertex 40.5922 64.7065 4
      vertex 40.5922 64.7065 2
    endloop
  endfacet
  facet normal -0.707107 0.707107 0
    outer loop
      vertex 40.5922 64.7065 4
      vertex 40.2935 64.4078 2
      vertex 40.2935 64.4078 4
    endloop
  endfacet
  facet normal -0.453926 0.891039 0
    outer loop
      vertex 40.2935 64.4078 2
      vertex 39.9172 64.2161 4
      vertex 40.2935 64.4078 4
    endloop
  endfacet
  facet normal -0.453926 0.891039 0
    outer loop
      vertex 39.9172 64.2161 4
      vertex 40.2935 64.4078 2
      vertex 39.9172 64.2161 2
    endloop
  endfacet
  facet normal 0.453926 0.891039 -0
    outer loop
      vertex 39.0828 64.2161 2
      vertex 38.7065 64.4078 4
      vertex 39.0828 64.2161 4
    endloop
  endfacet
  facet normal 0.453926 0.891039 0
    outer loop
      vertex 38.7065 64.4078 4
      vertex 39.0828 64.2161 2
      vertex 38.7065 64.4078 2
    endloop
  endfacet
  facet normal 0.98768 -0.156485 0
    outer loop
      vertex 38.15 65.5 4
      vertex 38.2161 65.9172 2
      vertex 38.2161 65.9172 4
    endloop
  endfacet
  facet normal 0.98768 -0.156485 0
    outer loop
      vertex 38.2161 65.9172 2
      vertex 38.15 65.5 4
      vertex 38.15 65.5 2
    endloop
  endfacet
  facet normal 0.707107 -0.707107 0
    outer loop
      vertex 38.4078 66.2935 4
      vertex 38.7065 66.5922 2
      vertex 38.7065 66.5922 4
    endloop
  endfacet
  facet normal 0.707107 -0.707107 0
    outer loop
      vertex 38.7065 66.5922 2
      vertex 38.4078 66.2935 4
      vertex 38.4078 66.2935 2
    endloop
  endfacet
  facet normal 0.156485 0.98768 -0
    outer loop
      vertex 39.5 64.15 2
      vertex 39.0828 64.2161 4
      vertex 39.5 64.15 4
    endloop
  endfacet
  facet normal 0.156485 0.98768 0
    outer loop
      vertex 39.0828 64.2161 4
      vertex 39.5 64.15 2
      vertex 39.0828 64.2161 2
    endloop
  endfacet
  facet normal 0.891039 -0.453926 0
    outer loop
      vertex 38.2161 65.9172 4
      vertex 38.4078 66.2935 2
      vertex 38.4078 66.2935 4
    endloop
  endfacet
  facet normal 0.891039 -0.453926 0
    outer loop
      vertex 38.4078 66.2935 2
      vertex 38.2161 65.9172 4
      vertex 38.2161 65.9172 2
    endloop
  endfacet
  facet normal 0.891039 0.453926 0
    outer loop
      vertex 38.4078 64.7065 4
      vertex 38.2161 65.0828 2
      vertex 38.2161 65.0828 4
    endloop
  endfacet
  facet normal 0.891039 0.453926 0
    outer loop
      vertex 38.2161 65.0828 2
      vertex 38.4078 64.7065 4
      vertex 38.4078 64.7065 2
    endloop
  endfacet
  facet normal -0.453926 -0.891039 0
    outer loop
      vertex 39.9172 66.7839 2
      vertex 40.2935 66.5922 4
      vertex 39.9172 66.7839 4
    endloop
  endfacet
  facet normal -0.453926 -0.891039 -0
    outer loop
      vertex 40.2935 66.5922 4
      vertex 39.9172 66.7839 2
      vertex 40.2935 66.5922 2
    endloop
  endfacet
  facet normal -0.98768 0.156485 0
    outer loop
      vertex 40.7839 65.0828 2
      vertex 40.85 65.5 4
      vertex 40.85 65.5 2
    endloop
  endfacet
  facet normal -0.98768 0.156485 0
    outer loop
      vertex 40.85 65.5 4
      vertex 40.7839 65.0828 2
      vertex 40.7839 65.0828 4
    endloop
  endfacet
  facet normal 0.156485 -0.98768 0
    outer loop
      vertex 39.0828 66.7839 2
      vertex 39.5 66.85 4
      vertex 39.0828 66.7839 4
    endloop
  endfacet
  facet normal 0.156485 -0.98768 0
    outer loop
      vertex 39.5 66.85 4
      vertex 39.0828 66.7839 2
      vertex 39.5 66.85 2
    endloop
  endfacet
  facet normal -0.891039 0.453926 0
    outer loop
      vertex 40.5922 64.7065 2
      vertex 40.7839 65.0828 4
      vertex 40.7839 65.0828 2
    endloop
  endfacet
  facet normal -0.891039 0.453926 0
    outer loop
      vertex 40.7839 65.0828 4
      vertex 40.5922 64.7065 2
      vertex 40.5922 64.7065 4
    endloop
  endfacet
  facet normal 0.453926 -0.891039 0
    outer loop
      vertex 38.7065 66.5922 2
      vertex 39.0828 66.7839 4
      vertex 38.7065 66.5922 4
    endloop
  endfacet
  facet normal 0.453926 -0.891039 0
    outer loop
      vertex 39.0828 66.7839 4
      vertex 38.7065 66.5922 2
      vertex 39.0828 66.7839 2
    endloop
  endfacet
  facet normal -0.156485 -0.98768 0
    outer loop
      vertex 39.5 66.85 2
      vertex 39.9172 66.7839 4
      vertex 39.5 66.85 4
    endloop
  endfacet
  facet normal -0.156485 -0.98768 -0
    outer loop
      vertex 39.9172 66.7839 4
      vertex 39.5 66.85 2
      vertex 39.9172 66.7839 2
    endloop
  endfacet
  facet normal -0.156485 0.98768 0
    outer loop
      vertex 39.9172 64.2161 2
      vertex 39.5 64.15 4
      vertex 39.9172 64.2161 4
    endloop
  endfacet
  facet normal -0.156485 0.98768 0
    outer loop
      vertex 39.5 64.15 4
      vertex 39.9172 64.2161 2
      vertex 39.5 64.15 2
    endloop
  endfacet
  facet normal 0.98768 0.156485 0
    outer loop
      vertex 38.2161 65.0828 4
      vertex 38.15 65.5 2
      vertex 38.15 65.5 4
    endloop
  endfacet
  facet normal 0.98768 0.156485 0
    outer loop
      vertex 38.15 65.5 2
      vertex 38.2161 65.0828 4
      vertex 38.2161 65.0828 2
    endloop
  endfacet
  facet normal 0.923741 0.383017 0
    outer loop
      vertex 102.864 20.0353 6
      vertex 102.464 21 2
      vertex 102.464 21 6
    endloop
  endfacet
  facet normal 0.923741 0.383017 0
    outer loop
      vertex 102.464 21 2
      vertex 102.864 20.0353 6
      vertex 102.864 20.0353 2
    endloop
  endfacet
  facet normal 0.991482 0.130244 0
    outer loop
      vertex 103 19 6
      vertex 102.864 20.0353 2
      vertex 102.864 20.0353 6
    endloop
  endfacet
  facet normal 0.991482 0.130244 0
    outer loop
      vertex 102.864 20.0353 2
      vertex 103 19 6
      vertex 103 19 2
    endloop
  endfacet
  facet normal -0.608789 0.793332 0
    outer loop
      vertex 97 22.4641 2
      vertex 96.1716 21.8284 6
      vertex 97 22.4641 6
    endloop
  endfacet
  facet normal -0.608789 0.793332 0
    outer loop
      vertex 96.1716 21.8284 6
      vertex 97 22.4641 2
      vertex 96.1716 21.8284 2
    endloop
  endfacet
  facet normal -0.38269 0.923877 0
    outer loop
      vertex 97.9647 22.8637 2
      vertex 97 22.4641 6
      vertex 97.9647 22.8637 6
    endloop
  endfacet
  facet normal -0.38269 0.923877 0
    outer loop
      vertex 97 22.4641 6
      vertex 97.9647 22.8637 2
      vertex 97 22.4641 2
    endloop
  endfacet
  facet normal 0.608974 -0.79319 0
    outer loop
      vertex 101 15.5359 2
      vertex 101.828 16.1716 6
      vertex 101 15.5359 6
    endloop
  endfacet
  facet normal 0.608974 -0.79319 0
    outer loop
      vertex 101.828 16.1716 6
      vertex 101 15.5359 2
      vertex 101.828 16.1716 2
    endloop
  endfacet
  facet normal 0.608974 0.79319 -0
    outer loop
      vertex 101.828 21.8284 2
      vertex 101 22.4641 6
      vertex 101.828 21.8284 6
    endloop
  endfacet
  facet normal 0.608974 0.79319 0
    outer loop
      vertex 101 22.4641 6
      vertex 101.828 21.8284 2
      vertex 101 22.4641 2
    endloop
  endfacet
  facet normal -0.130526 -0.991445 0
    outer loop
      vertex 97.9647 15.1363 2
      vertex 99 15 6
      vertex 97.9647 15.1363 6
    endloop
  endfacet
  facet normal -0.130526 -0.991445 -0
    outer loop
      vertex 99 15 6
      vertex 97.9647 15.1363 2
      vertex 99 15 2
    endloop
  endfacet
  facet normal 0.130564 0.99144 -0
    outer loop
      vertex 100.035 22.8637 2
      vertex 99 23 6
      vertex 100.035 22.8637 6
    endloop
  endfacet
  facet normal 0.130564 0.99144 0
    outer loop
      vertex 99 23 6
      vertex 100.035 22.8637 2
      vertex 99 23 2
    endloop
  endfacet
  facet normal 0.382589 0.923919 -0
    outer loop
      vertex 101 22.4641 2
      vertex 100.035 22.8637 6
      vertex 101 22.4641 6
    endloop
  endfacet
  facet normal 0.382589 0.923919 0
    outer loop
      vertex 100.035 22.8637 6
      vertex 101 22.4641 2
      vertex 100.035 22.8637 2
    endloop
  endfacet
  facet normal -0.608789 -0.793332 0
    outer loop
      vertex 96.1716 16.1716 2
      vertex 97 15.5359 6
      vertex 96.1716 16.1716 6
    endloop
  endfacet
  facet normal -0.608789 -0.793332 -0
    outer loop
      vertex 97 15.5359 6
      vertex 96.1716 16.1716 2
      vertex 97 15.5359 2
    endloop
  endfacet
  facet normal 0.793193 0.60897 0
    outer loop
      vertex 102.464 21 6
      vertex 101.828 21.8284 2
      vertex 101.828 21.8284 6
    endloop
  endfacet
  facet normal 0.793193 0.60897 0
    outer loop
      vertex 101.828 21.8284 2
      vertex 102.464 21 6
      vertex 102.464 21 2
    endloop
  endfacet
  facet normal 0.793193 -0.60897 0
    outer loop
      vertex 101.828 16.1716 6
      vertex 102.464 17 2
      vertex 102.464 17 6
    endloop
  endfacet
  facet normal 0.793193 -0.60897 0
    outer loop
      vertex 102.464 17 2
      vertex 101.828 16.1716 6
      vertex 101.828 16.1716 2
    endloop
  endfacet
  facet normal 0.382589 -0.923919 0
    outer loop
      vertex 100.035 15.1363 2
      vertex 101 15.5359 6
      vertex 100.035 15.1363 6
    endloop
  endfacet
  facet normal 0.382589 -0.923919 0
    outer loop
      vertex 101 15.5359 6
      vertex 100.035 15.1363 2
      vertex 101 15.5359 2
    endloop
  endfacet
  facet normal -0.793332 0.608789 0
    outer loop
      vertex 95.5359 21 2
      vertex 96.1716 21.8284 6
      vertex 96.1716 21.8284 2
    endloop
  endfacet
  facet normal -0.793332 0.608789 0
    outer loop
      vertex 96.1716 21.8284 6
      vertex 95.5359 21 2
      vertex 95.5359 21 6
    endloop
  endfacet
  facet normal -0.793332 -0.608789 0
    outer loop
      vertex 96.1716 16.1716 2
      vertex 95.5359 17 6
      vertex 95.5359 17 2
    endloop
  endfacet
  facet normal -0.793332 -0.608789 0
    outer loop
      vertex 95.5359 17 6
      vertex 96.1716 16.1716 2
      vertex 96.1716 16.1716 6
    endloop
  endfacet
  facet normal 0.991482 -0.130244 0
    outer loop
      vertex 102.864 17.9647 6
      vertex 103 19 2
      vertex 103 19 6
    endloop
  endfacet
  facet normal 0.991482 -0.130244 0
    outer loop
      vertex 103 19 2
      vertex 102.864 17.9647 6
      vertex 102.864 17.9647 2
    endloop
  endfacet
  facet normal -0.130526 0.991445 0
    outer loop
      vertex 99 23 2
      vertex 97.9647 22.8637 6
      vertex 99 23 6
    endloop
  endfacet
  facet normal -0.130526 0.991445 0
    outer loop
      vertex 97.9647 22.8637 6
      vertex 99 23 2
      vertex 97.9647 22.8637 2
    endloop
  endfacet
  facet normal -0.923877 -0.38269 0
    outer loop
      vertex 95.5359 17 2
      vertex 95.1363 17.9647 6
      vertex 95.1363 17.9647 2
    endloop
  endfacet
  facet normal -0.923877 -0.38269 0
    outer loop
      vertex 95.1363 17.9647 6
      vertex 95.5359 17 2
      vertex 95.5359 17 6
    endloop
  endfacet
  facet normal -0.991445 -0.130526 0
    outer loop
      vertex 95.1363 17.9647 2
      vertex 95 19 6
      vertex 95 19 2
    endloop
  endfacet
  facet normal -0.991445 -0.130526 0
    outer loop
      vertex 95 19 6
      vertex 95.1363 17.9647 2
      vertex 95.1363 17.9647 6
    endloop
  endfacet
  facet normal 0.923741 -0.383017 0
    outer loop
      vertex 102.464 17 6
      vertex 102.864 17.9647 2
      vertex 102.864 17.9647 6
    endloop
  endfacet
  facet normal 0.923741 -0.383017 0
    outer loop
      vertex 102.864 17.9647 2
      vertex 102.464 17 6
      vertex 102.464 17 2
    endloop
  endfacet
  facet normal -0.38269 -0.923877 0
    outer loop
      vertex 97 15.5359 2
      vertex 97.9647 15.1363 6
      vertex 97 15.5359 6
    endloop
  endfacet
  facet normal -0.38269 -0.923877 -0
    outer loop
      vertex 97.9647 15.1363 6
      vertex 97 15.5359 2
      vertex 97.9647 15.1363 2
    endloop
  endfacet
  facet normal 0 0 1
    outer loop
      vertex 102.864 20.0353 6
      vertex 100.932 19.5176 6
      vertex 101 19 6
    endloop
  endfacet
  facet normal 0 0 1
    outer loop
      vertex 101.828 21.8284 6
      vertex 100.732 20 6
      vertex 100.932 19.5176 6
    endloop
  endfacet
  facet normal 0 0 1
    outer loop
      vertex 101.828 21.8284 6
      vertex 100.414 20.4142 6
      vertex 100.732 20 6
    endloop
  endfacet
  facet normal 0 0 1
    outer loop
      vertex 100 20.732 6
      vertex 101 22.4641 6
      vertex 100.035 22.8637 6
    endloop
  endfacet
  facet normal 0 0 1
    outer loop
      vertex 101 22.4641 6
      vertex 100 20.732 6
      vertex 100.414 20.4142 6
    endloop
  endfacet
  facet normal 0 0 1
    outer loop
      vertex 100.035 22.8637 6
      vertex 99.5176 20.9319 6
      vertex 100 20.732 6
    endloop
  endfacet
  facet normal 0 0 1
    outer loop
      vertex 99 23 6
      vertex 99.5176 20.9319 6
      vertex 100.035 22.8637 6
    endloop
  endfacet
  facet normal 0 0 1
    outer loop
      vertex 99 23 6
      vertex 99 21 6
      vertex 99.5176 20.9319 6
    endloop
  endfacet
  facet normal 0 0 1
    outer loop
      vertex 99 23 6
      vertex 98.4824 20.9319 6
      vertex 99 21 6
    endloop
  endfacet
  facet normal -0 0 1
    outer loop
      vertex 97.9647 22.8637 6
      vertex 98.4824 20.9319 6
      vertex 99 23 6
    endloop
  endfacet
  facet normal 0 0 1
    outer loop
      vertex 98.4824 20.9319 6
      vertex 97.9647 22.8637 6
      vertex 98 20.732 6
    endloop
  endfacet
  facet normal -0 0 1
    outer loop
      vertex 97 22.4641 6
      vertex 98 20.732 6
      vertex 97.9647 22.8637 6
    endloop
  endfacet
  facet normal 0 0 1
    outer loop
      vertex 98 20.732 6
      vertex 97 22.4641 6
      vertex 97.5858 20.4142 6
    endloop
  endfacet
  facet normal -0 0 1
    outer loop
      vertex 96.1716 21.8284 6
      vertex 97.5858 20.4142 6
      vertex 97 22.4641 6
    endloop
  endfacet
  facet normal 0 0 1
    outer loop
      vertex 97.5858 20.4142 6
      vertex 96.1716 21.8284 6
      vertex 97.268 20 6
    endloop
  endfacet
  facet normal -0 0 1
    outer loop
      vertex 95.5359 21 6
      vertex 97.268 20 6
      vertex 96.1716 21.8284 6
    endloop
  endfacet
  facet normal 0 0 1
    outer loop
      vertex 97.268 20 6
      vertex 95.5359 21 6
      vertex 97.0681 19.5176 6
    endloop
  endfacet
  facet normal -0 0 1
    outer loop
      vertex 95.1363 20.0353 6
      vertex 97.0681 19.5176 6
      vertex 95.5359 21 6
    endloop
  endfacet
  facet normal 0 0 1
    outer loop
      vertex 97 19 6
      vertex 96.1716 16.1716 6
      vertex 97 15.5359 6
    endloop
  endfacet
  facet normal 0 0 1
    outer loop
      vertex 97.0681 19.5176 6
      vertex 95.1363 20.0353 6
      vertex 97 19 6
    endloop
  endfacet
  facet normal 0 0 1
    outer loop
      vertex 97 19 6
      vertex 95.5359 17 6
      vertex 96.1716 16.1716 6
    endloop
  endfacet
  facet normal 0 0 1
    outer loop
      vertex 95 19 6
      vertex 97 19 6
      vertex 95.1363 20.0353 6
    endloop
  endfacet
  facet normal 0 0 1
    outer loop
      vertex 97 19 6
      vertex 95.1363 17.9647 6
      vertex 95.5359 17 6
    endloop
  endfacet
  facet normal 0 0 1
    outer loop
      vertex 97 19 6
      vertex 95 19 6
      vertex 95.1363 17.9647 6
    endloop
  endfacet
  facet normal 0 0 1
    outer loop
      vertex 101 19 6
      vertex 103 19 6
      vertex 102.864 20.0353 6
    endloop
  endfacet
  facet normal 0 0 1
    outer loop
      vertex 100.932 19.5176 6
      vertex 102.864 20.0353 6
      vertex 102.464 21 6
    endloop
  endfacet
  facet normal 0 0 1
    outer loop
      vertex 103 19 6
      vertex 101 19 6
      vertex 102.864 17.9647 6
    endloop
  endfacet
  facet normal 0 0 1
    outer loop
      vertex 100.932 19.5176 6
      vertex 102.464 21 6
      vertex 101.828 21.8284 6
    endloop
  endfacet
  facet normal -0 0 1
    outer loop
      vertex 100.932 18.4824 6
      vertex 102.864 17.9647 6
      vertex 101 19 6
    endloop
  endfacet
  facet normal 0 0 1
    outer loop
      vertex 100.414 20.4142 6
      vertex 101.828 21.8284 6
      vertex 101 22.4641 6
    endloop
  endfacet
  facet normal 0 0 1
    outer loop
      vertex 102.864 17.9647 6
      vertex 100.932 18.4824 6
      vertex 102.464 17 6
    endloop
  endfacet
  facet normal -0 0 1
    outer loop
      vertex 100.732 18 6
      vertex 102.464 17 6
      vertex 100.932 18.4824 6
    endloop
  endfacet
  facet normal 0 0 1
    outer loop
      vertex 102.464 17 6
      vertex 100.732 18 6
      vertex 101.828 16.1716 6
    endloop
  endfacet
  facet normal -0 0 1
    outer loop
      vertex 100.414 17.5858 6
      vertex 101.828 16.1716 6
      vertex 100.732 18 6
    endloop
  endfacet
  facet normal 0 0 1
    outer loop
      vertex 101.828 16.1716 6
      vertex 100.414 17.5858 6
      vertex 101 15.5359 6
    endloop
  endfacet
  facet normal -0 0 1
    outer loop
      vertex 100 17.268 6
      vertex 101 15.5359 6
      vertex 100.414 17.5858 6
    endloop
  endfacet
  facet normal 0 0 1
    outer loop
      vertex 101 15.5359 6
      vertex 100 17.268 6
      vertex 100.035 15.1363 6
    endloop
  endfacet
  facet normal -0 0 1
    outer loop
      vertex 99.5176 17.0681 6
      vertex 100.035 15.1363 6
      vertex 100 17.268 6
    endloop
  endfacet
  facet normal -0 0 1
    outer loop
      vertex 99 17 6
      vertex 100.035 15.1363 6
      vertex 99.5176 17.0681 6
    endloop
  endfacet
  facet normal 0 0 1
    outer loop
      vertex 99 17 6
      vertex 99 15 6
      vertex 100.035 15.1363 6
    endloop
  endfacet
  facet normal 0 0 1
    outer loop
      vertex 98.4824 17.0681 6
      vertex 99 15 6
      vertex 99 17 6
    endloop
  endfacet
  facet normal 0 0 1
    outer loop
      vertex 97.9647 15.1363 6
      vertex 98.4824 17.0681 6
      vertex 98 17.268 6
    endloop
  endfacet
  facet normal 0 0 1
    outer loop
      vertex 98.4824 17.0681 6
      vertex 97.9647 15.1363 6
      vertex 99 15 6
    endloop
  endfacet
  facet normal 0 0 1
    outer loop
      vertex 97 15.5359 6
      vertex 98 17.268 6
      vertex 97.5858 17.5858 6
    endloop
  endfacet
  facet normal 0 0 1
    outer loop
      vertex 97 15.5359 6
      vertex 97.5858 17.5858 6
      vertex 97.268 18 6
    endloop
  endfacet
  facet normal 0 0 1
    outer loop
      vertex 97 15.5359 6
      vertex 97.268 18 6
      vertex 97.0681 18.4824 6
    endloop
  endfacet
  facet normal 0 0 1
    outer loop
      vertex 98 17.268 6
      vertex 97 15.5359 6
      vertex 97.9647 15.1363 6
    endloop
  endfacet
  facet normal 0 0 1
    outer loop
      vertex 97 15.5359 6
      vertex 97.0681 18.4824 6
      vertex 97 19 6
    endloop
  endfacet
  facet normal 0.130564 -0.99144 0
    outer loop
      vertex 99 15 2
      vertex 100.035 15.1363 6
      vertex 99 15 6
    endloop
  endfacet
  facet normal 0.130564 -0.99144 0
    outer loop
      vertex 100.035 15.1363 6
      vertex 99 15 2
      vertex 100.035 15.1363 2
    endloop
  endfacet
  facet normal -0.923877 0.38269 0
    outer loop
      vertex 95.1363 20.0353 2
      vertex 95.5359 21 6
      vertex 95.5359 21 2
    endloop
  endfacet
  facet normal -0.923877 0.38269 0
    outer loop
      vertex 95.5359 21 6
      vertex 95.1363 20.0353 2
      vertex 95.1363 20.0353 6
    endloop
  endfacet
  facet normal -0.991445 0.130526 0
    outer loop
      vertex 95 19 2
      vertex 95.1363 20.0353 6
      vertex 95.1363 20.0353 2
    endloop
  endfacet
  facet normal -0.991445 0.130526 0
    outer loop
      vertex 95.1363 20.0353 6
      vertex 95 19 2
      vertex 95 19 6
    endloop
  endfacet
  facet normal 0.991456 -0.130445 0
    outer loop
      vertex 97 19 6
      vertex 97.0681 19.5176 2.8
      vertex 97.0681 19.5176 6
    endloop
  endfacet
  facet normal 0.991456 -0.130445 0
    outer loop
      vertex 97.0681 19.5176 2.8
      vertex 97 19 6
      vertex 97 19 2.8
    endloop
  endfacet
  facet normal -0.923755 -0.382983 0
    outer loop
      vertex 100.932 19.5176 2.8
      vertex 100.732 20 6
      vertex 100.732 20 2.8
    endloop
  endfacet
  facet normal -0.923755 -0.382983 0
    outer loop
      vertex 100.732 20 6
      vertex 100.932 19.5176 2.8
      vertex 100.932 19.5176 6
    endloop
  endfacet
  facet normal -0.99148 -0.130256 0
    outer loop
      vertex 101 19 2.8
      vertex 100.932 19.5176 6
      vertex 100.932 19.5176 2.8
    endloop
  endfacet
  facet normal -0.99148 -0.130256 0
    outer loop
      vertex 100.932 19.5176 6
      vertex 101 19 2.8
      vertex 101 19 6
    endloop
  endfacet
  facet normal -0.793193 -0.60897 0
    outer loop
      vertex 100.732 20 2.8
      vertex 100.414 20.4142 6
      vertex 100.414 20.4142 2.8
    endloop
  endfacet
  facet normal -0.793193 -0.60897 0
    outer loop
      vertex 100.414 20.4142 6
      vertex 100.732 20 2.8
      vertex 100.732 20 6
    endloop
  endfacet
  facet normal -0.99148 0.130256 0
    outer loop
      vertex 100.932 18.4824 2.8
      vertex 101 19 6
      vertex 101 19 2.8
    endloop
  endfacet
  facet normal -0.99148 0.130256 0
    outer loop
      vertex 101 19 6
      vertex 100.932 18.4824 2.8
      vertex 100.932 18.4824 6
    endloop
  endfacet
  facet normal 0 0 1
    outer loop
      vertex 100.932 19.5176 2.8
      vertex 100.932 18.4824 2.8
      vertex 101 19 2.8
    endloop
  endfacet
  facet normal 0 0 1
    outer loop
      vertex 100.732 20 2.8
      vertex 100.932 18.4824 2.8
      vertex 100.932 19.5176 2.8
    endloop
  endfacet
  facet normal 0 0 1
    outer loop
      vertex 100.732 20 2.8
      vertex 100.732 18 2.8
      vertex 100.932 18.4824 2.8
    endloop
  endfacet
  facet normal 0 0 1
    outer loop
      vertex 100.414 20.4142 2.8
      vertex 100.732 18 2.8
      vertex 100.732 20 2.8
    endloop
  endfacet
  facet normal 0 0 1
    outer loop
      vertex 100.414 20.4142 2.8
      vertex 100.414 17.5858 2.8
      vertex 100.732 18 2.8
    endloop
  endfacet
  facet normal 0 0 1
    outer loop
      vertex 100 20.732 2.8
      vertex 100.414 17.5858 2.8
      vertex 100.414 20.4142 2.8
    endloop
  endfacet
  facet normal 0 0 1
    outer loop
      vertex 100 20.732 2.8
      vertex 100 17.268 2.8
      vertex 100.414 17.5858 2.8
    endloop
  endfacet
  facet normal 0 0 1
    outer loop
      vertex 99.5176 20.9319 2.8
      vertex 100 17.268 2.8
      vertex 100 20.732 2.8
    endloop
  endfacet
  facet normal 0 0 1
    outer loop
      vertex 99.5176 20.9319 2.8
      vertex 99.5176 17.0681 2.8
      vertex 100 17.268 2.8
    endloop
  endfacet
  facet normal 0 0 1
    outer loop
      vertex 99 21 2.8
      vertex 99.5176 17.0681 2.8
      vertex 99.5176 20.9319 2.8
    endloop
  endfacet
  facet normal 0 0 1
    outer loop
      vertex 99 21 2.8
      vertex 99 17 2.8
      vertex 99.5176 17.0681 2.8
    endloop
  endfacet
  facet normal -0 0 1
    outer loop
      vertex 98.4824 20.9319 2.8
      vertex 99 17 2.8
      vertex 99 21 2.8
    endloop
  endfacet
  facet normal 0 0 1
    outer loop
      vertex 98.4824 20.9319 2.8
      vertex 98.4824 17.0681 2.8
      vertex 99 17 2.8
    endloop
  endfacet
  facet normal -0 0 1
    outer loop
      vertex 98 20.732 2.8
      vertex 98.4824 17.0681 2.8
      vertex 98.4824 20.9319 2.8
    endloop
  endfacet
  facet normal 0 0 1
    outer loop
      vertex 98 20.732 2.8
      vertex 98 17.268 2.8
      vertex 98.4824 17.0681 2.8
    endloop
  endfacet
  facet normal -0 0 1
    outer loop
      vertex 97.5858 20.4142 2.8
      vertex 98 17.268 2.8
      vertex 98 20.732 2.8
    endloop
  endfacet
  facet normal 0 0 1
    outer loop
      vertex 97.5858 20.4142 2.8
      vertex 97.5858 17.5858 2.8
      vertex 98 17.268 2.8
    endloop
  endfacet
  facet normal -0 0 1
    outer loop
      vertex 97.268 20 2.8
      vertex 97.5858 17.5858 2.8
      vertex 97.5858 20.4142 2.8
    endloop
  endfacet
  facet normal 0 0 1
    outer loop
      vertex 97.268 20 2.8
      vertex 97.268 18 2.8
      vertex 97.5858 17.5858 2.8
    endloop
  endfacet
  facet normal -0 0 1
    outer loop
      vertex 97.0681 19.5176 2.8
      vertex 97.268 18 2.8
      vertex 97.268 20 2.8
    endloop
  endfacet
  facet normal 0 0 1
    outer loop
      vertex 97.0681 19.5176 2.8
      vertex 97.0681 18.4824 2.8
      vertex 97.268 18 2.8
    endloop
  endfacet
  facet normal 0 -0 1
    outer loop
      vertex 97.0681 18.4824 2.8
      vertex 97.0681 19.5176 2.8
      vertex 97 19 2.8
    endloop
  endfacet
  facet normal -0.130445 0.991456 0
    outer loop
      vertex 99.5176 17.0681 2.8
      vertex 99 17 6
      vertex 99.5176 17.0681 6
    endloop
  endfacet
  facet normal -0.130445 0.991456 0
    outer loop
      vertex 99 17 6
      vertex 99.5176 17.0681 2.8
      vertex 99 17 2.8
    endloop
  endfacet
  facet normal 0.923823 -0.38282 0
    outer loop
      vertex 97.0681 19.5176 6
      vertex 97.268 20 2.8
      vertex 97.268 20 6
    endloop
  endfacet
  facet normal 0.923823 -0.38282 0
    outer loop
      vertex 97.268 20 2.8
      vertex 97.0681 19.5176 6
      vertex 97.0681 19.5176 2.8
    endloop
  endfacet
  facet normal -0.608914 0.793236 0
    outer loop
      vertex 100.414 17.5858 2.8
      vertex 100 17.268 6
      vertex 100.414 17.5858 6
    endloop
  endfacet
  facet normal -0.608914 0.793236 0
    outer loop
      vertex 100 17.268 6
      vertex 100.414 17.5858 2.8
      vertex 100 17.268 2.8
    endloop
  endfacet
  facet normal -0.38282 -0.923823 0
    outer loop
      vertex 99.5176 20.9319 2.8
      vertex 100 20.732 6
      vertex 99.5176 20.9319 6
    endloop
  endfacet
  facet normal -0.38282 -0.923823 -0
    outer loop
      vertex 100 20.732 6
      vertex 99.5176 20.9319 2.8
      vertex 100 20.732 2.8
    endloop
  endfacet
  facet normal 0.793378 -0.608729 0
    outer loop
      vertex 97.268 20 6
      vertex 97.5858 20.4142 2.8
      vertex 97.5858 20.4142 6
    endloop
  endfacet
  facet normal 0.793378 -0.608729 0
    outer loop
      vertex 97.5858 20.4142 2.8
      vertex 97.268 20 6
      vertex 97.268 20 2.8
    endloop
  endfacet
  facet normal 0.923823 0.38282 0
    outer loop
      vertex 97.268 18 6
      vertex 97.0681 18.4824 2.8
      vertex 97.0681 18.4824 6
    endloop
  endfacet
  facet normal 0.923823 0.38282 0
    outer loop
      vertex 97.0681 18.4824 2.8
      vertex 97.268 18 6
      vertex 97.268 18 2.8
    endloop
  endfacet
  facet normal -0.130445 -0.991456 0
    outer loop
      vertex 99 21 2.8
      vertex 99.5176 20.9319 6
      vertex 99 21 6
    endloop
  endfacet
  facet normal -0.130445 -0.991456 -0
    outer loop
      vertex 99.5176 20.9319 6
      vertex 99 21 2.8
      vertex 99.5176 20.9319 2.8
    endloop
  endfacet
  facet normal 0.38282 -0.923823 0
    outer loop
      vertex 98 20.732 2.8
      vertex 98.4824 20.9319 6
      vertex 98 20.732 6
    endloop
  endfacet
  facet normal 0.38282 -0.923823 0
    outer loop
      vertex 98.4824 20.9319 6
      vertex 98 20.732 2.8
      vertex 98.4824 20.9319 2.8
    endloop
  endfacet
  facet normal 0.130445 -0.991456 0
    outer loop
      vertex 98.4824 20.9319 2.8
      vertex 99 21 6
      vertex 98.4824 20.9319 6
    endloop
  endfacet
  facet normal 0.130445 -0.991456 0
    outer loop
      vertex 99 21 6
      vertex 98.4824 20.9319 2.8
      vertex 99 21 2.8
    endloop
  endfacet
  facet normal 0.608729 0.793378 -0
    outer loop
      vertex 98 17.268 2.8
      vertex 97.5858 17.5858 6
      vertex 98 17.268 6
    endloop
  endfacet
  facet normal 0.608729 0.793378 0
    outer loop
      vertex 97.5858 17.5858 6
      vertex 98 17.268 2.8
      vertex 97.5858 17.5858 2.8
    endloop
  endfacet
  facet normal 0.608729 -0.793378 0
    outer loop
      vertex 97.5858 20.4142 2.8
      vertex 98 20.732 6
      vertex 97.5858 20.4142 6
    endloop
  endfacet
  facet normal 0.608729 -0.793378 0
    outer loop
      vertex 98 20.732 6
      vertex 97.5858 20.4142 2.8
      vertex 98 20.732 2.8
    endloop
  endfacet
  facet normal -0.923755 0.382983 0
    outer loop
      vertex 100.732 18 2.8
      vertex 100.932 18.4824 6
      vertex 100.932 18.4824 2.8
    endloop
  endfacet
  facet normal -0.923755 0.382983 0
    outer loop
      vertex 100.932 18.4824 6
      vertex 100.732 18 2.8
      vertex 100.732 18 6
    endloop
  endfacet
  facet normal -0.793193 0.60897 0
    outer loop
      vertex 100.414 17.5858 2.8
      vertex 100.732 18 6
      vertex 100.732 18 2.8
    endloop
  endfacet
  facet normal -0.793193 0.60897 0
    outer loop
      vertex 100.732 18 6
      vertex 100.414 17.5858 2.8
      vertex 100.414 17.5858 6
    endloop
  endfacet
  facet normal -0.608914 -0.793236 0
    outer loop
      vertex 100 20.732 2.8
      vertex 100.414 20.4142 6
      vertex 100 20.732 6
    endloop
  endfacet
  facet normal -0.608914 -0.793236 -0
    outer loop
      vertex 100.414 20.4142 6
      vertex 100 20.732 2.8
      vertex 100.414 20.4142 2.8
    endloop
  endfacet
  facet normal 0.991456 0.130445 0
    outer loop
      vertex 97.0681 18.4824 6
      vertex 97 19 2.8
      vertex 97 19 6
    endloop
  endfacet
  facet normal 0.991456 0.130445 0
    outer loop
      vertex 97 19 2.8
      vertex 97.0681 18.4824 6
      vertex 97.0681 18.4824 2.8
    endloop
  endfacet
  facet normal -0.38282 0.923823 0
    outer loop
      vertex 100 17.268 2.8
      vertex 99.5176 17.0681 6
      vertex 100 17.268 6
    endloop
  endfacet
  facet normal -0.38282 0.923823 0
    outer loop
      vertex 99.5176 17.0681 6
      vertex 100 17.268 2.8
      vertex 99.5176 17.0681 2.8
    endloop
  endfacet
  facet normal 0.793378 0.608729 0
    outer loop
      vertex 97.5858 17.5858 6
      vertex 97.268 18 2.8
      vertex 97.268 18 6
    endloop
  endfacet
  facet normal 0.793378 0.608729 0
    outer loop
      vertex 97.268 18 2.8
      vertex 97.5858 17.5858 6
      vertex 97.5858 17.5858 2.8
    endloop
  endfacet
  facet normal 0.38282 0.923823 -0
    outer loop
      vertex 98.4824 17.0681 2.8
      vertex 98 17.268 6
      vertex 98.4824 17.0681 6
    endloop
  endfacet
  facet normal 0.38282 0.923823 0
    outer loop
      vertex 98 17.268 6
      vertex 98.4824 17.0681 2.8
      vertex 98 17.268 2.8
    endloop
  endfacet
  facet normal 0.130445 0.991456 -0
    outer loop
      vertex 99 17 2.8
      vertex 98.4824 17.0681 6
      vertex 99 17 6
    endloop
  endfacet
  facet normal 0.130445 0.991456 0
    outer loop
      vertex 98.4824 17.0681 6
      vertex 99 17 2.8
      vertex 98.4824 17.0681 2.8
    endloop
  endfacet
  facet normal 0.923741 0.383017 0
    outer loop
      vertex 102.864 55.0353 6
      vertex 102.464 56 2
      vertex 102.464 56 6
    endloop
  endfacet
  facet normal 0.923741 0.383017 0
    outer loop
      vertex 102.464 56 2
      vertex 102.864 55.0353 6
      vertex 102.864 55.0353 2
    endloop
  endfacet
  facet normal 0.991482 0.130244 0
    outer loop
      vertex 103 54 6
      vertex 102.864 55.0353 2
      vertex 102.864 55.0353 6
    endloop
  endfacet
  facet normal 0.991482 0.130244 0
    outer loop
      vertex 102.864 55.0353 2
      vertex 103 54 6
      vertex 103 54 2
    endloop
  endfacet
  facet normal -0.608789 0.793332 0
    outer loop
      vertex 97 57.4641 2
      vertex 96.1716 56.8284 6
      vertex 97 57.4641 6
    endloop
  endfacet
  facet normal -0.608789 0.793332 0
    outer loop
      vertex 96.1716 56.8284 6
      vertex 97 57.4641 2
      vertex 96.1716 56.8284 2
    endloop
  endfacet
  facet normal -0.38269 0.923877 0
    outer loop
      vertex 97.9647 57.8637 2
      vertex 97 57.4641 6
      vertex 97.9647 57.8637 6
    endloop
  endfacet
  facet normal -0.38269 0.923877 0
    outer loop
      vertex 97 57.4641 6
      vertex 97.9647 57.8637 2
      vertex 97 57.4641 2
    endloop
  endfacet
  facet normal 0.608974 -0.79319 0
    outer loop
      vertex 101 50.5359 2
      vertex 101.828 51.1716 6
      vertex 101 50.5359 6
    endloop
  endfacet
  facet normal 0.608974 -0.79319 0
    outer loop
      vertex 101.828 51.1716 6
      vertex 101 50.5359 2
      vertex 101.828 51.1716 2
    endloop
  endfacet
  facet normal 0.608974 0.79319 -0
    outer loop
      vertex 101.828 56.8284 2
      vertex 101 57.4641 6
      vertex 101.828 56.8284 6
    endloop
  endfacet
  facet normal 0.608974 0.79319 0
    outer loop
      vertex 101 57.4641 6
      vertex 101.828 56.8284 2
      vertex 101 57.4641 2
    endloop
  endfacet
  facet normal -0.130526 -0.991445 0
    outer loop
      vertex 97.9647 50.1363 2
      vertex 99 50 6
      vertex 97.9647 50.1363 6
    endloop
  endfacet
  facet normal -0.130526 -0.991445 -0
    outer loop
      vertex 99 50 6
      vertex 97.9647 50.1363 2
      vertex 99 50 2
    endloop
  endfacet
  facet normal 0.130564 0.99144 -0
    outer loop
      vertex 100.035 57.8637 2
      vertex 99 58 6
      vertex 100.035 57.8637 6
    endloop
  endfacet
  facet normal 0.130564 0.99144 0
    outer loop
      vertex 99 58 6
      vertex 100.035 57.8637 2
      vertex 99 58 2
    endloop
  endfacet
  facet normal 0.382589 0.923919 -0
    outer loop
      vertex 101 57.4641 2
      vertex 100.035 57.8637 6
      vertex 101 57.4641 6
    endloop
  endfacet
  facet normal 0.382589 0.923919 0
    outer loop
      vertex 100.035 57.8637 6
      vertex 101 57.4641 2
      vertex 100.035 57.8637 2
    endloop
  endfacet
  facet normal -0.608789 -0.793332 0
    outer loop
      vertex 96.1716 51.1716 2
      vertex 97 50.5359 6
      vertex 96.1716 51.1716 6
    endloop
  endfacet
  facet normal -0.608789 -0.793332 -0
    outer loop
      vertex 97 50.5359 6
      vertex 96.1716 51.1716 2
      vertex 97 50.5359 2
    endloop
  endfacet
  facet normal 0.793193 0.60897 0
    outer loop
      vertex 102.464 56 6
      vertex 101.828 56.8284 2
      vertex 101.828 56.8284 6
    endloop
  endfacet
  facet normal 0.793193 0.60897 0
    outer loop
      vertex 101.828 56.8284 2
      vertex 102.464 56 6
      vertex 102.464 56 2
    endloop
  endfacet
  facet normal 0.793193 -0.60897 0
    outer loop
      vertex 101.828 51.1716 6
      vertex 102.464 52 2
      vertex 102.464 52 6
    endloop
  endfacet
  facet normal 0.793193 -0.60897 0
    outer loop
      vertex 102.464 52 2
      vertex 101.828 51.1716 6
      vertex 101.828 51.1716 2
    endloop
  endfacet
  facet normal 0.382589 -0.923919 0
    outer loop
      vertex 100.035 50.1363 2
      vertex 101 50.5359 6
      vertex 100.035 50.1363 6
    endloop
  endfacet
  facet normal 0.382589 -0.923919 0
    outer loop
      vertex 101 50.5359 6
      vertex 100.035 50.1363 2
      vertex 101 50.5359 2
    endloop
  endfacet
  facet normal -0.793332 0.608789 0
    outer loop
      vertex 95.5359 56 2
      vertex 96.1716 56.8284 6
      vertex 96.1716 56.8284 2
    endloop
  endfacet
  facet normal -0.793332 0.608789 0
    outer loop
      vertex 96.1716 56.8284 6
      vertex 95.5359 56 2
      vertex 95.5359 56 6
    endloop
  endfacet
  facet normal -0.793332 -0.608789 0
    outer loop
      vertex 96.1716 51.1716 2
      vertex 95.5359 52 6
      vertex 95.5359 52 2
    endloop
  endfacet
  facet normal -0.793332 -0.608789 0
    outer loop
      vertex 95.5359 52 6
      vertex 96.1716 51.1716 2
      vertex 96.1716 51.1716 6
    endloop
  endfacet
  facet normal 0.991482 -0.130244 0
    outer loop
      vertex 102.864 52.9647 6
      vertex 103 54 2
      vertex 103 54 6
    endloop
  endfacet
  facet normal 0.991482 -0.130244 0
    outer loop
      vertex 103 54 2
      vertex 102.864 52.9647 6
      vertex 102.864 52.9647 2
    endloop
  endfacet
  facet normal -0.130526 0.991445 0
    outer loop
      vertex 99 58 2
      vertex 97.9647 57.8637 6
      vertex 99 58 6
    endloop
  endfacet
  facet normal -0.130526 0.991445 0
    outer loop
      vertex 97.9647 57.8637 6
      vertex 99 58 2
      vertex 97.9647 57.8637 2
    endloop
  endfacet
  facet normal -0.923877 -0.38269 0
    outer loop
      vertex 95.5359 52 2
      vertex 95.1363 52.9647 6
      vertex 95.1363 52.9647 2
    endloop
  endfacet
  facet normal -0.923877 -0.38269 0
    outer loop
      vertex 95.1363 52.9647 6
      vertex 95.5359 52 2
      vertex 95.5359 52 6
    endloop
  endfacet
  facet normal -0.991445 -0.130526 0
    outer loop
      vertex 95.1363 52.9647 2
      vertex 95 54 6
      vertex 95 54 2
    endloop
  endfacet
  facet normal -0.991445 -0.130526 0
    outer loop
      vertex 95 54 6
      vertex 95.1363 52.9647 2
      vertex 95.1363 52.9647 6
    endloop
  endfacet
  facet normal 0.923741 -0.383017 0
    outer loop
      vertex 102.464 52 6
      vertex 102.864 52.9647 2
      vertex 102.864 52.9647 6
    endloop
  endfacet
  facet normal 0.923741 -0.383017 0
    outer loop
      vertex 102.864 52.9647 2
      vertex 102.464 52 6
      vertex 102.464 52 2
    endloop
  endfacet
  facet normal -0.38269 -0.923877 0
    outer loop
      vertex 97 50.5359 2
      vertex 97.9647 50.1363 6
      vertex 97 50.5359 6
    endloop
  endfacet
  facet normal -0.38269 -0.923877 -0
    outer loop
      vertex 97.9647 50.1363 6
      vertex 97 50.5359 2
      vertex 97.9647 50.1363 2
    endloop
  endfacet
  facet normal 0 0 1
    outer loop
      vertex 102.864 55.0353 6
      vertex 100.932 54.5176 6
      vertex 101 54 6
    endloop
  endfacet
  facet normal 0 0 1
    outer loop
      vertex 101.828 56.8284 6
      vertex 100.732 55 6
      vertex 100.932 54.5176 6
    endloop
  endfacet
  facet normal 0 0 1
    outer loop
      vertex 101.828 56.8284 6
      vertex 100.414 55.4142 6
      vertex 100.732 55 6
    endloop
  endfacet
  facet normal 0 0 1
    outer loop
      vertex 100 55.732 6
      vertex 101 57.4641 6
      vertex 100.035 57.8637 6
    endloop
  endfacet
  facet normal 0 0 1
    outer loop
      vertex 101 57.4641 6
      vertex 100 55.732 6
      vertex 100.414 55.4142 6
    endloop
  endfacet
  facet normal 0 0 1
    outer loop
      vertex 100.035 57.8637 6
      vertex 99.5176 55.9319 6
      vertex 100 55.732 6
    endloop
  endfacet
  facet normal 0 0 1
    outer loop
      vertex 99 58 6
      vertex 99.5176 55.9319 6
      vertex 100.035 57.8637 6
    endloop
  endfacet
  facet normal 0 0 1
    outer loop
      vertex 99 58 6
      vertex 99 56 6
      vertex 99.5176 55.9319 6
    endloop
  endfacet
  facet normal 0 0 1
    outer loop
      vertex 99 58 6
      vertex 98.4824 55.9319 6
      vertex 99 56 6
    endloop
  endfacet
  facet normal -0 0 1
    outer loop
      vertex 97.9647 57.8637 6
      vertex 98.4824 55.9319 6
      vertex 99 58 6
    endloop
  endfacet
  facet normal 0 0 1
    outer loop
      vertex 98.4824 55.9319 6
      vertex 97.9647 57.8637 6
      vertex 98 55.732 6
    endloop
  endfacet
  facet normal -0 0 1
    outer loop
      vertex 97 57.4641 6
      vertex 98 55.732 6
      vertex 97.9647 57.8637 6
    endloop
  endfacet
  facet normal 0 0 1
    outer loop
      vertex 98 55.732 6
      vertex 97 57.4641 6
      vertex 97.5858 55.4142 6
    endloop
  endfacet
  facet normal -0 0 1
    outer loop
      vertex 96.1716 56.8284 6
      vertex 97.5858 55.4142 6
      vertex 97 57.4641 6
    endloop
  endfacet
  facet normal 0 0 1
    outer loop
      vertex 97.5858 55.4142 6
      vertex 96.1716 56.8284 6
      vertex 97.268 55 6
    endloop
  endfacet
  facet normal -0 0 1
    outer loop
      vertex 95.5359 56 6
      vertex 97.268 55 6
      vertex 96.1716 56.8284 6
    endloop
  endfacet
  facet normal 0 0 1
    outer loop
      vertex 97.268 55 6
      vertex 95.5359 56 6
      vertex 97.0681 54.5176 6
    endloop
  endfacet
  facet normal -0 0 1
    outer loop
      vertex 95.1363 55.0353 6
      vertex 97.0681 54.5176 6
      vertex 95.5359 56 6
    endloop
  endfacet
  facet normal 0 0 1
    outer loop
      vertex 97 54 6
      vertex 96.1716 51.1716 6
      vertex 97 50.5359 6
    endloop
  endfacet
  facet normal 0 0 1
    outer loop
      vertex 97.0681 54.5176 6
      vertex 95.1363 55.0353 6
      vertex 97 54 6
    endloop
  endfacet
  facet normal 0 0 1
    outer loop
      vertex 97 54 6
      vertex 95.5359 52 6
      vertex 96.1716 51.1716 6
    endloop
  endfacet
  facet normal 0 0 1
    outer loop
      vertex 95 54 6
      vertex 97 54 6
      vertex 95.1363 55.0353 6
    endloop
  endfacet
  facet normal 0 0 1
    outer loop
      vertex 97 54 6
      vertex 95.1363 52.9647 6
      vertex 95.5359 52 6
    endloop
  endfacet
  facet normal 0 0 1
    outer loop
      vertex 97 54 6
      vertex 95 54 6
      vertex 95.1363 52.9647 6
    endloop
  endfacet
  facet normal 0 0 1
    outer loop
      vertex 101 54 6
      vertex 103 54 6
      vertex 102.864 55.0353 6
    endloop
  endfacet
  facet normal 0 0 1
    outer loop
      vertex 100.932 54.5176 6
      vertex 102.864 55.0353 6
      vertex 102.464 56 6
    endloop
  endfacet
  facet normal 0 0 1
    outer loop
      vertex 103 54 6
      vertex 101 54 6
      vertex 102.864 52.9647 6
    endloop
  endfacet
  facet normal 0 0 1
    outer loop
      vertex 100.932 54.5176 6
      vertex 102.464 56 6
      vertex 101.828 56.8284 6
    endloop
  endfacet
  facet normal -0 0 1
    outer loop
      vertex 100.932 53.4824 6
      vertex 102.864 52.9647 6
      vertex 101 54 6
    endloop
  endfacet
  facet normal 0 0 1
    outer loop
      vertex 100.414 55.4142 6
      vertex 101.828 56.8284 6
      vertex 101 57.4641 6
    endloop
  endfacet
  facet normal 0 0 1
    outer loop
      vertex 102.864 52.9647 6
      vertex 100.932 53.4824 6
      vertex 102.464 52 6
    endloop
  endfacet
  facet normal -0 0 1
    outer loop
      vertex 100.732 53 6
      vertex 102.464 52 6
      vertex 100.932 53.4824 6
    endloop
  endfacet
  facet normal 0 0 1
    outer loop
      vertex 102.464 52 6
      vertex 100.732 53 6
      vertex 101.828 51.1716 6
    endloop
  endfacet
  facet normal -0 0 1
    outer loop
      vertex 100.414 52.5858 6
      vertex 101.828 51.1716 6
      vertex 100.732 53 6
    endloop
  endfacet
  facet normal 0 0 1
    outer loop
      vertex 101.828 51.1716 6
      vertex 100.414 52.5858 6
      vertex 101 50.5359 6
    endloop
  endfacet
  facet normal -0 0 1
    outer loop
      vertex 100 52.268 6
      vertex 101 50.5359 6
      vertex 100.414 52.5858 6
    endloop
  endfacet
  facet normal 0 0 1
    outer loop
      vertex 101 50.5359 6
      vertex 100 52.268 6
      vertex 100.035 50.1363 6
    endloop
  endfacet
  facet normal -0 0 1
    outer loop
      vertex 99.5176 52.0681 6
      vertex 100.035 50.1363 6
      vertex 100 52.268 6
    endloop
  endfacet
  facet normal -0 0 1
    outer loop
      vertex 99 52 6
      vertex 100.035 50.1363 6
      vertex 99.5176 52.0681 6
    endloop
  endfacet
  facet normal 0 0 1
    outer loop
      vertex 99 52 6
      vertex 99 50 6
      vertex 100.035 50.1363 6
    endloop
  endfacet
  facet normal 0 0 1
    outer loop
      vertex 98.4824 52.0681 6
      vertex 99 50 6
      vertex 99 52 6
    endloop
  endfacet
  facet normal 0 0 1
    outer loop
      vertex 97.9647 50.1363 6
      vertex 98.4824 52.0681 6
      vertex 98 52.268 6
    endloop
  endfacet
  facet normal 0 0 1
    outer loop
      vertex 98.4824 52.0681 6
      vertex 97.9647 50.1363 6
      vertex 99 50 6
    endloop
  endfacet
  facet normal 0 0 1
    outer loop
      vertex 97 50.5359 6
      vertex 98 52.268 6
      vertex 97.5858 52.5858 6
    endloop
  endfacet
  facet normal 0 0 1
    outer loop
      vertex 97 50.5359 6
      vertex 97.5858 52.5858 6
      vertex 97.268 53 6
    endloop
  endfacet
  facet normal 0 0 1
    outer loop
      vertex 97 50.5359 6
      vertex 97.268 53 6
      vertex 97.0681 53.4824 6
    endloop
  endfacet
  facet normal 0 0 1
    outer loop
      vertex 98 52.268 6
      vertex 97 50.5359 6
      vertex 97.9647 50.1363 6
    endloop
  endfacet
  facet normal 0 0 1
    outer loop
      vertex 97 50.5359 6
      vertex 97.0681 53.4824 6
      vertex 97 54 6
    endloop
  endfacet
  facet normal 0.130564 -0.99144 0
    outer loop
      vertex 99 50 2
      vertex 100.035 50.1363 6
      vertex 99 50 6
    endloop
  endfacet
  facet normal 0.130564 -0.99144 0
    outer loop
      vertex 100.035 50.1363 6
      vertex 99 50 2
      vertex 100.035 50.1363 2
    endloop
  endfacet
  facet normal -0.923877 0.38269 0
    outer loop
      vertex 95.1363 55.0353 2
      vertex 95.5359 56 6
      vertex 95.5359 56 2
    endloop
  endfacet
  facet normal -0.923877 0.38269 0
    outer loop
      vertex 95.5359 56 6
      vertex 95.1363 55.0353 2
      vertex 95.1363 55.0353 6
    endloop
  endfacet
  facet normal -0.991445 0.130526 0
    outer loop
      vertex 95 54 2
      vertex 95.1363 55.0353 6
      vertex 95.1363 55.0353 2
    endloop
  endfacet
  facet normal -0.991445 0.130526 0
    outer loop
      vertex 95.1363 55.0353 6
      vertex 95 54 2
      vertex 95 54 6
    endloop
  endfacet
  facet normal 0.991456 -0.130445 0
    outer loop
      vertex 97 54 6
      vertex 97.0681 54.5176 2.8
      vertex 97.0681 54.5176 6
    endloop
  endfacet
  facet normal 0.991456 -0.130445 0
    outer loop
      vertex 97.0681 54.5176 2.8
      vertex 97 54 6
      vertex 97 54 2.8
    endloop
  endfacet
  facet normal -0.923755 -0.382983 0
    outer loop
      vertex 100.932 54.5176 2.8
      vertex 100.732 55 6
      vertex 100.732 55 2.8
    endloop
  endfacet
  facet normal -0.923755 -0.382983 0
    outer loop
      vertex 100.732 55 6
      vertex 100.932 54.5176 2.8
      vertex 100.932 54.5176 6
    endloop
  endfacet
  facet normal -0.99148 -0.130256 0
    outer loop
      vertex 101 54 2.8
      vertex 100.932 54.5176 6
      vertex 100.932 54.5176 2.8
    endloop
  endfacet
  facet normal -0.99148 -0.130256 0
    outer loop
      vertex 100.932 54.5176 6
      vertex 101 54 2.8
      vertex 101 54 6
    endloop
  endfacet
  facet normal -0.793193 -0.60897 0
    outer loop
      vertex 100.732 55 2.8
      vertex 100.414 55.4142 6
      vertex 100.414 55.4142 2.8
    endloop
  endfacet
  facet normal -0.793193 -0.60897 0
    outer loop
      vertex 100.414 55.4142 6
      vertex 100.732 55 2.8
      vertex 100.732 55 6
    endloop
  endfacet
  facet normal -0.99148 0.130256 0
    outer loop
      vertex 100.932 53.4824 2.8
      vertex 101 54 6
      vertex 101 54 2.8
    endloop
  endfacet
  facet normal -0.99148 0.130256 0
    outer loop
      vertex 101 54 6
      vertex 100.932 53.4824 2.8
      vertex 100.932 53.4824 6
    endloop
  endfacet
  facet normal 0 0 1
    outer loop
      vertex 100.932 54.5176 2.8
      vertex 100.932 53.4824 2.8
      vertex 101 54 2.8
    endloop
  endfacet
  facet normal 0 0 1
    outer loop
      vertex 100.732 55 2.8
      vertex 100.932 53.4824 2.8
      vertex 100.932 54.5176 2.8
    endloop
  endfacet
  facet normal 0 0 1
    outer loop
      vertex 100.732 55 2.8
      vertex 100.732 53 2.8
      vertex 100.932 53.4824 2.8
    endloop
  endfacet
  facet normal 0 0 1
    outer loop
      vertex 100.414 55.4142 2.8
      vertex 100.732 53 2.8
      vertex 100.732 55 2.8
    endloop
  endfacet
  facet normal 0 0 1
    outer loop
      vertex 100.414 55.4142 2.8
      vertex 100.414 52.5858 2.8
      vertex 100.732 53 2.8
    endloop
  endfacet
  facet normal 0 0 1
    outer loop
      vertex 100 55.732 2.8
      vertex 100.414 52.5858 2.8
      vertex 100.414 55.4142 2.8
    endloop
  endfacet
  facet normal 0 0 1
    outer loop
      vertex 100 55.732 2.8
      vertex 100 52.268 2.8
      vertex 100.414 52.5858 2.8
    endloop
  endfacet
  facet normal 0 0 1
    outer loop
      vertex 99.5176 55.9319 2.8
      vertex 100 52.268 2.8
      vertex 100 55.732 2.8
    endloop
  endfacet
  facet normal 0 0 1
    outer loop
      vertex 99.5176 55.9319 2.8
      vertex 99.5176 52.0681 2.8
      vertex 100 52.268 2.8
    endloop
  endfacet
  facet normal 0 0 1
    outer loop
      vertex 99 56 2.8
      vertex 99.5176 52.0681 2.8
      vertex 99.5176 55.9319 2.8
    endloop
  endfacet
  facet normal 0 0 1
    outer loop
      vertex 99 56 2.8
      vertex 99 52 2.8
      vertex 99.5176 52.0681 2.8
    endloop
  endfacet
  facet normal -0 0 1
    outer loop
      vertex 98.4824 55.9319 2.8
      vertex 99 52 2.8
      vertex 99 56 2.8
    endloop
  endfacet
  facet normal 0 0 1
    outer loop
      vertex 98.4824 55.9319 2.8
      vertex 98.4824 52.0681 2.8
      vertex 99 52 2.8
    endloop
  endfacet
  facet normal -0 0 1
    outer loop
      vertex 98 55.732 2.8
      vertex 98.4824 52.0681 2.8
      vertex 98.4824 55.9319 2.8
    endloop
  endfacet
  facet normal 0 0 1
    outer loop
      vertex 98 55.732 2.8
      vertex 98 52.268 2.8
      vertex 98.4824 52.0681 2.8
    endloop
  endfacet
  facet normal -0 0 1
    outer loop
      vertex 97.5858 55.4142 2.8
      vertex 98 52.268 2.8
      vertex 98 55.732 2.8
    endloop
  endfacet
  facet normal 0 0 1
    outer loop
      vertex 97.5858 55.4142 2.8
      vertex 97.5858 52.5858 2.8
      vertex 98 52.268 2.8
    endloop
  endfacet
  facet normal -0 0 1
    outer loop
      vertex 97.268 55 2.8
      vertex 97.5858 52.5858 2.8
      vertex 97.5858 55.4142 2.8
    endloop
  endfacet
  facet normal 0 0 1
    outer loop
      vertex 97.268 55 2.8
      vertex 97.268 53 2.8
      vertex 97.5858 52.5858 2.8
    endloop
  endfacet
  facet normal -0 0 1
    outer loop
      vertex 97.0681 54.5176 2.8
      vertex 97.268 53 2.8
      vertex 97.268 55 2.8
    endloop
  endfacet
  facet normal 0 0 1
    outer loop
      vertex 97.0681 54.5176 2.8
      vertex 97.0681 53.4824 2.8
      vertex 97.268 53 2.8
    endloop
  endfacet
  facet normal 0 -0 1
    outer loop
      vertex 97.0681 53.4824 2.8
      vertex 97.0681 54.5176 2.8
      vertex 97 54 2.8
    endloop
  endfacet
  facet normal -0.130445 0.991456 0
    outer loop
      vertex 99.5176 52.0681 2.8
      vertex 99 52 6
      vertex 99.5176 52.0681 6
    endloop
  endfacet
  facet normal -0.130445 0.991456 0
    outer loop
      vertex 99 52 6
      vertex 99.5176 52.0681 2.8
      vertex 99 52 2.8
    endloop
  endfacet
  facet normal 0.923823 -0.38282 0
    outer loop
      vertex 97.0681 54.5176 6
      vertex 97.268 55 2.8
      vertex 97.268 55 6
    endloop
  endfacet
  facet normal 0.923823 -0.38282 0
    outer loop
      vertex 97.268 55 2.8
      vertex 97.0681 54.5176 6
      vertex 97.0681 54.5176 2.8
    endloop
  endfacet
  facet normal -0.608914 0.793236 0
    outer loop
      vertex 100.414 52.5858 2.8
      vertex 100 52.268 6
      vertex 100.414 52.5858 6
    endloop
  endfacet
  facet normal -0.608914 0.793236 0
    outer loop
      vertex 100 52.268 6
      vertex 100.414 52.5858 2.8
      vertex 100 52.268 2.8
    endloop
  endfacet
  facet normal -0.38282 -0.923823 0
    outer loop
      vertex 99.5176 55.9319 2.8
      vertex 100 55.732 6
      vertex 99.5176 55.9319 6
    endloop
  endfacet
  facet normal -0.38282 -0.923823 -0
    outer loop
      vertex 100 55.732 6
      vertex 99.5176 55.9319 2.8
      vertex 100 55.732 2.8
    endloop
  endfacet
  facet normal 0.793378 -0.608729 0
    outer loop
      vertex 97.268 55 6
      vertex 97.5858 55.4142 2.8
      vertex 97.5858 55.4142 6
    endloop
  endfacet
  facet normal 0.793378 -0.608729 0
    outer loop
      vertex 97.5858 55.4142 2.8
      vertex 97.268 55 6
      vertex 97.268 55 2.8
    endloop
  endfacet
  facet normal 0.923823 0.38282 0
    outer loop
      vertex 97.268 53 6
      vertex 97.0681 53.4824 2.8
      vertex 97.0681 53.4824 6
    endloop
  endfacet
  facet normal 0.923823 0.38282 0
    outer loop
      vertex 97.0681 53.4824 2.8
      vertex 97.268 53 6
      vertex 97.268 53 2.8
    endloop
  endfacet
  facet normal -0.130445 -0.991456 0
    outer loop
      vertex 99 56 2.8
      vertex 99.5176 55.9319 6
      vertex 99 56 6
    endloop
  endfacet
  facet normal -0.130445 -0.991456 -0
    outer loop
      vertex 99.5176 55.9319 6
      vertex 99 56 2.8
      vertex 99.5176 55.9319 2.8
    endloop
  endfacet
  facet normal 0.38282 -0.923823 0
    outer loop
      vertex 98 55.732 2.8
      vertex 98.4824 55.9319 6
      vertex 98 55.732 6
    endloop
  endfacet
  facet normal 0.38282 -0.923823 0
    outer loop
      vertex 98.4824 55.9319 6
      vertex 98 55.732 2.8
      vertex 98.4824 55.9319 2.8
    endloop
  endfacet
  facet normal 0.130445 -0.991456 0
    outer loop
      vertex 98.4824 55.9319 2.8
      vertex 99 56 6
      vertex 98.4824 55.9319 6
    endloop
  endfacet
  facet normal 0.130445 -0.991456 0
    outer loop
      vertex 99 56 6
      vertex 98.4824 55.9319 2.8
      vertex 99 56 2.8
    endloop
  endfacet
  facet normal 0.608729 0.793378 -0
    outer loop
      vertex 98 52.268 2.8
      vertex 97.5858 52.5858 6
      vertex 98 52.268 6
    endloop
  endfacet
  facet normal 0.608729 0.793378 0
    outer loop
      vertex 97.5858 52.5858 6
      vertex 98 52.268 2.8
      vertex 97.5858 52.5858 2.8
    endloop
  endfacet
  facet normal 0.608729 -0.793378 0
    outer loop
      vertex 97.5858 55.4142 2.8
      vertex 98 55.732 6
      vertex 97.5858 55.4142 6
    endloop
  endfacet
  facet normal 0.608729 -0.793378 0
    outer loop
      vertex 98 55.732 6
      vertex 97.5858 55.4142 2.8
      vertex 98 55.732 2.8
    endloop
  endfacet
  facet normal -0.923755 0.382983 0
    outer loop
      vertex 100.732 53 2.8
      vertex 100.932 53.4824 6
      vertex 100.932 53.4824 2.8
    endloop
  endfacet
  facet normal -0.923755 0.382983 0
    outer loop
      vertex 100.932 53.4824 6
      vertex 100.732 53 2.8
      vertex 100.732 53 6
    endloop
  endfacet
  facet normal -0.793193 0.60897 0
    outer loop
      vertex 100.414 52.5858 2.8
      vertex 100.732 53 6
      vertex 100.732 53 2.8
    endloop
  endfacet
  facet normal -0.793193 0.60897 0
    outer loop
      vertex 100.732 53 6
      vertex 100.414 52.5858 2.8
      vertex 100.414 52.5858 6
    endloop
  endfacet
  facet normal -0.608914 -0.793236 0
    outer loop
      vertex 100 55.732 2.8
      vertex 100.414 55.4142 6
      vertex 100 55.732 6
    endloop
  endfacet
  facet normal -0.608914 -0.793236 -0
    outer loop
      vertex 100.414 55.4142 6
      vertex 100 55.732 2.8
      vertex 100.414 55.4142 2.8
    endloop
  endfacet
  facet normal 0.991456 0.130445 0
    outer loop
      vertex 97.0681 53.4824 6
      vertex 97 54 2.8
      vertex 97 54 6
    endloop
  endfacet
  facet normal 0.991456 0.130445 0
    outer loop
      vertex 97 54 2.8
      vertex 97.0681 53.4824 6
      vertex 97.0681 53.4824 2.8
    endloop
  endfacet
  facet normal -0.38282 0.923823 0
    outer loop
      vertex 100 52.268 2.8
      vertex 99.5176 52.0681 6
      vertex 100 52.268 6
    endloop
  endfacet
  facet normal -0.38282 0.923823 0
    outer loop
      vertex 99.5176 52.0681 6
      vertex 100 52.268 2.8
      vertex 99.5176 52.0681 2.8
    endloop
  endfacet
  facet normal 0.793378 0.608729 0
    outer loop
      vertex 97.5858 52.5858 6
      vertex 97.268 53 2.8
      vertex 97.268 53 6
    endloop
  endfacet
  facet normal 0.793378 0.608729 0
    outer loop
      vertex 97.268 53 2.8
      vertex 97.5858 52.5858 6
      vertex 97.5858 52.5858 2.8
    endloop
  endfacet
  facet normal 0.38282 0.923823 -0
    outer loop
      vertex 98.4824 52.0681 2.8
      vertex 98 52.268 6
      vertex 98.4824 52.0681 6
    endloop
  endfacet
  facet normal 0.38282 0.923823 0
    outer loop
      vertex 98 52.268 6
      vertex 98.4824 52.0681 2.8
      vertex 98 52.268 2.8
    endloop
  endfacet
  facet normal 0.130445 0.991456 -0
    outer loop
      vertex 99 52 2.8
      vertex 98.4824 52.0681 6
      vertex 99 52 6
    endloop
  endfacet
  facet normal 0.130445 0.991456 0
    outer loop
      vertex 98.4824 52.0681 6
      vertex 99 52 2.8
      vertex 98.4824 52.0681 2.8
    endloop
  endfacet
  facet normal 0.923741 0.383017 0
    outer loop
      vertex 177.864 20.0353 6
      vertex 177.464 21 2
      vertex 177.464 21 6
    endloop
  endfacet
  facet normal 0.923741 0.383017 0
    outer loop
      vertex 177.464 21 2
      vertex 177.864 20.0353 6
      vertex 177.864 20.0353 2
    endloop
  endfacet
  facet normal 0.991482 0.130244 0
    outer loop
      vertex 178 19 6
      vertex 177.864 20.0353 2
      vertex 177.864 20.0353 6
    endloop
  endfacet
  facet normal 0.991482 0.130244 0
    outer loop
      vertex 177.864 20.0353 2
      vertex 178 19 6
      vertex 178 19 2
    endloop
  endfacet
  facet normal -0.608974 0.79319 0
    outer loop
      vertex 172 22.4641 2
      vertex 171.172 21.8284 6
      vertex 172 22.4641 6
    endloop
  endfacet
  facet normal -0.608974 0.79319 0
    outer loop
      vertex 171.172 21.8284 6
      vertex 172 22.4641 2
      vertex 171.172 21.8284 2
    endloop
  endfacet
  facet normal -0.382589 0.923919 0
    outer loop
      vertex 172.965 22.8637 2
      vertex 172 22.4641 6
      vertex 172.965 22.8637 6
    endloop
  endfacet
  facet normal -0.382589 0.923919 0
    outer loop
      vertex 172 22.4641 6
      vertex 172.965 22.8637 2
      vertex 172 22.4641 2
    endloop
  endfacet
  facet normal 0.608974 -0.79319 0
    outer loop
      vertex 176 15.5359 2
      vertex 176.828 16.1716 6
      vertex 176 15.5359 6
    endloop
  endfacet
  facet normal 0.608974 -0.79319 0
    outer loop
      vertex 176.828 16.1716 6
      vertex 176 15.5359 2
      vertex 176.828 16.1716 2
    endloop
  endfacet
  facet normal 0.608974 0.79319 -0
    outer loop
      vertex 176.828 21.8284 2
      vertex 176 22.4641 6
      vertex 176.828 21.8284 6
    endloop
  endfacet
  facet normal 0.608974 0.79319 0
    outer loop
      vertex 176 22.4641 6
      vertex 176.828 21.8284 2
      vertex 176 22.4641 2
    endloop
  endfacet
  facet normal -0.130564 -0.99144 0
    outer loop
      vertex 172.965 15.1363 2
      vertex 174 15 6
      vertex 172.965 15.1363 6
    endloop
  endfacet
  facet normal -0.130564 -0.99144 -0
    outer loop
      vertex 174 15 6
      vertex 172.965 15.1363 2
      vertex 174 15 2
    endloop
  endfacet
  facet normal 0.130564 0.99144 -0
    outer loop
      vertex 175.035 22.8637 2
      vertex 174 23 6
      vertex 175.035 22.8637 6
    endloop
  endfacet
  facet normal 0.130564 0.99144 0
    outer loop
      vertex 174 23 6
      vertex 175.035 22.8637 2
      vertex 174 23 2
    endloop
  endfacet
  facet normal 0.382589 0.923919 -0
    outer loop
      vertex 176 22.4641 2
      vertex 175.035 22.8637 6
      vertex 176 22.4641 6
    endloop
  endfacet
  facet normal 0.382589 0.923919 0
    outer loop
      vertex 175.035 22.8637 6
      vertex 176 22.4641 2
      vertex 175.035 22.8637 2
    endloop
  endfacet
  facet normal -0.608974 -0.79319 0
    outer loop
      vertex 171.172 16.1716 2
      vertex 172 15.5359 6
      vertex 171.172 16.1716 6
    endloop
  endfacet
  facet normal -0.608974 -0.79319 -0
    outer loop
      vertex 172 15.5359 6
      vertex 171.172 16.1716 2
      vertex 172 15.5359 2
    endloop
  endfacet
  facet normal 0.793193 0.60897 0
    outer loop
      vertex 177.464 21 6
      vertex 176.828 21.8284 2
      vertex 176.828 21.8284 6
    endloop
  endfacet
  facet normal 0.793193 0.60897 0
    outer loop
      vertex 176.828 21.8284 2
      vertex 177.464 21 6
      vertex 177.464 21 2
    endloop
  endfacet
  facet normal 0.793193 -0.60897 0
    outer loop
      vertex 176.828 16.1716 6
      vertex 177.464 17 2
      vertex 177.464 17 6
    endloop
  endfacet
  facet normal 0.793193 -0.60897 0
    outer loop
      vertex 177.464 17 2
      vertex 176.828 16.1716 6
      vertex 176.828 16.1716 2
    endloop
  endfacet
  facet normal 0.382589 -0.923919 0
    outer loop
      vertex 175.035 15.1363 2
      vertex 176 15.5359 6
      vertex 175.035 15.1363 6
    endloop
  endfacet
  facet normal 0.382589 -0.923919 0
    outer loop
      vertex 176 15.5359 6
      vertex 175.035 15.1363 2
      vertex 176 15.5359 2
    endloop
  endfacet
  facet normal -0.793193 0.60897 0
    outer loop
      vertex 170.536 21 2
      vertex 171.172 21.8284 6
      vertex 171.172 21.8284 2
    endloop
  endfacet
  facet normal -0.793193 0.60897 0
    outer loop
      vertex 171.172 21.8284 6
      vertex 170.536 21 2
      vertex 170.536 21 6
    endloop
  endfacet
  facet normal -0.793193 -0.60897 0
    outer loop
      vertex 171.172 16.1716 2
      vertex 170.536 17 6
      vertex 170.536 17 2
    endloop
  endfacet
  facet normal -0.793193 -0.60897 0
    outer loop
      vertex 170.536 17 6
      vertex 171.172 16.1716 2
      vertex 171.172 16.1716 6
    endloop
  endfacet
  facet normal 0.991482 -0.130244 0
    outer loop
      vertex 177.864 17.9647 6
      vertex 178 19 2
      vertex 178 19 6
    endloop
  endfacet
  facet normal 0.991482 -0.130244 0
    outer loop
      vertex 178 19 2
      vertex 177.864 17.9647 6
      vertex 177.864 17.9647 2
    endloop
  endfacet
  facet normal -0.130564 0.99144 0
    outer loop
      vertex 174 23 2
      vertex 172.965 22.8637 6
      vertex 174 23 6
    endloop
  endfacet
  facet normal -0.130564 0.99144 0
    outer loop
      vertex 172.965 22.8637 6
      vertex 174 23 2
      vertex 172.965 22.8637 2
    endloop
  endfacet
  facet normal -0.923741 -0.383017 0
    outer loop
      vertex 170.536 17 2
      vertex 170.136 17.9647 6
      vertex 170.136 17.9647 2
    endloop
  endfacet
  facet normal -0.923741 -0.383017 0
    outer loop
      vertex 170.136 17.9647 6
      vertex 170.536 17 2
      vertex 170.536 17 6
    endloop
  endfacet
  facet normal -0.991482 -0.130244 0
    outer loop
      vertex 170.136 17.9647 2
      vertex 170 19 6
      vertex 170 19 2
    endloop
  endfacet
  facet normal -0.991482 -0.130244 0
    outer loop
      vertex 170 19 6
      vertex 170.136 17.9647 2
      vertex 170.136 17.9647 6
    endloop
  endfacet
  facet normal 0.923741 -0.383017 0
    outer loop
      vertex 177.464 17 6
      vertex 177.864 17.9647 2
      vertex 177.864 17.9647 6
    endloop
  endfacet
  facet normal 0.923741 -0.383017 0
    outer loop
      vertex 177.864 17.9647 2
      vertex 177.464 17 6
      vertex 177.464 17 2
    endloop
  endfacet
  facet normal -0.382589 -0.923919 0
    outer loop
      vertex 172 15.5359 2
      vertex 172.965 15.1363 6
      vertex 172 15.5359 6
    endloop
  endfacet
  facet normal -0.382589 -0.923919 -0
    outer loop
      vertex 172.965 15.1363 6
      vertex 172 15.5359 2
      vertex 172.965 15.1363 2
    endloop
  endfacet
  facet normal 0 0 1
    outer loop
      vertex 177.864 20.0353 6
      vertex 175.932 19.5176 6
      vertex 176 19 6
    endloop
  endfacet
  facet normal 0 0 1
    outer loop
      vertex 176.828 21.8284 6
      vertex 175.732 20 6
      vertex 175.932 19.5176 6
    endloop
  endfacet
  facet normal 0 0 1
    outer loop
      vertex 176.828 21.8284 6
      vertex 175.414 20.4142 6
      vertex 175.732 20 6
    endloop
  endfacet
  facet normal 0 0 1
    outer loop
      vertex 175 20.732 6
      vertex 176 22.4641 6
      vertex 175.035 22.8637 6
    endloop
  endfacet
  facet normal 0 0 1
    outer loop
      vertex 176 22.4641 6
      vertex 175 20.732 6
      vertex 175.414 20.4142 6
    endloop
  endfacet
  facet normal 0 0 1
    outer loop
      vertex 175.035 22.8637 6
      vertex 174.518 20.9319 6
      vertex 175 20.732 6
    endloop
  endfacet
  facet normal 0 0 1
    outer loop
      vertex 174 23 6
      vertex 174.518 20.9319 6
      vertex 175.035 22.8637 6
    endloop
  endfacet
  facet normal 0 0 1
    outer loop
      vertex 174 23 6
      vertex 174 21 6
      vertex 174.518 20.9319 6
    endloop
  endfacet
  facet normal 0 0 1
    outer loop
      vertex 174 23 6
      vertex 173.482 20.9319 6
      vertex 174 21 6
    endloop
  endfacet
  facet normal -0 0 1
    outer loop
      vertex 172.965 22.8637 6
      vertex 173.482 20.9319 6
      vertex 174 23 6
    endloop
  endfacet
  facet normal 0 0 1
    outer loop
      vertex 173.482 20.9319 6
      vertex 172.965 22.8637 6
      vertex 173 20.732 6
    endloop
  endfacet
  facet normal -0 0 1
    outer loop
      vertex 172 22.4641 6
      vertex 173 20.732 6
      vertex 172.965 22.8637 6
    endloop
  endfacet
  facet normal 0 0 1
    outer loop
      vertex 173 20.732 6
      vertex 172 22.4641 6
      vertex 172.586 20.4142 6
    endloop
  endfacet
  facet normal -0 0 1
    outer loop
      vertex 171.172 21.8284 6
      vertex 172.586 20.4142 6
      vertex 172 22.4641 6
    endloop
  endfacet
  facet normal 0 0 1
    outer loop
      vertex 172.586 20.4142 6
      vertex 171.172 21.8284 6
      vertex 172.268 20 6
    endloop
  endfacet
  facet normal -0 0 1
    outer loop
      vertex 170.536 21 6
      vertex 172.268 20 6
      vertex 171.172 21.8284 6
    endloop
  endfacet
  facet normal 0 0 1
    outer loop
      vertex 172.268 20 6
      vertex 170.536 21 6
      vertex 172.068 19.5176 6
    endloop
  endfacet
  facet normal -0 0 1
    outer loop
      vertex 170.136 20.0353 6
      vertex 172.068 19.5176 6
      vertex 170.536 21 6
    endloop
  endfacet
  facet normal 0 0 1
    outer loop
      vertex 172 19 6
      vertex 171.172 16.1716 6
      vertex 172 15.5359 6
    endloop
  endfacet
  facet normal 0 0 1
    outer loop
      vertex 172.068 19.5176 6
      vertex 170.136 20.0353 6
      vertex 172 19 6
    endloop
  endfacet
  facet normal 0 0 1
    outer loop
      vertex 172 19 6
      vertex 170.536 17 6
      vertex 171.172 16.1716 6
    endloop
  endfacet
  facet normal 0 0 1
    outer loop
      vertex 170 19 6
      vertex 172 19 6
      vertex 170.136 20.0353 6
    endloop
  endfacet
  facet normal 0 0 1
    outer loop
      vertex 172 19 6
      vertex 170.136 17.9647 6
      vertex 170.536 17 6
    endloop
  endfacet
  facet normal 0 0 1
    outer loop
      vertex 172 19 6
      vertex 170 19 6
      vertex 170.136 17.9647 6
    endloop
  endfacet
  facet normal 0 0 1
    outer loop
      vertex 176 19 6
      vertex 178 19 6
      vertex 177.864 20.0353 6
    endloop
  endfacet
  facet normal 0 0 1
    outer loop
      vertex 175.932 19.5176 6
      vertex 177.864 20.0353 6
      vertex 177.464 21 6
    endloop
  endfacet
  facet normal 0 0 1
    outer loop
      vertex 178 19 6
      vertex 176 19 6
      vertex 177.864 17.9647 6
    endloop
  endfacet
  facet normal 0 0 1
    outer loop
      vertex 175.932 19.5176 6
      vertex 177.464 21 6
      vertex 176.828 21.8284 6
    endloop
  endfacet
  facet normal -0 0 1
    outer loop
      vertex 175.932 18.4824 6
      vertex 177.864 17.9647 6
      vertex 176 19 6
    endloop
  endfacet
  facet normal 0 0 1
    outer loop
      vertex 175.414 20.4142 6
      vertex 176.828 21.8284 6
      vertex 176 22.4641 6
    endloop
  endfacet
  facet normal 0 0 1
    outer loop
      vertex 177.864 17.9647 6
      vertex 175.932 18.4824 6
      vertex 177.464 17 6
    endloop
  endfacet
  facet normal -0 0 1
    outer loop
      vertex 175.732 18 6
      vertex 177.464 17 6
      vertex 175.932 18.4824 6
    endloop
  endfacet
  facet normal 0 0 1
    outer loop
      vertex 177.464 17 6
      vertex 175.732 18 6
      vertex 176.828 16.1716 6
    endloop
  endfacet
  facet normal -0 0 1
    outer loop
      vertex 175.414 17.5858 6
      vertex 176.828 16.1716 6
      vertex 175.732 18 6
    endloop
  endfacet
  facet normal 0 0 1
    outer loop
      vertex 176.828 16.1716 6
      vertex 175.414 17.5858 6
      vertex 176 15.5359 6
    endloop
  endfacet
  facet normal -0 0 1
    outer loop
      vertex 175 17.268 6
      vertex 176 15.5359 6
      vertex 175.414 17.5858 6
    endloop
  endfacet
  facet normal 0 0 1
    outer loop
      vertex 176 15.5359 6
      vertex 175 17.268 6
      vertex 175.035 15.1363 6
    endloop
  endfacet
  facet normal -0 0 1
    outer loop
      vertex 174.518 17.0681 6
      vertex 175.035 15.1363 6
      vertex 175 17.268 6
    endloop
  endfacet
  facet normal -0 0 1
    outer loop
      vertex 174 17 6
      vertex 175.035 15.1363 6
      vertex 174.518 17.0681 6
    endloop
  endfacet
  facet normal 0 0 1
    outer loop
      vertex 174 17 6
      vertex 174 15 6
      vertex 175.035 15.1363 6
    endloop
  endfacet
  facet normal 0 0 1
    outer loop
      vertex 173.482 17.0681 6
      vertex 174 15 6
      vertex 174 17 6
    endloop
  endfacet
  facet normal 0 0 1
    outer loop
      vertex 172.965 15.1363 6
      vertex 173.482 17.0681 6
      vertex 173 17.268 6
    endloop
  endfacet
  facet normal 0 0 1
    outer loop
      vertex 173.482 17.0681 6
      vertex 172.965 15.1363 6
      vertex 174 15 6
    endloop
  endfacet
  facet normal 0 0 1
    outer loop
      vertex 172 15.5359 6
      vertex 173 17.268 6
      vertex 172.586 17.5858 6
    endloop
  endfacet
  facet normal 0 0 1
    outer loop
      vertex 172 15.5359 6
      vertex 172.586 17.5858 6
      vertex 172.268 18 6
    endloop
  endfacet
  facet normal 0 0 1
    outer loop
      vertex 172 15.5359 6
      vertex 172.268 18 6
      vertex 172.068 18.4824 6
    endloop
  endfacet
  facet normal 0 0 1
    outer loop
      vertex 173 17.268 6
      vertex 172 15.5359 6
      vertex 172.965 15.1363 6
    endloop
  endfacet
  facet normal 0 0 1
    outer loop
      vertex 172 15.5359 6
      vertex 172.068 18.4824 6
      vertex 172 19 6
    endloop
  endfacet
  facet normal 0.130564 -0.99144 0
    outer loop
      vertex 174 15 2
      vertex 175.035 15.1363 6
      vertex 174 15 6
    endloop
  endfacet
  facet normal 0.130564 -0.99144 0
    outer loop
      vertex 175.035 15.1363 6
      vertex 174 15 2
      vertex 175.035 15.1363 2
    endloop
  endfacet
  facet normal -0.923741 0.383017 0
    outer loop
      vertex 170.136 20.0353 2
      vertex 170.536 21 6
      vertex 170.536 21 2
    endloop
  endfacet
  facet normal -0.923741 0.383017 0
    outer loop
      vertex 170.536 21 6
      vertex 170.136 20.0353 2
      vertex 170.136 20.0353 6
    endloop
  endfacet
  facet normal -0.991482 0.130244 0
    outer loop
      vertex 170 19 2
      vertex 170.136 20.0353 6
      vertex 170.136 20.0353 2
    endloop
  endfacet
  facet normal -0.991482 0.130244 0
    outer loop
      vertex 170.136 20.0353 6
      vertex 170 19 2
      vertex 170 19 6
    endloop
  endfacet
  facet normal 0.99148 -0.130256 0
    outer loop
      vertex 172 19 6
      vertex 172.068 19.5176 2.8
      vertex 172.068 19.5176 6
    endloop
  endfacet
  facet normal 0.99148 -0.130256 0
    outer loop
      vertex 172.068 19.5176 2.8
      vertex 172 19 6
      vertex 172 19 2.8
    endloop
  endfacet
  facet normal -0.923755 -0.382983 0
    outer loop
      vertex 175.932 19.5176 2.8
      vertex 175.732 20 6
      vertex 175.732 20 2.8
    endloop
  endfacet
  facet normal -0.923755 -0.382983 0
    outer loop
      vertex 175.732 20 6
      vertex 175.932 19.5176 2.8
      vertex 175.932 19.5176 6
    endloop
  endfacet
  facet normal -0.99148 -0.130256 0
    outer loop
      vertex 176 19 2.8
      vertex 175.932 19.5176 6
      vertex 175.932 19.5176 2.8
    endloop
  endfacet
  facet normal -0.99148 -0.130256 0
    outer loop
      vertex 175.932 19.5176 6
      vertex 176 19 2.8
      vertex 176 19 6
    endloop
  endfacet
  facet normal -0.793193 -0.60897 0
    outer loop
      vertex 175.732 20 2.8
      vertex 175.414 20.4142 6
      vertex 175.414 20.4142 2.8
    endloop
  endfacet
  facet normal -0.793193 -0.60897 0
    outer loop
      vertex 175.414 20.4142 6
      vertex 175.732 20 2.8
      vertex 175.732 20 6
    endloop
  endfacet
  facet normal -0.99148 0.130256 0
    outer loop
      vertex 175.932 18.4824 2.8
      vertex 176 19 6
      vertex 176 19 2.8
    endloop
  endfacet
  facet normal -0.99148 0.130256 0
    outer loop
      vertex 176 19 6
      vertex 175.932 18.4824 2.8
      vertex 175.932 18.4824 6
    endloop
  endfacet
  facet normal 0 0 1
    outer loop
      vertex 175.932 19.5176 2.8
      vertex 175.932 18.4824 2.8
      vertex 176 19 2.8
    endloop
  endfacet
  facet normal 0 0 1
    outer loop
      vertex 175.732 20 2.8
      vertex 175.932 18.4824 2.8
      vertex 175.932 19.5176 2.8
    endloop
  endfacet
  facet normal 0 0 1
    outer loop
      vertex 175.732 20 2.8
      vertex 175.732 18 2.8
      vertex 175.932 18.4824 2.8
    endloop
  endfacet
  facet normal 0 0 1
    outer loop
      vertex 175.414 20.4142 2.8
      vertex 175.732 18 2.8
      vertex 175.732 20 2.8
    endloop
  endfacet
  facet normal 0 0 1
    outer loop
      vertex 175.414 20.4142 2.8
      vertex 175.414 17.5858 2.8
      vertex 175.732 18 2.8
    endloop
  endfacet
  facet normal 0 0 1
    outer loop
      vertex 175 20.732 2.8
      vertex 175.414 17.5858 2.8
      vertex 175.414 20.4142 2.8
    endloop
  endfacet
  facet normal 0 0 1
    outer loop
      vertex 175 20.732 2.8
      vertex 175 17.268 2.8
      vertex 175.414 17.5858 2.8
    endloop
  endfacet
  facet normal 0 0 1
    outer loop
      vertex 174.518 20.9319 2.8
      vertex 175 17.268 2.8
      vertex 175 20.732 2.8
    endloop
  endfacet
  facet normal 0 0 1
    outer loop
      vertex 174.518 20.9319 2.8
      vertex 174.518 17.0681 2.8
      vertex 175 17.268 2.8
    endloop
  endfacet
  facet normal 0 0 1
    outer loop
      vertex 174 21 2.8
      vertex 174.518 17.0681 2.8
      vertex 174.518 20.9319 2.8
    endloop
  endfacet
  facet normal 0 0 1
    outer loop
      vertex 174 21 2.8
      vertex 174 17 2.8
      vertex 174.518 17.0681 2.8
    endloop
  endfacet
  facet normal -0 0 1
    outer loop
      vertex 173.482 20.9319 2.8
      vertex 174 17 2.8
      vertex 174 21 2.8
    endloop
  endfacet
  facet normal 0 0 1
    outer loop
      vertex 173.482 20.9319 2.8
      vertex 173.482 17.0681 2.8
      vertex 174 17 2.8
    endloop
  endfacet
  facet normal -0 0 1
    outer loop
      vertex 173 20.732 2.8
      vertex 173.482 17.0681 2.8
      vertex 173.482 20.9319 2.8
    endloop
  endfacet
  facet normal 0 0 1
    outer loop
      vertex 173 20.732 2.8
      vertex 173 17.268 2.8
      vertex 173.482 17.0681 2.8
    endloop
  endfacet
  facet normal -0 0 1
    outer loop
      vertex 172.586 20.4142 2.8
      vertex 173 17.268 2.8
      vertex 173 20.732 2.8
    endloop
  endfacet
  facet normal 0 0 1
    outer loop
      vertex 172.586 20.4142 2.8
      vertex 172.586 17.5858 2.8
      vertex 173 17.268 2.8
    endloop
  endfacet
  facet normal -0 0 1
    outer loop
      vertex 172.268 20 2.8
      vertex 172.586 17.5858 2.8
      vertex 172.586 20.4142 2.8
    endloop
  endfacet
  facet normal 0 0 1
    outer loop
      vertex 172.268 20 2.8
      vertex 172.268 18 2.8
      vertex 172.586 17.5858 2.8
    endloop
  endfacet
  facet normal -0 0 1
    outer loop
      vertex 172.068 19.5176 2.8
      vertex 172.268 18 2.8
      vertex 172.268 20 2.8
    endloop
  endfacet
  facet normal 0 0 1
    outer loop
      vertex 172.068 19.5176 2.8
      vertex 172.068 18.4824 2.8
      vertex 172.268 18 2.8
    endloop
  endfacet
  facet normal 0 -0 1
    outer loop
      vertex 172.068 18.4824 2.8
      vertex 172.068 19.5176 2.8
      vertex 172 19 2.8
    endloop
  endfacet
  facet normal -0.130346 0.991469 0
    outer loop
      vertex 174.518 17.0681 2.8
      vertex 174 17 6
      vertex 174.518 17.0681 6
    endloop
  endfacet
  facet normal -0.130346 0.991469 0
    outer loop
      vertex 174 17 6
      vertex 174.518 17.0681 2.8
      vertex 174 17 2.8
    endloop
  endfacet
  facet normal 0.923755 -0.382983 0
    outer loop
      vertex 172.068 19.5176 6
      vertex 172.268 20 2.8
      vertex 172.268 20 6
    endloop
  endfacet
  facet normal 0.923755 -0.382983 0
    outer loop
      vertex 172.268 20 2.8
      vertex 172.068 19.5176 6
      vertex 172.068 19.5176 2.8
    endloop
  endfacet
  facet normal -0.608914 0.793236 0
    outer loop
      vertex 175.414 17.5858 2.8
      vertex 175 17.268 6
      vertex 175.414 17.5858 6
    endloop
  endfacet
  facet normal -0.608914 0.793236 0
    outer loop
      vertex 175 17.268 6
      vertex 175.414 17.5858 2.8
      vertex 175 17.268 2.8
    endloop
  endfacet
  facet normal -0.383091 -0.923711 0
    outer loop
      vertex 174.518 20.9319 2.8
      vertex 175 20.732 6
      vertex 174.518 20.9319 6
    endloop
  endfacet
  facet normal -0.383091 -0.923711 -0
    outer loop
      vertex 175 20.732 6
      vertex 174.518 20.9319 2.8
      vertex 175 20.732 2.8
    endloop
  endfacet
  facet normal 0.793193 -0.60897 0
    outer loop
      vertex 172.268 20 6
      vertex 172.586 20.4142 2.8
      vertex 172.586 20.4142 6
    endloop
  endfacet
  facet normal 0.793193 -0.60897 0
    outer loop
      vertex 172.586 20.4142 2.8
      vertex 172.268 20 6
      vertex 172.268 20 2.8
    endloop
  endfacet
  facet normal 0.923755 0.382983 0
    outer loop
      vertex 172.268 18 6
      vertex 172.068 18.4824 2.8
      vertex 172.068 18.4824 6
    endloop
  endfacet
  facet normal 0.923755 0.382983 0
    outer loop
      vertex 172.068 18.4824 2.8
      vertex 172.268 18 6
      vertex 172.268 18 2.8
    endloop
  endfacet
  facet normal -0.130346 -0.991469 0
    outer loop
      vertex 174 21 2.8
      vertex 174.518 20.9319 6
      vertex 174 21 6
    endloop
  endfacet
  facet normal -0.130346 -0.991469 -0
    outer loop
      vertex 174.518 20.9319 6
      vertex 174 21 2.8
      vertex 174.518 20.9319 2.8
    endloop
  endfacet
  facet normal 0.383091 -0.923711 0
    outer loop
      vertex 173 20.732 2.8
      vertex 173.482 20.9319 6
      vertex 173 20.732 6
    endloop
  endfacet
  facet normal 0.383091 -0.923711 0
    outer loop
      vertex 173.482 20.9319 6
      vertex 173 20.732 2.8
      vertex 173.482 20.9319 2.8
    endloop
  endfacet
  facet normal 0.130346 -0.991469 0
    outer loop
      vertex 173.482 20.9319 2.8
      vertex 174 21 6
      vertex 173.482 20.9319 6
    endloop
  endfacet
  facet normal 0.130346 -0.991469 0
    outer loop
      vertex 174 21 6
      vertex 173.482 20.9319 2.8
      vertex 174 21 2.8
    endloop
  endfacet
  facet normal 0.608914 0.793236 -0
    outer loop
      vertex 173 17.268 2.8
      vertex 172.586 17.5858 6
      vertex 173 17.268 6
    endloop
  endfacet
  facet normal 0.608914 0.793236 0
    outer loop
      vertex 172.586 17.5858 6
      vertex 173 17.268 2.8
      vertex 172.586 17.5858 2.8
    endloop
  endfacet
  facet normal 0.608914 -0.793236 0
    outer loop
      vertex 172.586 20.4142 2.8
      vertex 173 20.732 6
      vertex 172.586 20.4142 6
    endloop
  endfacet
  facet normal 0.608914 -0.793236 0
    outer loop
      vertex 173 20.732 6
      vertex 172.586 20.4142 2.8
      vertex 173 20.732 2.8
    endloop
  endfacet
  facet normal -0.923755 0.382983 0
    outer loop
      vertex 175.732 18 2.8
      vertex 175.932 18.4824 6
      vertex 175.932 18.4824 2.8
    endloop
  endfacet
  facet normal -0.923755 0.382983 0
    outer loop
      vertex 175.932 18.4824 6
      vertex 175.732 18 2.8
      vertex 175.732 18 6
    endloop
  endfacet
  facet normal -0.793193 0.60897 0
    outer loop
      vertex 175.414 17.5858 2.8
      vertex 175.732 18 6
      vertex 175.732 18 2.8
    endloop
  endfacet
  facet normal -0.793193 0.60897 0
    outer loop
      vertex 175.732 18 6
      vertex 175.414 17.5858 2.8
      vertex 175.414 17.5858 6
    endloop
  endfacet
  facet normal -0.608914 -0.793236 0
    outer loop
      vertex 175 20.732 2.8
      vertex 175.414 20.4142 6
      vertex 175 20.732 6
    endloop
  endfacet
  facet normal -0.608914 -0.793236 -0
    outer loop
      vertex 175.414 20.4142 6
      vertex 175 20.732 2.8
      vertex 175.414 20.4142 2.8
    endloop
  endfacet
  facet normal 0.99148 0.130256 0
    outer loop
      vertex 172.068 18.4824 6
      vertex 172 19 2.8
      vertex 172 19 6
    endloop
  endfacet
  facet normal 0.99148 0.130256 0
    outer loop
      vertex 172 19 2.8
      vertex 172.068 18.4824 6
      vertex 172.068 18.4824 2.8
    endloop
  endfacet
  facet normal -0.383091 0.923711 0
    outer loop
      vertex 175 17.268 2.8
      vertex 174.518 17.0681 6
      vertex 175 17.268 6
    endloop
  endfacet
  facet normal -0.383091 0.923711 0
    outer loop
      vertex 174.518 17.0681 6
      vertex 175 17.268 2.8
      vertex 174.518 17.0681 2.8
    endloop
  endfacet
  facet normal 0.793193 0.60897 0
    outer loop
      vertex 172.586 17.5858 6
      vertex 172.268 18 2.8
      vertex 172.268 18 6
    endloop
  endfacet
  facet normal 0.793193 0.60897 0
    outer loop
      vertex 172.268 18 2.8
      vertex 172.586 17.5858 6
      vertex 172.586 17.5858 2.8
    endloop
  endfacet
  facet normal 0.383091 0.923711 -0
    outer loop
      vertex 173.482 17.0681 2.8
      vertex 173 17.268 6
      vertex 173.482 17.0681 6
    endloop
  endfacet
  facet normal 0.383091 0.923711 0
    outer loop
      vertex 173 17.268 6
      vertex 173.482 17.0681 2.8
      vertex 173 17.268 2.8
    endloop
  endfacet
  facet normal 0.130346 0.991469 -0
    outer loop
      vertex 174 17 2.8
      vertex 173.482 17.0681 6
      vertex 174 17 6
    endloop
  endfacet
  facet normal 0.130346 0.991469 0
    outer loop
      vertex 173.482 17.0681 6
      vertex 174 17 2.8
      vertex 173.482 17.0681 2.8
    endloop
  endfacet
  facet normal 0.923741 0.383017 0
    outer loop
      vertex 177.864 55.0353 6
      vertex 177.464 56 2
      vertex 177.464 56 6
    endloop
  endfacet
  facet normal 0.923741 0.383017 0
    outer loop
      vertex 177.464 56 2
      vertex 177.864 55.0353 6
      vertex 177.864 55.0353 2
    endloop
  endfacet
  facet normal 0.991482 0.130244 0
    outer loop
      vertex 178 54 6
      vertex 177.864 55.0353 2
      vertex 177.864 55.0353 6
    endloop
  endfacet
  facet normal 0.991482 0.130244 0
    outer loop
      vertex 177.864 55.0353 2
      vertex 178 54 6
      vertex 178 54 2
    endloop
  endfacet
  facet normal -0.608974 0.79319 0
    outer loop
      vertex 172 57.4641 2
      vertex 171.172 56.8284 6
      vertex 172 57.4641 6
    endloop
  endfacet
  facet normal -0.608974 0.79319 0
    outer loop
      vertex 171.172 56.8284 6
      vertex 172 57.4641 2
      vertex 171.172 56.8284 2
    endloop
  endfacet
  facet normal -0.382589 0.923919 0
    outer loop
      vertex 172.965 57.8637 2
      vertex 172 57.4641 6
      vertex 172.965 57.8637 6
    endloop
  endfacet
  facet normal -0.382589 0.923919 0
    outer loop
      vertex 172 57.4641 6
      vertex 172.965 57.8637 2
      vertex 172 57.4641 2
    endloop
  endfacet
  facet normal 0.608974 -0.79319 0
    outer loop
      vertex 176 50.5359 2
      vertex 176.828 51.1716 6
      vertex 176 50.5359 6
    endloop
  endfacet
  facet normal 0.608974 -0.79319 0
    outer loop
      vertex 176.828 51.1716 6
      vertex 176 50.5359 2
      vertex 176.828 51.1716 2
    endloop
  endfacet
  facet normal 0.608974 0.79319 -0
    outer loop
      vertex 176.828 56.8284 2
      vertex 176 57.4641 6
      vertex 176.828 56.8284 6
    endloop
  endfacet
  facet normal 0.608974 0.79319 0
    outer loop
      vertex 176 57.4641 6
      vertex 176.828 56.8284 2
      vertex 176 57.4641 2
    endloop
  endfacet
  facet normal -0.130564 -0.99144 0
    outer loop
      vertex 172.965 50.1363 2
      vertex 174 50 6
      vertex 172.965 50.1363 6
    endloop
  endfacet
  facet normal -0.130564 -0.99144 -0
    outer loop
      vertex 174 50 6
      vertex 172.965 50.1363 2
      vertex 174 50 2
    endloop
  endfacet
  facet normal 0.130564 0.99144 -0
    outer loop
      vertex 175.035 57.8637 2
      vertex 174 58 6
      vertex 175.035 57.8637 6
    endloop
  endfacet
  facet normal 0.130564 0.99144 0
    outer loop
      vertex 174 58 6
      vertex 175.035 57.8637 2
      vertex 174 58 2
    endloop
  endfacet
  facet normal 0.382589 0.923919 -0
    outer loop
      vertex 176 57.4641 2
      vertex 175.035 57.8637 6
      vertex 176 57.4641 6
    endloop
  endfacet
  facet normal 0.382589 0.923919 0
    outer loop
      vertex 175.035 57.8637 6
      vertex 176 57.4641 2
      vertex 175.035 57.8637 2
    endloop
  endfacet
  facet normal -0.608974 -0.79319 0
    outer loop
      vertex 171.172 51.1716 2
      vertex 172 50.5359 6
      vertex 171.172 51.1716 6
    endloop
  endfacet
  facet normal -0.608974 -0.79319 -0
    outer loop
      vertex 172 50.5359 6
      vertex 171.172 51.1716 2
      vertex 172 50.5359 2
    endloop
  endfacet
  facet normal 0.793193 0.60897 0
    outer loop
      vertex 177.464 56 6
      vertex 176.828 56.8284 2
      vertex 176.828 56.8284 6
    endloop
  endfacet
  facet normal 0.793193 0.60897 0
    outer loop
      vertex 176.828 56.8284 2
      vertex 177.464 56 6
      vertex 177.464 56 2
    endloop
  endfacet
  facet normal 0.793193 -0.60897 0
    outer loop
      vertex 176.828 51.1716 6
      vertex 177.464 52 2
      vertex 177.464 52 6
    endloop
  endfacet
  facet normal 0.793193 -0.60897 0
    outer loop
      vertex 177.464 52 2
      vertex 176.828 51.1716 6
      vertex 176.828 51.1716 2
    endloop
  endfacet
  facet normal 0.382589 -0.923919 0
    outer loop
      vertex 175.035 50.1363 2
      vertex 176 50.5359 6
      vertex 175.035 50.1363 6
    endloop
  endfacet
  facet normal 0.382589 -0.923919 0
    outer loop
      vertex 176 50.5359 6
      vertex 175.035 50.1363 2
      vertex 176 50.5359 2
    endloop
  endfacet
  facet normal -0.793193 0.60897 0
    outer loop
      vertex 170.536 56 2
      vertex 171.172 56.8284 6
      vertex 171.172 56.8284 2
    endloop
  endfacet
  facet normal -0.793193 0.60897 0
    outer loop
      vertex 171.172 56.8284 6
      vertex 170.536 56 2
      vertex 170.536 56 6
    endloop
  endfacet
  facet normal -0.793193 -0.60897 0
    outer loop
      vertex 171.172 51.1716 2
      vertex 170.536 52 6
      vertex 170.536 52 2
    endloop
  endfacet
  facet normal -0.793193 -0.60897 0
    outer loop
      vertex 170.536 52 6
      vertex 171.172 51.1716 2
      vertex 171.172 51.1716 6
    endloop
  endfacet
  facet normal 0.991482 -0.130244 0
    outer loop
      vertex 177.864 52.9647 6
      vertex 178 54 2
      vertex 178 54 6
    endloop
  endfacet
  facet normal 0.991482 -0.130244 0
    outer loop
      vertex 178 54 2
      vertex 177.864 52.9647 6
      vertex 177.864 52.9647 2
    endloop
  endfacet
  facet normal -0.130564 0.99144 0
    outer loop
      vertex 174 58 2
      vertex 172.965 57.8637 6
      vertex 174 58 6
    endloop
  endfacet
  facet normal -0.130564 0.99144 0
    outer loop
      vertex 172.965 57.8637 6
      vertex 174 58 2
      vertex 172.965 57.8637 2
    endloop
  endfacet
  facet normal -0.923741 -0.383017 0
    outer loop
      vertex 170.536 52 2
      vertex 170.136 52.9647 6
      vertex 170.136 52.9647 2
    endloop
  endfacet
  facet normal -0.923741 -0.383017 0
    outer loop
      vertex 170.136 52.9647 6
      vertex 170.536 52 2
      vertex 170.536 52 6
    endloop
  endfacet
  facet normal -0.991482 -0.130244 0
    outer loop
      vertex 170.136 52.9647 2
      vertex 170 54 6
      vertex 170 54 2
    endloop
  endfacet
  facet normal -0.991482 -0.130244 0
    outer loop
      vertex 170 54 6
      vertex 170.136 52.9647 2
      vertex 170.136 52.9647 6
    endloop
  endfacet
  facet normal 0.923741 -0.383017 0
    outer loop
      vertex 177.464 52 6
      vertex 177.864 52.9647 2
      vertex 177.864 52.9647 6
    endloop
  endfacet
  facet normal 0.923741 -0.383017 0
    outer loop
      vertex 177.864 52.9647 2
      vertex 177.464 52 6
      vertex 177.464 52 2
    endloop
  endfacet
  facet normal -0.382589 -0.923919 0
    outer loop
      vertex 172 50.5359 2
      vertex 172.965 50.1363 6
      vertex 172 50.5359 6
    endloop
  endfacet
  facet normal -0.382589 -0.923919 -0
    outer loop
      vertex 172.965 50.1363 6
      vertex 172 50.5359 2
      vertex 172.965 50.1363 2
    endloop
  endfacet
  facet normal 0 0 1
    outer loop
      vertex 177.864 55.0353 6
      vertex 175.932 54.5176 6
      vertex 176 54 6
    endloop
  endfacet
  facet normal 0 0 1
    outer loop
      vertex 176.828 56.8284 6
      vertex 175.732 55 6
      vertex 175.932 54.5176 6
    endloop
  endfacet
  facet normal 0 0 1
    outer loop
      vertex 176.828 56.8284 6
      vertex 175.414 55.4142 6
      vertex 175.732 55 6
    endloop
  endfacet
  facet normal 0 0 1
    outer loop
      vertex 175 55.732 6
      vertex 176 57.4641 6
      vertex 175.035 57.8637 6
    endloop
  endfacet
  facet normal 0 0 1
    outer loop
      vertex 176 57.4641 6
      vertex 175 55.732 6
      vertex 175.414 55.4142 6
    endloop
  endfacet
  facet normal 0 0 1
    outer loop
      vertex 175.035 57.8637 6
      vertex 174.518 55.9319 6
      vertex 175 55.732 6
    endloop
  endfacet
  facet normal 0 0 1
    outer loop
      vertex 174 58 6
      vertex 174.518 55.9319 6
      vertex 175.035 57.8637 6
    endloop
  endfacet
  facet normal 0 0 1
    outer loop
      vertex 174 58 6
      vertex 174 56 6
      vertex 174.518 55.9319 6
    endloop
  endfacet
  facet normal 0 0 1
    outer loop
      vertex 174 58 6
      vertex 173.482 55.9319 6
      vertex 174 56 6
    endloop
  endfacet
  facet normal -0 0 1
    outer loop
      vertex 172.965 57.8637 6
      vertex 173.482 55.9319 6
      vertex 174 58 6
    endloop
  endfacet
  facet normal 0 0 1
    outer loop
      vertex 173.482 55.9319 6
      vertex 172.965 57.8637 6
      vertex 173 55.732 6
    endloop
  endfacet
  facet normal -0 0 1
    outer loop
      vertex 172 57.4641 6
      vertex 173 55.732 6
      vertex 172.965 57.8637 6
    endloop
  endfacet
  facet normal 0 0 1
    outer loop
      vertex 173 55.732 6
      vertex 172 57.4641 6
      vertex 172.586 55.4142 6
    endloop
  endfacet
  facet normal -0 0 1
    outer loop
      vertex 171.172 56.8284 6
      vertex 172.586 55.4142 6
      vertex 172 57.4641 6
    endloop
  endfacet
  facet normal 0 0 1
    outer loop
      vertex 172.586 55.4142 6
      vertex 171.172 56.8284 6
      vertex 172.268 55 6
    endloop
  endfacet
  facet normal -0 0 1
    outer loop
      vertex 170.536 56 6
      vertex 172.268 55 6
      vertex 171.172 56.8284 6
    endloop
  endfacet
  facet normal 0 0 1
    outer loop
      vertex 172.268 55 6
      vertex 170.536 56 6
      vertex 172.068 54.5176 6
    endloop
  endfacet
  facet normal -0 0 1
    outer loop
      vertex 170.136 55.0353 6
      vertex 172.068 54.5176 6
      vertex 170.536 56 6
    endloop
  endfacet
  facet normal 0 0 1
    outer loop
      vertex 172 54 6
      vertex 171.172 51.1716 6
      vertex 172 50.5359 6
    endloop
  endfacet
  facet normal 0 0 1
    outer loop
      vertex 172.068 54.5176 6
      vertex 170.136 55.0353 6
      vertex 172 54 6
    endloop
  endfacet
  facet normal 0 0 1
    outer loop
      vertex 172 54 6
      vertex 170.536 52 6
      vertex 171.172 51.1716 6
    endloop
  endfacet
  facet normal 0 0 1
    outer loop
      vertex 170 54 6
      vertex 172 54 6
      vertex 170.136 55.0353 6
    endloop
  endfacet
  facet normal 0 0 1
    outer loop
      vertex 172 54 6
      vertex 170.136 52.9647 6
      vertex 170.536 52 6
    endloop
  endfacet
  facet normal 0 0 1
    outer loop
      vertex 172 54 6
      vertex 170 54 6
      vertex 170.136 52.9647 6
    endloop
  endfacet
  facet normal 0 0 1
    outer loop
      vertex 176 54 6
      vertex 178 54 6
      vertex 177.864 55.0353 6
    endloop
  endfacet
  facet normal 0 0 1
    outer loop
      vertex 175.932 54.5176 6
      vertex 177.864 55.0353 6
      vertex 177.464 56 6
    endloop
  endfacet
  facet normal 0 0 1
    outer loop
      vertex 178 54 6
      vertex 176 54 6
      vertex 177.864 52.9647 6
    endloop
  endfacet
  facet normal 0 0 1
    outer loop
      vertex 175.932 54.5176 6
      vertex 177.464 56 6
      vertex 176.828 56.8284 6
    endloop
  endfacet
  facet normal -0 0 1
    outer loop
      vertex 175.932 53.4824 6
      vertex 177.864 52.9647 6
      vertex 176 54 6
    endloop
  endfacet
  facet normal 0 0 1
    outer loop
      vertex 175.414 55.4142 6
      vertex 176.828 56.8284 6
      vertex 176 57.4641 6
    endloop
  endfacet
  facet normal 0 0 1
    outer loop
      vertex 177.864 52.9647 6
      vertex 175.932 53.4824 6
      vertex 177.464 52 6
    endloop
  endfacet
  facet normal -0 0 1
    outer loop
      vertex 175.732 53 6
      vertex 177.464 52 6
      vertex 175.932 53.4824 6
    endloop
  endfacet
  facet normal 0 0 1
    outer loop
      vertex 177.464 52 6
      vertex 175.732 53 6
      vertex 176.828 51.1716 6
    endloop
  endfacet
  facet normal -0 0 1
    outer loop
      vertex 175.414 52.5858 6
      vertex 176.828 51.1716 6
      vertex 175.732 53 6
    endloop
  endfacet
  facet normal 0 0 1
    outer loop
      vertex 176.828 51.1716 6
      vertex 175.414 52.5858 6
      vertex 176 50.5359 6
    endloop
  endfacet
  facet normal -0 0 1
    outer loop
      vertex 175 52.268 6
      vertex 176 50.5359 6
      vertex 175.414 52.5858 6
    endloop
  endfacet
  facet normal 0 0 1
    outer loop
      vertex 176 50.5359 6
      vertex 175 52.268 6
      vertex 175.035 50.1363 6
    endloop
  endfacet
  facet normal -0 0 1
    outer loop
      vertex 174.518 52.0681 6
      vertex 175.035 50.1363 6
      vertex 175 52.268 6
    endloop
  endfacet
  facet normal -0 0 1
    outer loop
      vertex 174 52 6
      vertex 175.035 50.1363 6
      vertex 174.518 52.0681 6
    endloop
  endfacet
  facet normal 0 0 1
    outer loop
      vertex 174 52 6
      vertex 174 50 6
      vertex 175.035 50.1363 6
    endloop
  endfacet
  facet normal 0 0 1
    outer loop
      vertex 173.482 52.0681 6
      vertex 174 50 6
      vertex 174 52 6
    endloop
  endfacet
  facet normal 0 0 1
    outer loop
      vertex 172.965 50.1363 6
      vertex 173.482 52.0681 6
      vertex 173 52.268 6
    endloop
  endfacet
  facet normal 0 0 1
    outer loop
      vertex 173.482 52.0681 6
      vertex 172.965 50.1363 6
      vertex 174 50 6
    endloop
  endfacet
  facet normal 0 0 1
    outer loop
      vertex 172 50.5359 6
      vertex 173 52.268 6
      vertex 172.586 52.5858 6
    endloop
  endfacet
  facet normal 0 0 1
    outer loop
      vertex 172 50.5359 6
      vertex 172.586 52.5858 6
      vertex 172.268 53 6
    endloop
  endfacet
  facet normal 0 0 1
    outer loop
      vertex 172 50.5359 6
      vertex 172.268 53 6
      vertex 172.068 53.4824 6
    endloop
  endfacet
  facet normal 0 0 1
    outer loop
      vertex 173 52.268 6
      vertex 172 50.5359 6
      vertex 172.965 50.1363 6
    endloop
  endfacet
  facet normal 0 0 1
    outer loop
      vertex 172 50.5359 6
      vertex 172.068 53.4824 6
      vertex 172 54 6
    endloop
  endfacet
  facet normal 0.130564 -0.99144 0
    outer loop
      vertex 174 50 2
      vertex 175.035 50.1363 6
      vertex 174 50 6
    endloop
  endfacet
  facet normal 0.130564 -0.99144 0
    outer loop
      vertex 175.035 50.1363 6
      vertex 174 50 2
      vertex 175.035 50.1363 2
    endloop
  endfacet
  facet normal -0.923741 0.383017 0
    outer loop
      vertex 170.136 55.0353 2
      vertex 170.536 56 6
      vertex 170.536 56 2
    endloop
  endfacet
  facet normal -0.923741 0.383017 0
    outer loop
      vertex 170.536 56 6
      vertex 170.136 55.0353 2
      vertex 170.136 55.0353 6
    endloop
  endfacet
  facet normal -0.991482 0.130244 0
    outer loop
      vertex 170 54 2
      vertex 170.136 55.0353 6
      vertex 170.136 55.0353 2
    endloop
  endfacet
  facet normal -0.991482 0.130244 0
    outer loop
      vertex 170.136 55.0353 6
      vertex 170 54 2
      vertex 170 54 6
    endloop
  endfacet
  facet normal 0.99148 -0.130256 0
    outer loop
      vertex 172 54 6
      vertex 172.068 54.5176 2.8
      vertex 172.068 54.5176 6
    endloop
  endfacet
  facet normal 0.99148 -0.130256 0
    outer loop
      vertex 172.068 54.5176 2.8
      vertex 172 54 6
      vertex 172 54 2.8
    endloop
  endfacet
  facet normal -0.923755 -0.382983 0
    outer loop
      vertex 175.932 54.5176 2.8
      vertex 175.732 55 6
      vertex 175.732 55 2.8
    endloop
  endfacet
  facet normal -0.923755 -0.382983 0
    outer loop
      vertex 175.732 55 6
      vertex 175.932 54.5176 2.8
      vertex 175.932 54.5176 6
    endloop
  endfacet
  facet normal -0.99148 -0.130256 0
    outer loop
      vertex 176 54 2.8
      vertex 175.932 54.5176 6
      vertex 175.932 54.5176 2.8
    endloop
  endfacet
  facet normal -0.99148 -0.130256 0
    outer loop
      vertex 175.932 54.5176 6
      vertex 176 54 2.8
      vertex 176 54 6
    endloop
  endfacet
  facet normal -0.793193 -0.60897 0
    outer loop
      vertex 175.732 55 2.8
      vertex 175.414 55.4142 6
      vertex 175.414 55.4142 2.8
    endloop
  endfacet
  facet normal -0.793193 -0.60897 0
    outer loop
      vertex 175.414 55.4142 6
      vertex 175.732 55 2.8
      vertex 175.732 55 6
    endloop
  endfacet
  facet normal -0.99148 0.130256 0
    outer loop
      vertex 175.932 53.4824 2.8
      vertex 176 54 6
      vertex 176 54 2.8
    endloop
  endfacet
  facet normal -0.99148 0.130256 0
    outer loop
      vertex 176 54 6
      vertex 175.932 53.4824 2.8
      vertex 175.932 53.4824 6
    endloop
  endfacet
  facet normal 0 0 1
    outer loop
      vertex 175.932 54.5176 2.8
      vertex 175.932 53.4824 2.8
      vertex 176 54 2.8
    endloop
  endfacet
  facet normal 0 0 1
    outer loop
      vertex 175.732 55 2.8
      vertex 175.932 53.4824 2.8
      vertex 175.932 54.5176 2.8
    endloop
  endfacet
  facet normal 0 0 1
    outer loop
      vertex 175.732 55 2.8
      vertex 175.732 53 2.8
      vertex 175.932 53.4824 2.8
    endloop
  endfacet
  facet normal 0 0 1
    outer loop
      vertex 175.414 55.4142 2.8
      vertex 175.732 53 2.8
      vertex 175.732 55 2.8
    endloop
  endfacet
  facet normal 0 0 1
    outer loop
      vertex 175.414 55.4142 2.8
      vertex 175.414 52.5858 2.8
      vertex 175.732 53 2.8
    endloop
  endfacet
  facet normal 0 0 1
    outer loop
      vertex 175 55.732 2.8
      vertex 175.414 52.5858 2.8
      vertex 175.414 55.4142 2.8
    endloop
  endfacet
  facet normal 0 0 1
    outer loop
      vertex 175 55.732 2.8
      vertex 175 52.268 2.8
      vertex 175.414 52.5858 2.8
    endloop
  endfacet
  facet normal 0 0 1
    outer loop
      vertex 174.518 55.9319 2.8
      vertex 175 52.268 2.8
      vertex 175 55.732 2.8
    endloop
  endfacet
  facet normal 0 0 1
    outer loop
      vertex 174.518 55.9319 2.8
      vertex 174.518 52.0681 2.8
      vertex 175 52.268 2.8
    endloop
  endfacet
  facet normal 0 0 1
    outer loop
      vertex 174 56 2.8
      vertex 174.518 52.0681 2.8
      vertex 174.518 55.9319 2.8
    endloop
  endfacet
  facet normal 0 0 1
    outer loop
      vertex 174 56 2.8
      vertex 174 52 2.8
      vertex 174.518 52.0681 2.8
    endloop
  endfacet
  facet normal -0 0 1
    outer loop
      vertex 173.482 55.9319 2.8
      vertex 174 52 2.8
      vertex 174 56 2.8
    endloop
  endfacet
  facet normal 0 0 1
    outer loop
      vertex 173.482 55.9319 2.8
      vertex 173.482 52.0681 2.8
      vertex 174 52 2.8
    endloop
  endfacet
  facet normal -0 0 1
    outer loop
      vertex 173 55.732 2.8
      vertex 173.482 52.0681 2.8
      vertex 173.482 55.9319 2.8
    endloop
  endfacet
  facet normal 0 0 1
    outer loop
      vertex 173 55.732 2.8
      vertex 173 52.268 2.8
      vertex 173.482 52.0681 2.8
    endloop
  endfacet
  facet normal -0 0 1
    outer loop
      vertex 172.586 55.4142 2.8
      vertex 173 52.268 2.8
      vertex 173 55.732 2.8
    endloop
  endfacet
  facet normal 0 0 1
    outer loop
      vertex 172.586 55.4142 2.8
      vertex 172.586 52.5858 2.8
      vertex 173 52.268 2.8
    endloop
  endfacet
  facet normal -0 0 1
    outer loop
      vertex 172.268 55 2.8
      vertex 172.586 52.5858 2.8
      vertex 172.586 55.4142 2.8
    endloop
  endfacet
  facet normal 0 0 1
    outer loop
      vertex 172.268 55 2.8
      vertex 172.268 53 2.8
      vertex 172.586 52.5858 2.8
    endloop
  endfacet
  facet normal -0 0 1
    outer loop
      vertex 172.068 54.5176 2.8
      vertex 172.268 53 2.8
      vertex 172.268 55 2.8
    endloop
  endfacet
  facet normal 0 0 1
    outer loop
      vertex 172.068 54.5176 2.8
      vertex 172.068 53.4824 2.8
      vertex 172.268 53 2.8
    endloop
  endfacet
  facet normal 0 -0 1
    outer loop
      vertex 172.068 53.4824 2.8
      vertex 172.068 54.5176 2.8
      vertex 172 54 2.8
    endloop
  endfacet
  facet normal -0.130346 0.991469 0
    outer loop
      vertex 174.518 52.0681 2.8
      vertex 174 52 6
      vertex 174.518 52.0681 6
    endloop
  endfacet
  facet normal -0.130346 0.991469 0
    outer loop
      vertex 174 52 6
      vertex 174.518 52.0681 2.8
      vertex 174 52 2.8
    endloop
  endfacet
  facet normal 0.923755 -0.382983 0
    outer loop
      vertex 172.068 54.5176 6
      vertex 172.268 55 2.8
      vertex 172.268 55 6
    endloop
  endfacet
  facet normal 0.923755 -0.382983 0
    outer loop
      vertex 172.268 55 2.8
      vertex 172.068 54.5176 6
      vertex 172.068 54.5176 2.8
    endloop
  endfacet
  facet normal -0.608914 0.793236 0
    outer loop
      vertex 175.414 52.5858 2.8
      vertex 175 52.268 6
      vertex 175.414 52.5858 6
    endloop
  endfacet
  facet normal -0.608914 0.793236 0
    outer loop
      vertex 175 52.268 6
      vertex 175.414 52.5858 2.8
      vertex 175 52.268 2.8
    endloop
  endfacet
  facet normal -0.383091 -0.923711 0
    outer loop
      vertex 174.518 55.9319 2.8
      vertex 175 55.732 6
      vertex 174.518 55.9319 6
    endloop
  endfacet
  facet normal -0.383091 -0.923711 -0
    outer loop
      vertex 175 55.732 6
      vertex 174.518 55.9319 2.8
      vertex 175 55.732 2.8
    endloop
  endfacet
  facet normal 0.793193 -0.60897 0
    outer loop
      vertex 172.268 55 6
      vertex 172.586 55.4142 2.8
      vertex 172.586 55.4142 6
    endloop
  endfacet
  facet normal 0.793193 -0.60897 0
    outer loop
      vertex 172.586 55.4142 2.8
      vertex 172.268 55 6
      vertex 172.268 55 2.8
    endloop
  endfacet
  facet normal 0.923755 0.382983 0
    outer loop
      vertex 172.268 53 6
      vertex 172.068 53.4824 2.8
      vertex 172.068 53.4824 6
    endloop
  endfacet
  facet normal 0.923755 0.382983 0
    outer loop
      vertex 172.068 53.4824 2.8
      vertex 172.268 53 6
      vertex 172.268 53 2.8
    endloop
  endfacet
  facet normal -0.130346 -0.991469 0
    outer loop
      vertex 174 56 2.8
      vertex 174.518 55.9319 6
      vertex 174 56 6
    endloop
  endfacet
  facet normal -0.130346 -0.991469 -0
    outer loop
      vertex 174.518 55.9319 6
      vertex 174 56 2.8
      vertex 174.518 55.9319 2.8
    endloop
  endfacet
  facet normal 0.383091 -0.923711 0
    outer loop
      vertex 173 55.732 2.8
      vertex 173.482 55.9319 6
      vertex 173 55.732 6
    endloop
  endfacet
  facet normal 0.383091 -0.923711 0
    outer loop
      vertex 173.482 55.9319 6
      vertex 173 55.732 2.8
      vertex 173.482 55.9319 2.8
    endloop
  endfacet
  facet normal 0.130346 -0.991469 0
    outer loop
      vertex 173.482 55.9319 2.8
      vertex 174 56 6
      vertex 173.482 55.9319 6
    endloop
  endfacet
  facet normal 0.130346 -0.991469 0
    outer loop
      vertex 174 56 6
      vertex 173.482 55.9319 2.8
      vertex 174 56 2.8
    endloop
  endfacet
  facet normal 0.608914 0.793236 -0
    outer loop
      vertex 173 52.268 2.8
      vertex 172.586 52.5858 6
      vertex 173 52.268 6
    endloop
  endfacet
  facet normal 0.608914 0.793236 0
    outer loop
      vertex 172.586 52.5858 6
      vertex 173 52.268 2.8
      vertex 172.586 52.5858 2.8
    endloop
  endfacet
  facet normal 0.608914 -0.793236 0
    outer loop
      vertex 172.586 55.4142 2.8
      vertex 173 55.732 6
      vertex 172.586 55.4142 6
    endloop
  endfacet
  facet normal 0.608914 -0.793236 0
    outer loop
      vertex 173 55.732 6
      vertex 172.586 55.4142 2.8
      vertex 173 55.732 2.8
    endloop
  endfacet
  facet normal -0.923755 0.382983 0
    outer loop
      vertex 175.732 53 2.8
      vertex 175.932 53.4824 6
      vertex 175.932 53.4824 2.8
    endloop
  endfacet
  facet normal -0.923755 0.382983 0
    outer loop
      vertex 175.932 53.4824 6
      vertex 175.732 53 2.8
      vertex 175.732 53 6
    endloop
  endfacet
  facet normal -0.793193 0.60897 0
    outer loop
      vertex 175.414 52.5858 2.8
      vertex 175.732 53 6
      vertex 175.732 53 2.8
    endloop
  endfacet
  facet normal -0.793193 0.60897 0
    outer loop
      vertex 175.732 53 6
      vertex 175.414 52.5858 2.8
      vertex 175.414 52.5858 6
    endloop
  endfacet
  facet normal -0.608914 -0.793236 0
    outer loop
      vertex 175 55.732 2.8
      vertex 175.414 55.4142 6
      vertex 175 55.732 6
    endloop
  endfacet
  facet normal -0.608914 -0.793236 -0
    outer loop
      vertex 175.414 55.4142 6
      vertex 175 55.732 2.8
      vertex 175.414 55.4142 2.8
    endloop
  endfacet
  facet normal 0.99148 0.130256 0
    outer loop
      vertex 172.068 53.4824 6
      vertex 172 54 2.8
      vertex 172 54 6
    endloop
  endfacet
  facet normal 0.99148 0.130256 0
    outer loop
      vertex 172 54 2.8
      vertex 172.068 53.4824 6
      vertex 172.068 53.4824 2.8
    endloop
  endfacet
  facet normal -0.383091 0.923711 0
    outer loop
      vertex 175 52.268 2.8
      vertex 174.518 52.0681 6
      vertex 175 52.268 6
    endloop
  endfacet
  facet normal -0.383091 0.923711 0
    outer loop
      vertex 174.518 52.0681 6
      vertex 175 52.268 2.8
      vertex 174.518 52.0681 2.8
    endloop
  endfacet
  facet normal 0.793193 0.60897 0
    outer loop
      vertex 172.586 52.5858 6
      vertex 172.268 53 2.8
      vertex 172.268 53 6
    endloop
  endfacet
  facet normal 0.793193 0.60897 0
    outer loop
      vertex 172.268 53 2.8
      vertex 172.586 52.5858 6
      vertex 172.586 52.5858 2.8
    endloop
  endfacet
  facet normal 0.383091 0.923711 -0
    outer loop
      vertex 173.482 52.0681 2.8
      vertex 173 52.268 6
      vertex 173.482 52.0681 6
    endloop
  endfacet
  facet normal 0.383091 0.923711 0
    outer loop
      vertex 173 52.268 6
      vertex 173.482 52.0681 2.8
      vertex 173 52.268 2.8
    endloop
  endfacet
  facet normal 0.130346 0.991469 -0
    outer loop
      vertex 174 52 2.8
      vertex 173.482 52.0681 6
      vertex 174 52 6
    endloop
  endfacet
  facet normal 0.130346 0.991469 0
    outer loop
      vertex 173.482 52.0681 6
      vertex 174 52 2.8
      vertex 173.482 52.0681 2.8
    endloop
  endfacet
  facet normal 1 -0 0
    outer loop
      vertex 126 9 9
      vertex 126 10.6 2
      vertex 126 10.6 9
    endloop
  endfacet
  facet normal 1 0 0
    outer loop
      vertex 126 10.6 2
      vertex 126 9 9
      vertex 126 9 2
    endloop
  endfacet
  facet normal 0 0 1
    outer loop
      vertex 121.6 15 9
      vertex 120 15 9
      vertex 121.6 10.6 9
    endloop
  endfacet
  facet normal -0 0 1
    outer loop
      vertex 121.6 10.6 9
      vertex 126 9 9
      vertex 126 10.6 9
    endloop
  endfacet
  facet normal 0 0 1
    outer loop
      vertex 121.6 10.6 9
      vertex 120 9 9
      vertex 126 9 9
    endloop
  endfacet
  facet normal 0 0 1
    outer loop
      vertex 120 9 9
      vertex 121.6 10.6 9
      vertex 120 15 9
    endloop
  endfacet
  facet normal -1 0 0
    outer loop
      vertex 120 9 2
      vertex 120 15 9
      vertex 120 15 2
    endloop
  endfacet
  facet normal -1 -0 0
    outer loop
      vertex 120 15 9
      vertex 120 9 2
      vertex 120 9 9
    endloop
  endfacet
  facet normal 0 1 0
    outer loop
      vertex 126 10.6 9
      vertex 124.533 10.6 3
      vertex 121.6 10.6 9
    endloop
  endfacet
  facet normal 0 1 -0
    outer loop
      vertex 126 10.6 2
      vertex 124.533 10.6 3
      vertex 126 10.6 9
    endloop
  endfacet
  facet normal 0 1 0
    outer loop
      vertex 124.533 10.6 3
      vertex 126 10.6 2
      vertex 124.533 10.6 2
    endloop
  endfacet
  facet normal 0 1 0
    outer loop
      vertex 121.6 10.6 9
      vertex 124.533 10.6 3
      vertex 121.6 10.6 3
    endloop
  endfacet
  facet normal 0 -1 0
    outer loop
      vertex 120 9 2
      vertex 126 9 9
      vertex 120 9 9
    endloop
  endfacet
  facet normal 0 -1 -0
    outer loop
      vertex 126 9 9
      vertex 120 9 2
      vertex 126 9 2
    endloop
  endfacet
  facet normal 1 0 0
    outer loop
      vertex 121.6 15 9
      vertex 121.6 13.5333 3
      vertex 121.6 15 2
    endloop
  endfacet
  facet normal 1 -0 0
    outer loop
      vertex 121.6 10.6 9
      vertex 121.6 13.5333 3
      vertex 121.6 15 9
    endloop
  endfacet
  facet normal 1 0 0
    outer loop
      vertex 121.6 13.5333 3
      vertex 121.6 10.6 9
      vertex 121.6 10.6 3
    endloop
  endfacet
  facet normal 1 0 0
    outer loop
      vertex 121.6 15 2
      vertex 121.6 13.5333 3
      vertex 121.6 13.5333 2
    endloop
  endfacet
  facet normal 0 1 -0
    outer loop
      vertex 121.6 15 2
      vertex 120 15 9
      vertex 121.6 15 9
    endloop
  endfacet
  facet normal 0 1 0
    outer loop
      vertex 120 15 9
      vertex 121.6 15 2
      vertex 120 15 2
    endloop
  endfacet
  facet normal 1 -0 0
    outer loop
      vertex 126 37.4 9
      vertex 126 39 2
      vertex 126 39 9
    endloop
  endfacet
  facet normal 1 0 0
    outer loop
      vertex 126 39 2
      vertex 126 37.4 9
      vertex 126 37.4 2
    endloop
  endfacet
  facet normal 0 0 1
    outer loop
      vertex 126 39 9
      vertex 121.6 37.4 9
      vertex 126 37.4 9
    endloop
  endfacet
  facet normal -0 0 1
    outer loop
      vertex 120 39 9
      vertex 121.6 37.4 9
      vertex 126 39 9
    endloop
  endfacet
  facet normal 0 0 1
    outer loop
      vertex 120 33 9
      vertex 121.6 37.4 9
      vertex 120 39 9
    endloop
  endfacet
  facet normal 0 0 1
    outer loop
      vertex 121.6 37.4 9
      vertex 120 33 9
      vertex 121.6 33 9
    endloop
  endfacet
  facet normal -1 0 0
    outer loop
      vertex 120 33 2
      vertex 120 39 9
      vertex 120 39 2
    endloop
  endfacet
  facet normal -1 -0 0
    outer loop
      vertex 120 39 9
      vertex 120 33 2
      vertex 120 33 9
    endloop
  endfacet
  facet normal 0 1 -0
    outer loop
      vertex 126 39 2
      vertex 120 39 9
      vertex 126 39 9
    endloop
  endfacet
  facet normal 0 1 0
    outer loop
      vertex 120 39 9
      vertex 126 39 2
      vertex 120 39 2
    endloop
  endfacet
  facet normal 0 -1 0
    outer loop
      vertex 121.6 37.4 2
      vertex 126 37.4 9
      vertex 121.6 37.4 9
    endloop
  endfacet
  facet normal 0 -1 -0
    outer loop
      vertex 126 37.4 9
      vertex 121.6 37.4 2
      vertex 126 37.4 2
    endloop
  endfacet
  facet normal 1 -0 0
    outer loop
      vertex 121.6 33 9
      vertex 121.6 37.4 2
      vertex 121.6 37.4 9
    endloop
  endfacet
  facet normal 1 0 0
    outer loop
      vertex 121.6 37.4 2
      vertex 121.6 33 9
      vertex 121.6 33 2
    endloop
  endfacet
  facet normal 0 -1 0
    outer loop
      vertex 120 33 2
      vertex 121.6 33 9
      vertex 120 33 9
    endloop
  endfacet
  facet normal 0 -1 -0
    outer loop
      vertex 121.6 33 9
      vertex 120 33 2
      vertex 121.6 33 2
    endloop
  endfacet
  facet normal 1 -0 0
    outer loop
      vertex 150 9 9
      vertex 150 15 2
      vertex 150 15 9
    endloop
  endfacet
  facet normal 1 0 0
    outer loop
      vertex 150 15 2
      vertex 150 9 9
      vertex 150 9 2
    endloop
  endfacet
  facet normal 0 0 1
    outer loop
      vertex 148.4 10.6 9
      vertex 150 15 9
      vertex 148.4 15 9
    endloop
  endfacet
  facet normal 0 0 1
    outer loop
      vertex 150 15 9
      vertex 148.4 10.6 9
      vertex 150 9 9
    endloop
  endfacet
  facet normal 0 0 1
    outer loop
      vertex 144 9 9
      vertex 148.4 10.6 9
      vertex 144 10.6 9
    endloop
  endfacet
  facet normal 0 0 1
    outer loop
      vertex 148.4 10.6 9
      vertex 144 9 9
      vertex 150 9 9
    endloop
  endfacet
  facet normal -1 0 0
    outer loop
      vertex 144 9 2
      vertex 144 10.6 9
      vertex 144 10.6 2
    endloop
  endfacet
  facet normal -1 -0 0
    outer loop
      vertex 144 10.6 9
      vertex 144 9 2
      vertex 144 9 9
    endloop
  endfacet
  facet normal 0 1 -0
    outer loop
      vertex 148.4 10.6 2
      vertex 144 10.6 9
      vertex 148.4 10.6 9
    endloop
  endfacet
  facet normal 0 1 0
    outer loop
      vertex 144 10.6 9
      vertex 148.4 10.6 2
      vertex 144 10.6 2
    endloop
  endfacet
  facet normal 0 -1 0
    outer loop
      vertex 144 9 2
      vertex 150 9 9
      vertex 144 9 9
    endloop
  endfacet
  facet normal 0 -1 -0
    outer loop
      vertex 150 9 9
      vertex 144 9 2
      vertex 150 9 2
    endloop
  endfacet
  facet normal -1 0 0
    outer loop
      vertex 148.4 10.6 2
      vertex 148.4 15 9
      vertex 148.4 15 2
    endloop
  endfacet
  facet normal -1 -0 0
    outer loop
      vertex 148.4 15 9
      vertex 148.4 10.6 2
      vertex 148.4 10.6 9
    endloop
  endfacet
  facet normal 0 1 -0
    outer loop
      vertex 150 15 2
      vertex 148.4 15 9
      vertex 150 15 9
    endloop
  endfacet
  facet normal 0 1 0
    outer loop
      vertex 148.4 15 9
      vertex 150 15 2
      vertex 148.4 15 2
    endloop
  endfacet
  facet normal 1 -0 0
    outer loop
      vertex 150 33 9
      vertex 150 39 2
      vertex 150 39 9
    endloop
  endfacet
  facet normal 1 0 0
    outer loop
      vertex 150 39 2
      vertex 150 33 9
      vertex 150 33 2
    endloop
  endfacet
  facet normal 0 0 1
    outer loop
      vertex 150 39 9
      vertex 148.4 37.4 9
      vertex 150 33 9
    endloop
  endfacet
  facet normal -0 0 1
    outer loop
      vertex 144 39 9
      vertex 148.4 37.4 9
      vertex 150 39 9
    endloop
  endfacet
  facet normal 0 0 1
    outer loop
      vertex 148.4 37.4 9
      vertex 144 39 9
      vertex 144 37.4 9
    endloop
  endfacet
  facet normal 0 0 1
    outer loop
      vertex 150 33 9
      vertex 148.4 37.4 9
      vertex 148.4 33 9
    endloop
  endfacet
  facet normal -1 0 0
    outer loop
      vertex 144 37.4 2
      vertex 144 39 9
      vertex 144 39 2
    endloop
  endfacet
  facet normal -1 -0 0
    outer loop
      vertex 144 39 9
      vertex 144 37.4 2
      vertex 144 37.4 9
    endloop
  endfacet
  facet normal 0 1 -0
    outer loop
      vertex 150 39 2
      vertex 144 39 9
      vertex 150 39 9
    endloop
  endfacet
  facet normal 0 1 0
    outer loop
      vertex 144 39 9
      vertex 150 39 2
      vertex 144 39 2
    endloop
  endfacet
  facet normal 0 -1 0
    outer loop
      vertex 144 37.4 9
      vertex 145.467 37.4 3
      vertex 148.4 37.4 9
    endloop
  endfacet
  facet normal 0 -1 0
    outer loop
      vertex 144 37.4 2
      vertex 145.467 37.4 3
      vertex 144 37.4 9
    endloop
  endfacet
  facet normal 0 -1 -0
    outer loop
      vertex 145.467 37.4 3
      vertex 144 37.4 2
      vertex 145.467 37.4 2
    endloop
  endfacet
  facet normal 0 -1 -0
    outer loop
      vertex 148.4 37.4 9
      vertex 145.467 37.4 3
      vertex 148.4 37.4 3
    endloop
  endfacet
  facet normal -1 0 0
    outer loop
      vertex 148.4 34.4667 2
      vertex 148.4 33 2
      vertex 148.4 34.4667 3
    endloop
  endfacet
  facet normal -1 0 0
    outer loop
      vertex 148.4 34.4667 3
      vertex 148.4 37.4 9
      vertex 148.4 37.4 3
    endloop
  endfacet
  facet normal -1 0 0
    outer loop
      vertex 148.4 33 9
      vertex 148.4 34.4667 3
      vertex 148.4 33 2
    endloop
  endfacet
  facet normal -1 0 0
    outer loop
      vertex 148.4 34.4667 3
      vertex 148.4 33 9
      vertex 148.4 37.4 9
    endloop
  endfacet
  facet normal 0 -1 0
    outer loop
      vertex 148.4 33 2
      vertex 150 33 9
      vertex 148.4 33 9
    endloop
  endfacet
  facet normal 0 -1 -0
    outer loop
      vertex 150 33 9
      vertex 148.4 33 2
      vertex 150 33 2
    endloop
  endfacet
  facet normal -0.194922 -0.980819 0
    outer loop
      vertex 124.505 22.5985 2.1
      vertex 124.426 22.6142 3
      vertex 124.426 22.6142 2.1
    endloop
  endfacet
  facet normal -0.19513 -0.980777 -1.89852e-05
    outer loop
      vertex 124.426 22.6142 3
      vertex 124.505 22.5985 2.1
      vertex 125 22.5 3
    endloop
  endfacet
  facet normal -0.195163 -0.980771 0
    outer loop
      vertex 125 22.5 2
      vertex 124.505 22.5985 2.1
      vertex 124.505 22.5985 2
    endloop
  endfacet
  facet normal -0.195163 -0.980771 0
    outer loop
      vertex 124.505 22.5985 2.1
      vertex 125 22.5 2
      vertex 125 22.5 3
    endloop
  endfacet
  facet normal 0.831629 -0.555331 0
    outer loop
      vertex 126.061 22.9393 3
      vertex 126.386 23.426 2.1
      vertex 126.386 23.426 3
    endloop
  endfacet
  facet normal 0.831629 -0.555331 0
    outer loop
      vertex 126.386 23.426 2.1
      vertex 126.061 22.9393 3
      vertex 126.061 22.9393 2.1
    endloop
  endfacet
  facet normal 0.831629 0.555331 0
    outer loop
      vertex 126.386 24.574 3
      vertex 126.061 25.0607 2.1
      vertex 126.061 25.0607 3
    endloop
  endfacet
  facet normal 0.831629 0.555331 0
    outer loop
      vertex 126.061 25.0607 2.1
      vertex 126.386 24.574 3
      vertex 126.386 24.574 2.1
    endloop
  endfacet
  facet normal 0.980843 0.194802 0
    outer loop
      vertex 126.5 24 3
      vertex 126.386 24.574 2.1
      vertex 126.386 24.574 3
    endloop
  endfacet
  facet normal 0.980843 0.194802 0
    outer loop
      vertex 126.386 24.574 2.1
      vertex 126.5 24 3
      vertex 126.5 24 2.1
    endloop
  endfacet
  facet normal 0.555608 0.831444 0
    outer loop
      vertex 125.702 25.3006 2.1
      vertex 126.061 25.0607 3
      vertex 126.061 25.0607 2.1
    endloop
  endfacet
  facet normal 0.555212 0.831709 0.000228468
    outer loop
      vertex 126.061 25.0607 3
      vertex 125.702 25.3006 2.1
      vertex 125.574 25.3858 3
    endloop
  endfacet
  facet normal 0.5541 0.83245 0
    outer loop
      vertex 125.574 25.3858 2
      vertex 125.702 25.3006 2.1
      vertex 125.702 25.3006 2
    endloop
  endfacet
  facet normal 0.5541 0.83245 0
    outer loop
      vertex 125.702 25.3006 2.1
      vertex 125.574 25.3858 2
      vertex 125.574 25.3858 3
    endloop
  endfacet
  facet normal 0.19513 0.980777 -0
    outer loop
      vertex 125.574 25.3858 2
      vertex 125 25.5 3
      vertex 125.574 25.3858 3
    endloop
  endfacet
  facet normal 0.19513 0.980777 0
    outer loop
      vertex 125 25.5 3
      vertex 125.574 25.3858 2
      vertex 125 25.5 2
    endloop
  endfacet
  facet normal -0.980843 -0.194802 0
    outer loop
      vertex 123.614 23.426 2.1
      vertex 123.5 24 3
      vertex 123.5 24 2.1
    endloop
  endfacet
  facet normal -0.980843 -0.194802 0
    outer loop
      vertex 123.5 24 3
      vertex 123.614 23.426 2.1
      vertex 123.614 23.426 3
    endloop
  endfacet
  facet normal 0.555212 -0.831709 0.000228468
    outer loop
      vertex 125.574 22.6142 3
      vertex 125.702 22.6994 2.1
      vertex 126.061 22.9393 3
    endloop
  endfacet
  facet normal 0.5541 -0.83245 0
    outer loop
      vertex 125.574 22.6142 2
      vertex 125.702 22.6994 2.1
      vertex 125.574 22.6142 3
    endloop
  endfacet
  facet normal 0.5541 -0.83245 0
    outer loop
      vertex 125.702 22.6994 2.1
      vertex 125.574 22.6142 2
      vertex 125.702 22.6994 2
    endloop
  endfacet
  facet normal 0.555608 -0.831444 0
    outer loop
      vertex 126.061 22.9393 3
      vertex 125.702 22.6994 2.1
      vertex 126.061 22.9393 2.1
    endloop
  endfacet
  facet normal -0.831629 0.555331 0
    outer loop
      vertex 123.614 24.574 2.1
      vertex 123.939 25.0607 3
      vertex 123.939 25.0607 2.1
    endloop
  endfacet
  facet normal -0.831629 0.555331 0
    outer loop
      vertex 123.939 25.0607 3
      vertex 123.614 24.574 2.1
      vertex 123.614 24.574 3
    endloop
  endfacet
  facet normal -0.19513 0.980777 -1.89852e-05
    outer loop
      vertex 125 25.5 3
      vertex 124.505 25.4015 2.1
      vertex 124.426 25.3858 3
    endloop
  endfacet
  facet normal -0.195163 0.980771 0
    outer loop
      vertex 125 25.5 2
      vertex 124.505 25.4015 2.1
      vertex 125 25.5 3
    endloop
  endfacet
  facet normal -0.195163 0.980771 0
    outer loop
      vertex 124.505 25.4015 2.1
      vertex 125 25.5 2
      vertex 124.505 25.4015 2
    endloop
  endfacet
  facet normal -0.194922 0.980819 0
    outer loop
      vertex 124.426 25.3858 3
      vertex 124.505 25.4015 2.1
      vertex 124.426 25.3858 2.1
    endloop
  endfacet
  facet normal -0.555212 0.831709 0
    outer loop
      vertex 124.426 25.3858 2.1
      vertex 123.939 25.0607 3
      vertex 124.426 25.3858 3
    endloop
  endfacet
  facet normal -0.555212 0.831709 0
    outer loop
      vertex 123.939 25.0607 3
      vertex 124.426 25.3858 2.1
      vertex 123.939 25.0607 2.1
    endloop
  endfacet
  facet normal 0.980843 -0.194802 0
    outer loop
      vertex 126.386 23.426 3
      vertex 126.5 24 2.1
      vertex 126.5 24 3
    endloop
  endfacet
  facet normal 0.980843 -0.194802 0
    outer loop
      vertex 126.5 24 2.1
      vertex 126.386 23.426 3
      vertex 126.386 23.426 2.1
    endloop
  endfacet
  facet normal 0 0 1
    outer loop
      vertex 126.386 24.574 3
      vertex 126.386 23.426 3
      vertex 126.5 24 3
    endloop
  endfacet
  facet normal 0 0 1
    outer loop
      vertex 126.061 25.0607 3
      vertex 126.386 23.426 3
      vertex 126.386 24.574 3
    endloop
  endfacet
  facet normal 0 0 1
    outer loop
      vertex 126.061 25.0607 3
      vertex 126.061 22.9393 3
      vertex 126.386 23.426 3
    endloop
  endfacet
  facet normal 0 0 1
    outer loop
      vertex 125.574 25.3858 3
      vertex 126.061 22.9393 3
      vertex 126.061 25.0607 3
    endloop
  endfacet
  facet normal 0 0 1
    outer loop
      vertex 125.574 25.3858 3
      vertex 125.574 22.6142 3
      vertex 126.061 22.9393 3
    endloop
  endfacet
  facet normal 0 0 1
    outer loop
      vertex 125 25.5 3
      vertex 125.574 22.6142 3
      vertex 125.574 25.3858 3
    endloop
  endfacet
  facet normal 0 0 1
    outer loop
      vertex 125 25.5 3
      vertex 125 22.5 3
      vertex 125.574 22.6142 3
    endloop
  endfacet
  facet normal -0 0 1
    outer loop
      vertex 124.426 25.3858 3
      vertex 125 22.5 3
      vertex 125 25.5 3
    endloop
  endfacet
  facet normal 0 0 1
    outer loop
      vertex 124.426 25.3858 3
      vertex 124.426 22.6142 3
      vertex 125 22.5 3
    endloop
  endfacet
  facet normal -0 0 1
    outer loop
      vertex 123.939 25.0607 3
      vertex 124.426 22.6142 3
      vertex 124.426 25.3858 3
    endloop
  endfacet
  facet normal 0 0 1
    outer loop
      vertex 123.939 25.0607 3
      vertex 123.939 22.9393 3
      vertex 124.426 22.6142 3
    endloop
  endfacet
  facet normal -0 0 1
    outer loop
      vertex 123.614 24.574 3
      vertex 123.939 22.9393 3
      vertex 123.939 25.0607 3
    endloop
  endfacet
  facet normal 0 0 1
    outer loop
      vertex 123.614 24.574 3
      vertex 123.614 23.426 3
      vertex 123.939 22.9393 3
    endloop
  endfacet
  facet normal 0 -0 1
    outer loop
      vertex 123.614 23.426 3
      vertex 123.614 24.574 3
      vertex 123.5 24 3
    endloop
  endfacet
  facet normal -0.980843 0.194802 0
    outer loop
      vertex 123.5 24 2.1
      vertex 123.614 24.574 3
      vertex 123.614 24.574 2.1
    endloop
  endfacet
  facet normal -0.980843 0.194802 0
    outer loop
      vertex 123.614 24.574 3
      vertex 123.5 24 2.1
      vertex 123.5 24 3
    endloop
  endfacet
  facet normal -0.831629 -0.555331 0
    outer loop
      vertex 123.939 22.9393 2.1
      vertex 123.614 23.426 3
      vertex 123.614 23.426 2.1
    endloop
  endfacet
  facet normal -0.831629 -0.555331 0
    outer loop
      vertex 123.614 23.426 3
      vertex 123.939 22.9393 2.1
      vertex 123.939 22.9393 3
    endloop
  endfacet
  facet normal 0.19513 -0.980777 0
    outer loop
      vertex 125 22.5 2
      vertex 125.574 22.6142 3
      vertex 125 22.5 3
    endloop
  endfacet
  facet normal 0.19513 -0.980777 0
    outer loop
      vertex 125.574 22.6142 3
      vertex 125 22.5 2
      vertex 125.574 22.6142 2
    endloop
  endfacet
  facet normal -0.555212 -0.831709 0
    outer loop
      vertex 123.939 22.9393 2.1
      vertex 124.426 22.6142 3
      vertex 123.939 22.9393 3
    endloop
  endfacet
  facet normal -0.555212 -0.831709 -0
    outer loop
      vertex 124.426 22.6142 3
      vertex 123.939 22.9393 2.1
      vertex 124.426 22.6142 2.1
    endloop
  endfacet
  facet normal -0.19513 -0.980777 0
    outer loop
      vertex 144.426 22.6142 2
      vertex 145 22.5 3
      vertex 144.426 22.6142 3
    endloop
  endfacet
  facet normal -0.19513 -0.980777 -0
    outer loop
      vertex 145 22.5 3
      vertex 144.426 22.6142 2
      vertex 145 22.5 2
    endloop
  endfacet
  facet normal 0.831629 -0.555331 0
    outer loop
      vertex 146.061 22.9393 3
      vertex 146.386 23.426 2.1
      vertex 146.386 23.426 3
    endloop
  endfacet
  facet normal 0.831629 -0.555331 0
    outer loop
      vertex 146.386 23.426 2.1
      vertex 146.061 22.9393 3
      vertex 146.061 22.9393 2.1
    endloop
  endfacet
  facet normal 0.831629 0.555331 0
    outer loop
      vertex 146.386 24.574 3
      vertex 146.061 25.0607 2.1
      vertex 146.061 25.0607 3
    endloop
  endfacet
  facet normal 0.831629 0.555331 0
    outer loop
      vertex 146.061 25.0607 2.1
      vertex 146.386 24.574 3
      vertex 146.386 24.574 2.1
    endloop
  endfacet
  facet normal 0.980843 0.194802 0
    outer loop
      vertex 146.5 24 3
      vertex 146.386 24.574 2.1
      vertex 146.386 24.574 3
    endloop
  endfacet
  facet normal 0.980843 0.194802 0
    outer loop
      vertex 146.386 24.574 2.1
      vertex 146.5 24 3
      vertex 146.5 24 2.1
    endloop
  endfacet
  facet normal 0.555212 0.831709 -0
    outer loop
      vertex 146.061 25.0607 2.1
      vertex 145.574 25.3858 3
      vertex 146.061 25.0607 3
    endloop
  endfacet
  facet normal 0.555212 0.831709 0
    outer loop
      vertex 145.574 25.3858 3
      vertex 146.061 25.0607 2.1
      vertex 145.574 25.3858 2.1
    endloop
  endfacet
  facet normal 0.194922 0.980819 0
    outer loop
      vertex 145.495 25.4015 2.1
      vertex 145.574 25.3858 3
      vertex 145.574 25.3858 2.1
    endloop
  endfacet
  facet normal 0.19513 0.980777 -1.89852e-05
    outer loop
      vertex 145.574 25.3858 3
      vertex 145.495 25.4015 2.1
      vertex 145 25.5 3
    endloop
  endfacet
  facet normal 0.195163 0.980771 0
    outer loop
      vertex 145 25.5 2
      vertex 145.495 25.4015 2.1
      vertex 145.495 25.4015 2
    endloop
  endfacet
  facet normal 0.195163 0.980771 0
    outer loop
      vertex 145.495 25.4015 2.1
      vertex 145 25.5 2
      vertex 145 25.5 3
    endloop
  endfacet
  facet normal -0.980843 -0.194802 0
    outer loop
      vertex 143.614 23.426 2.1
      vertex 143.5 24 3
      vertex 143.5 24 2.1
    endloop
  endfacet
  facet normal -0.980843 -0.194802 0
    outer loop
      vertex 143.5 24 3
      vertex 143.614 23.426 2.1
      vertex 143.614 23.426 3
    endloop
  endfacet
  facet normal 0.555212 -0.831709 0
    outer loop
      vertex 145.574 22.6142 2.1
      vertex 146.061 22.9393 3
      vertex 145.574 22.6142 3
    endloop
  endfacet
  facet normal 0.555212 -0.831709 0
    outer loop
      vertex 146.061 22.9393 3
      vertex 145.574 22.6142 2.1
      vertex 146.061 22.9393 2.1
    endloop
  endfacet
  facet normal -0.831629 0.555331 0
    outer loop
      vertex 143.614 24.574 2.1
      vertex 143.939 25.0607 3
      vertex 143.939 25.0607 2.1
    endloop
  endfacet
  facet normal -0.831629 0.555331 0
    outer loop
      vertex 143.939 25.0607 3
      vertex 143.614 24.574 2.1
      vertex 143.614 24.574 3
    endloop
  endfacet
  facet normal -0.19513 0.980777 0
    outer loop
      vertex 145 25.5 2
      vertex 144.426 25.3858 3
      vertex 145 25.5 3
    endloop
  endfacet
  facet normal -0.19513 0.980777 0
    outer loop
      vertex 144.426 25.3858 3
      vertex 145 25.5 2
      vertex 144.426 25.3858 2
    endloop
  endfacet
  facet normal -0.555212 0.831709 0.000228468
    outer loop
      vertex 144.426 25.3858 3
      vertex 144.298 25.3006 2.1
      vertex 143.939 25.0607 3
    endloop
  endfacet
  facet normal -0.5541 0.83245 0
    outer loop
      vertex 144.426 25.3858 2
      vertex 144.298 25.3006 2.1
      vertex 144.426 25.3858 3
    endloop
  endfacet
  facet normal -0.5541 0.83245 0
    outer loop
      vertex 144.298 25.3006 2.1
      vertex 144.426 25.3858 2
      vertex 144.298 25.3006 2
    endloop
  endfacet
  facet normal -0.555608 0.831444 0
    outer loop
      vertex 143.939 25.0607 3
      vertex 144.298 25.3006 2.1
      vertex 143.939 25.0607 2.1
    endloop
  endfacet
  facet normal 0.980843 -0.194802 0
    outer loop
      vertex 146.386 23.426 3
      vertex 146.5 24 2.1
      vertex 146.5 24 3
    endloop
  endfacet
  facet normal 0.980843 -0.194802 0
    outer loop
      vertex 146.5 24 2.1
      vertex 146.386 23.426 3
      vertex 146.386 23.426 2.1
    endloop
  endfacet
  facet normal 0 0 1
    outer loop
      vertex 146.386 24.574 3
      vertex 146.386 23.426 3
      vertex 146.5 24 3
    endloop
  endfacet
  facet normal 0 0 1
    outer loop
      vertex 146.061 25.0607 3
      vertex 146.386 23.426 3
      vertex 146.386 24.574 3
    endloop
  endfacet
  facet normal 0 0 1
    outer loop
      vertex 146.061 25.0607 3
      vertex 146.061 22.9393 3
      vertex 146.386 23.426 3
    endloop
  endfacet
  facet normal 0 0 1
    outer loop
      vertex 145.574 25.3858 3
      vertex 146.061 22.9393 3
      vertex 146.061 25.0607 3
    endloop
  endfacet
  facet normal 0 0 1
    outer loop
      vertex 145.574 25.3858 3
      vertex 145.574 22.6142 3
      vertex 146.061 22.9393 3
    endloop
  endfacet
  facet normal 0 0 1
    outer loop
      vertex 145 25.5 3
      vertex 145.574 22.6142 3
      vertex 145.574 25.3858 3
    endloop
  endfacet
  facet normal 0 0 1
    outer loop
      vertex 145 25.5 3
      vertex 145 22.5 3
      vertex 145.574 22.6142 3
    endloop
  endfacet
  facet normal -0 0 1
    outer loop
      vertex 144.426 25.3858 3
      vertex 145 22.5 3
      vertex 145 25.5 3
    endloop
  endfacet
  facet normal 0 0 1
    outer loop
      vertex 144.426 25.3858 3
      vertex 144.426 22.6142 3
      vertex 145 22.5 3
    endloop
  endfacet
  facet normal -0 0 1
    outer loop
      vertex 143.939 25.0607 3
      vertex 144.426 22.6142 3
      vertex 144.426 25.3858 3
    endloop
  endfacet
  facet normal 0 0 1
    outer loop
      vertex 143.939 25.0607 3
      vertex 143.939 22.9393 3
      vertex 144.426 22.6142 3
    endloop
  endfacet
  facet normal -0 0 1
    outer loop
      vertex 143.614 24.574 3
      vertex 143.939 22.9393 3
      vertex 143.939 25.0607 3
    endloop
  endfacet
  facet normal 0 0 1
    outer loop
      vertex 143.614 24.574 3
      vertex 143.614 23.426 3
      vertex 143.939 22.9393 3
    endloop
  endfacet
  facet normal 0 -0 1
    outer loop
      vertex 143.614 23.426 3
      vertex 143.614 24.574 3
      vertex 143.5 24 3
    endloop
  endfacet
  facet normal -0.980843 0.194802 0
    outer loop
      vertex 143.5 24 2.1
      vertex 143.614 24.574 3
      vertex 143.614 24.574 2.1
    endloop
  endfacet
  facet normal -0.980843 0.194802 0
    outer loop
      vertex 143.614 24.574 3
      vertex 143.5 24 2.1
      vertex 143.5 24 3
    endloop
  endfacet
  facet normal -0.831629 -0.555331 0
    outer loop
      vertex 143.939 22.9393 2.1
      vertex 143.614 23.426 3
      vertex 143.614 23.426 2.1
    endloop
  endfacet
  facet normal -0.831629 -0.555331 0
    outer loop
      vertex 143.614 23.426 3
      vertex 143.939 22.9393 2.1
      vertex 143.939 22.9393 3
    endloop
  endfacet
  facet normal 0.19513 -0.980777 -1.89852e-05
    outer loop
      vertex 145 22.5 3
      vertex 145.495 22.5985 2.1
      vertex 145.574 22.6142 3
    endloop
  endfacet
  facet normal 0.195163 -0.980771 0
    outer loop
      vertex 145 22.5 2
      vertex 145.495 22.5985 2.1
      vertex 145 22.5 3
    endloop
  endfacet
  facet normal 0.195163 -0.980771 0
    outer loop
      vertex 145.495 22.5985 2.1
      vertex 145 22.5 2
      vertex 145.495 22.5985 2
    endloop
  endfacet
  facet normal 0.194922 -0.980819 0
    outer loop
      vertex 145.574 22.6142 3
      vertex 145.495 22.5985 2.1
      vertex 145.574 22.6142 2.1
    endloop
  endfacet
  facet normal -0.555608 -0.831444 0
    outer loop
      vertex 144.298 22.6994 2.1
      vertex 143.939 22.9393 3
      vertex 143.939 22.9393 2.1
    endloop
  endfacet
  facet normal -0.555212 -0.831709 0.000228468
    outer loop
      vertex 143.939 22.9393 3
      vertex 144.298 22.6994 2.1
      vertex 144.426 22.6142 3
    endloop
  endfacet
  facet normal -0.5541 -0.83245 0
    outer loop
      vertex 144.426 22.6142 2
      vertex 144.298 22.6994 2.1
      vertex 144.298 22.6994 2
    endloop
  endfacet
  facet normal -0.5541 -0.83245 0
    outer loop
      vertex 144.298 22.6994 2.1
      vertex 144.426 22.6142 2
      vertex 144.426 22.6142 3
    endloop
  endfacet
  facet normal 0.891177 0.453657 0
    outer loop
      vertex 124.997 12.6489 3
      vertex 124.699 13.2343 2
      vertex 124.699 13.2343 3
    endloop
  endfacet
  facet normal 0.891177 0.453657 0
    outer loop
      vertex 124.699 13.2343 2
      vertex 124.997 12.6489 3
      vertex 124.997 12.6489 2
    endloop
  endfacet
  facet normal 0.987636 0.156768 0
    outer loop
      vertex 125.1 12 3
      vertex 124.997 12.6489 2
      vertex 124.997 12.6489 3
    endloop
  endfacet
  facet normal 0.987636 0.156768 0
    outer loop
      vertex 124.997 12.6489 2
      vertex 125.1 12 3
      vertex 125.1 12 2
    endloop
  endfacet
  facet normal 0.706802 0.707411 -0
    outer loop
      vertex 124.699 13.2343 2
      vertex 124.234 13.6989 3
      vertex 124.699 13.2343 3
    endloop
  endfacet
  facet normal 0.706802 0.707411 0
    outer loop
      vertex 124.234 13.6989 3
      vertex 124.699 13.2343 2
      vertex 124.234 13.6989 2
    endloop
  endfacet
  facet normal 0.156447 0.987686 -0
    outer loop
      vertex 123.649 13.9972 2
      vertex 123 14.1 3
      vertex 123.649 13.9972 3
    endloop
  endfacet
  facet normal 0.156447 0.987686 0
    outer loop
      vertex 123 14.1 3
      vertex 123.649 13.9972 2
      vertex 123 14.1 2
    endloop
  endfacet
  facet normal 0.454266 0.890866 -0
    outer loop
      vertex 124.234 13.6989 2
      vertex 123.649 13.9972 3
      vertex 124.234 13.6989 3
    endloop
  endfacet
  facet normal 0.454266 0.890866 0
    outer loop
      vertex 123.649 13.9972 3
      vertex 124.234 13.6989 2
      vertex 123.649 13.9972 2
    endloop
  endfacet
  facet normal -0.454266 0.890866 0
    outer loop
      vertex 122.351 13.9972 2
      vertex 121.766 13.6989 3
      vertex 122.351 13.9972 3
    endloop
  endfacet
  facet normal -0.454266 0.890866 0
    outer loop
      vertex 121.766 13.6989 3
      vertex 122.351 13.9972 2
      vertex 121.766 13.6989 2
    endloop
  endfacet
  facet normal 0.706467 -0.707746 0
    outer loop
      vertex 124.533 10.6 2
      vertex 124.699 10.7657 3
      vertex 124.533 10.6 3
    endloop
  endfacet
  facet normal 0.706467 -0.707746 0
    outer loop
      vertex 124.699 10.7657 3
      vertex 124.533 10.6 2
      vertex 124.699 10.7657 2
    endloop
  endfacet
  facet normal -0.156447 0.987686 0
    outer loop
      vertex 123 14.1 2
      vertex 122.351 13.9972 3
      vertex 123 14.1 3
    endloop
  endfacet
  facet normal -0.156447 0.987686 0
    outer loop
      vertex 122.351 13.9972 3
      vertex 123 14.1 2
      vertex 122.351 13.9972 2
    endloop
  endfacet
  facet normal -0.706253 0.707959 0
    outer loop
      vertex 121.766 13.6989 2
      vertex 121.6 13.5333 3
      vertex 121.766 13.6989 3
    endloop
  endfacet
  facet normal -0.706253 0.707959 0
    outer loop
      vertex 121.6 13.5333 3
      vertex 121.766 13.6989 2
      vertex 121.6 13.5333 2
    endloop
  endfacet
  facet normal 0 0 1
    outer loop
      vertex 124.997 12.6489 3
      vertex 124.046 12.3399 3
      vertex 124.1 12 3
    endloop
  endfacet
  facet normal 0 0 1
    outer loop
      vertex 124.699 13.2343 3
      vertex 123.89 12.6466 3
      vertex 124.046 12.3399 3
    endloop
  endfacet
  facet normal 0 0 1
    outer loop
      vertex 123.647 12.8899 3
      vertex 124.234 13.6989 3
      vertex 123.649 13.9972 3
    endloop
  endfacet
  facet normal 0 0 1
    outer loop
      vertex 124.234 13.6989 3
      vertex 123.647 12.8899 3
      vertex 123.89 12.6466 3
    endloop
  endfacet
  facet normal 0 0 1
    outer loop
      vertex 123.649 13.9972 3
      vertex 123.34 13.0462 3
      vertex 123.647 12.8899 3
    endloop
  endfacet
  facet normal 0 0 1
    outer loop
      vertex 123 14.1 3
      vertex 123.34 13.0462 3
      vertex 123.649 13.9972 3
    endloop
  endfacet
  facet normal 0 0 1
    outer loop
      vertex 123 14.1 3
      vertex 123 13.1 3
      vertex 123.34 13.0462 3
    endloop
  endfacet
  facet normal 0 0 1
    outer loop
      vertex 123 14.1 3
      vertex 122.66 13.0462 3
      vertex 123 13.1 3
    endloop
  endfacet
  facet normal -0 0 1
    outer loop
      vertex 122.351 13.9972 3
      vertex 122.66 13.0462 3
      vertex 123 14.1 3
    endloop
  endfacet
  facet normal 0 0 1
    outer loop
      vertex 122.66 13.0462 3
      vertex 122.351 13.9972 3
      vertex 122.353 12.8899 3
    endloop
  endfacet
  facet normal -0 0 1
    outer loop
      vertex 121.766 13.6989 3
      vertex 122.353 12.8899 3
      vertex 122.351 13.9972 3
    endloop
  endfacet
  facet normal -0 0 1
    outer loop
      vertex 121.6 13.5333 3
      vertex 122.353 12.8899 3
      vertex 121.766 13.6989 3
    endloop
  endfacet
  facet normal 0 0 1
    outer loop
      vertex 122.11 12.6466 3
      vertex 121.6 13.5333 3
      vertex 121.954 12.3399 3
    endloop
  endfacet
  facet normal 0 0 1
    outer loop
      vertex 122.353 12.8899 3
      vertex 121.6 13.5333 3
      vertex 122.11 12.6466 3
    endloop
  endfacet
  facet normal 0 0 1
    outer loop
      vertex 124.1 12 3
      vertex 125.1 12 3
      vertex 124.997 12.6489 3
    endloop
  endfacet
  facet normal 0 0 1
    outer loop
      vertex 124.046 12.3399 3
      vertex 124.997 12.6489 3
      vertex 124.699 13.2343 3
    endloop
  endfacet
  facet normal 0 0 1
    outer loop
      vertex 125.1 12 3
      vertex 124.1 12 3
      vertex 124.997 11.3511 3
    endloop
  endfacet
  facet normal -0 0 1
    outer loop
      vertex 124.046 11.6601 3
      vertex 124.997 11.3511 3
      vertex 124.1 12 3
    endloop
  endfacet
  facet normal 0 0 1
    outer loop
      vertex 123.89 12.6466 3
      vertex 124.699 13.2343 3
      vertex 124.234 13.6989 3
    endloop
  endfacet
  facet normal 0 0 1
    outer loop
      vertex 124.997 11.3511 3
      vertex 124.046 11.6601 3
      vertex 124.699 10.7657 3
    endloop
  endfacet
  facet normal -0 0 1
    outer loop
      vertex 123.89 11.3534 3
      vertex 124.699 10.7657 3
      vertex 124.046 11.6601 3
    endloop
  endfacet
  facet normal 0 0 1
    outer loop
      vertex 124.699 10.7657 3
      vertex 123.89 11.3534 3
      vertex 124.533 10.6 3
    endloop
  endfacet
  facet normal -0 0 1
    outer loop
      vertex 123.647 11.1101 3
      vertex 124.533 10.6 3
      vertex 123.89 11.3534 3
    endloop
  endfacet
  facet normal -0 0 1
    outer loop
      vertex 123.34 10.9538 3
      vertex 124.533 10.6 3
      vertex 123.647 11.1101 3
    endloop
  endfacet
  facet normal -0 0 1
    outer loop
      vertex 123 10.9 3
      vertex 124.533 10.6 3
      vertex 123.34 10.9538 3
    endloop
  endfacet
  facet normal 0 0 1
    outer loop
      vertex 121.6 10.6 3
      vertex 123 10.9 3
      vertex 122.66 10.9538 3
    endloop
  endfacet
  facet normal 0 0 1
    outer loop
      vertex 121.954 12.3399 3
      vertex 121.6 13.5333 3
      vertex 121.9 12 3
    endloop
  endfacet
  facet normal 0 0 1
    outer loop
      vertex 121.6 10.6 3
      vertex 121.9 12 3
      vertex 121.6 13.5333 3
    endloop
  endfacet
  facet normal 0 0 1
    outer loop
      vertex 123 10.9 3
      vertex 121.6 10.6 3
      vertex 124.533 10.6 3
    endloop
  endfacet
  facet normal 0 0 1
    outer loop
      vertex 122.353 11.1101 3
      vertex 121.6 10.6 3
      vertex 122.66 10.9538 3
    endloop
  endfacet
  facet normal 0 0 1
    outer loop
      vertex 122.11 11.3534 3
      vertex 121.6 10.6 3
      vertex 122.353 11.1101 3
    endloop
  endfacet
  facet normal 0 0 1
    outer loop
      vertex 121.954 11.6601 3
      vertex 121.6 10.6 3
      vertex 122.11 11.3534 3
    endloop
  endfacet
  facet normal 0 0 1
    outer loop
      vertex 121.9 12 3
      vertex 121.6 10.6 3
      vertex 121.954 11.6601 3
    endloop
  endfacet
  facet normal 0.891177 -0.453657 0
    outer loop
      vertex 124.699 10.7657 3
      vertex 124.997 11.3511 2
      vertex 124.997 11.3511 3
    endloop
  endfacet
  facet normal 0.891177 -0.453657 0
    outer loop
      vertex 124.997 11.3511 2
      vertex 124.699 10.7657 3
      vertex 124.699 10.7657 2
    endloop
  endfacet
  facet normal 0.987636 -0.156768 0
    outer loop
      vertex 124.997 11.3511 3
      vertex 125.1 12 2
      vertex 125.1 12 3
    endloop
  endfacet
  facet normal 0.987636 -0.156768 0
    outer loop
      vertex 125.1 12 2
      vertex 124.997 11.3511 3
      vertex 124.997 11.3511 2
    endloop
  endfacet
  facet normal -0.891325 -0.453364 0
    outer loop
      vertex 124.046 12.3399 2
      vertex 123.89 12.6466 3
      vertex 123.89 12.6466 2
    endloop
  endfacet
  facet normal -0.891325 -0.453364 0
    outer loop
      vertex 123.89 12.6466 3
      vertex 124.046 12.3399 2
      vertex 124.046 12.3399 3
    endloop
  endfacet
  facet normal -0.987614 -0.156903 0
    outer loop
      vertex 124.1 12 2
      vertex 124.046 12.3399 3
      vertex 124.046 12.3399 2
    endloop
  endfacet
  facet normal -0.987614 -0.156903 0
    outer loop
      vertex 124.046 12.3399 3
      vertex 124.1 12 2
      vertex 124.1 12 3
    endloop
  endfacet
  facet normal -0.707543 -0.70667 0
    outer loop
      vertex 123.89 12.6466 2
      vertex 123.647 12.8899 3
      vertex 123.647 12.8899 2
    endloop
  endfacet
  facet normal -0.707543 -0.70667 0
    outer loop
      vertex 123.647 12.8899 3
      vertex 123.89 12.6466 2
      vertex 123.89 12.6466 3
    endloop
  endfacet
  facet normal -0.156291 -0.987711 0
    outer loop
      vertex 123 13.1 2
      vertex 123.34 13.0462 3
      vertex 123 13.1 3
    endloop
  endfacet
  facet normal -0.156291 -0.987711 -0
    outer loop
      vertex 123.34 13.0462 3
      vertex 123 13.1 2
      vertex 123.34 13.0462 2
    endloop
  endfacet
  facet normal -0.453704 -0.891152 0
    outer loop
      vertex 123.34 13.0462 2
      vertex 123.647 12.8899 3
      vertex 123.34 13.0462 3
    endloop
  endfacet
  facet normal -0.453704 -0.891152 -0
    outer loop
      vertex 123.647 12.8899 3
      vertex 123.34 13.0462 2
      vertex 123.647 12.8899 2
    endloop
  endfacet
  facet normal 0.453704 -0.891152 0
    outer loop
      vertex 122.353 12.8899 2
      vertex 122.66 13.0462 3
      vertex 122.353 12.8899 3
    endloop
  endfacet
  facet normal 0.453704 -0.891152 0
    outer loop
      vertex 122.66 13.0462 3
      vertex 122.353 12.8899 2
      vertex 122.66 13.0462 2
    endloop
  endfacet
  facet normal 0.156291 0.987711 -0
    outer loop
      vertex 123 10.9 2
      vertex 122.66 10.9538 3
      vertex 123 10.9 3
    endloop
  endfacet
  facet normal 0.156291 0.987711 0
    outer loop
      vertex 122.66 10.9538 3
      vertex 123 10.9 2
      vertex 122.66 10.9538 2
    endloop
  endfacet
  facet normal -0.707543 0.70667 0
    outer loop
      vertex 123.647 11.1101 2
      vertex 123.89 11.3534 3
      vertex 123.89 11.3534 2
    endloop
  endfacet
  facet normal -0.707543 0.70667 0
    outer loop
      vertex 123.89 11.3534 3
      vertex 123.647 11.1101 2
      vertex 123.647 11.1101 3
    endloop
  endfacet
  facet normal 0.891325 0.453364 0
    outer loop
      vertex 122.11 11.3534 3
      vertex 121.954 11.6601 2
      vertex 121.954 11.6601 3
    endloop
  endfacet
  facet normal 0.891325 0.453364 0
    outer loop
      vertex 121.954 11.6601 2
      vertex 122.11 11.3534 3
      vertex 122.11 11.3534 2
    endloop
  endfacet
  facet normal 0.156291 -0.987711 0
    outer loop
      vertex 122.66 13.0462 2
      vertex 123 13.1 3
      vertex 122.66 13.0462 3
    endloop
  endfacet
  facet normal 0.156291 -0.987711 0
    outer loop
      vertex 123 13.1 3
      vertex 122.66 13.0462 2
      vertex 123 13.1 2
    endloop
  endfacet
  facet normal -0.453704 0.891152 0
    outer loop
      vertex 123.647 11.1101 2
      vertex 123.34 10.9538 3
      vertex 123.647 11.1101 3
    endloop
  endfacet
  facet normal -0.453704 0.891152 0
    outer loop
      vertex 123.34 10.9538 3
      vertex 123.647 11.1101 2
      vertex 123.34 10.9538 2
    endloop
  endfacet
  facet normal -0.156291 0.987711 0
    outer loop
      vertex 123.34 10.9538 2
      vertex 123 10.9 3
      vertex 123.34 10.9538 3
    endloop
  endfacet
  facet normal -0.156291 0.987711 0
    outer loop
      vertex 123 10.9 3
      vertex 123.34 10.9538 2
      vertex 123 10.9 2
    endloop
  endfacet
  facet normal 0.987614 0.156903 0
    outer loop
      vertex 121.954 11.6601 3
      vertex 121.9 12 2
      vertex 121.9 12 3
    endloop
  endfacet
  facet normal 0.987614 0.156903 0
    outer loop
      vertex 121.9 12 2
      vertex 121.954 11.6601 3
      vertex 121.954 11.6601 2
    endloop
  endfacet
  facet normal 0.891325 -0.453364 0
    outer loop
      vertex 121.954 12.3399 3
      vertex 122.11 12.6466 2
      vertex 122.11 12.6466 3
    endloop
  endfacet
  facet normal 0.891325 -0.453364 0
    outer loop
      vertex 122.11 12.6466 2
      vertex 121.954 12.3399 3
      vertex 121.954 12.3399 2
    endloop
  endfacet
  facet normal 0.707543 -0.70667 0
    outer loop
      vertex 122.11 12.6466 3
      vertex 122.353 12.8899 2
      vertex 122.353 12.8899 3
    endloop
  endfacet
  facet normal 0.707543 -0.70667 0
    outer loop
      vertex 122.353 12.8899 2
      vertex 122.11 12.6466 3
      vertex 122.11 12.6466 2
    endloop
  endfacet
  facet normal -0.891325 0.453364 0
    outer loop
      vertex 123.89 11.3534 2
      vertex 124.046 11.6601 3
      vertex 124.046 11.6601 2
    endloop
  endfacet
  facet normal -0.891325 0.453364 0
    outer loop
      vertex 124.046 11.6601 3
      vertex 123.89 11.3534 2
      vertex 123.89 11.3534 3
    endloop
  endfacet
  facet normal -0.987614 0.156903 0
    outer loop
      vertex 124.046 11.6601 2
      vertex 124.1 12 3
      vertex 124.1 12 2
    endloop
  endfacet
  facet normal -0.987614 0.156903 0
    outer loop
      vertex 124.1 12 3
      vertex 124.046 11.6601 2
      vertex 124.046 11.6601 3
    endloop
  endfacet
  facet normal 0.707543 0.70667 0
    outer loop
      vertex 122.353 11.1101 3
      vertex 122.11 11.3534 2
      vertex 122.11 11.3534 3
    endloop
  endfacet
  facet normal 0.707543 0.70667 0
    outer loop
      vertex 122.11 11.3534 2
      vertex 122.353 11.1101 3
      vertex 122.353 11.1101 2
    endloop
  endfacet
  facet normal 0.987614 -0.156903 0
    outer loop
      vertex 121.9 12 3
      vertex 121.954 12.3399 2
      vertex 121.954 12.3399 3
    endloop
  endfacet
  facet normal 0.987614 -0.156903 0
    outer loop
      vertex 121.954 12.3399 2
      vertex 121.9 12 3
      vertex 121.9 12 2
    endloop
  endfacet
  facet normal 0.453704 0.891152 -0
    outer loop
      vertex 122.66 10.9538 2
      vertex 122.353 11.1101 3
      vertex 122.66 10.9538 3
    endloop
  endfacet
  facet normal 0.453704 0.891152 0
    outer loop
      vertex 122.353 11.1101 3
      vertex 122.66 10.9538 2
      vertex 122.353 11.1101 2
    endloop
  endfacet
  facet normal -0.987636 0.156768 0
    outer loop
      vertex 144.9 36 2
      vertex 145.003 36.6489 3
      vertex 145.003 36.6489 2
    endloop
  endfacet
  facet normal -0.987636 0.156768 0
    outer loop
      vertex 145.003 36.6489 3
      vertex 144.9 36 2
      vertex 144.9 36 3
    endloop
  endfacet
  facet normal -0.156447 -0.987686 0
    outer loop
      vertex 146.351 34.0028 2
      vertex 147 33.9 3
      vertex 146.351 34.0028 3
    endloop
  endfacet
  facet normal -0.156447 -0.987686 -0
    outer loop
      vertex 147 33.9 3
      vertex 146.351 34.0028 2
      vertex 147 33.9 2
    endloop
  endfacet
  facet normal 0.706253 -0.707959 0
    outer loop
      vertex 148.234 34.3011 3
      vertex 148.4 34.4667 2
      vertex 148.4 34.4667 3
    endloop
  endfacet
  facet normal 0.706253 -0.707959 0
    outer loop
      vertex 148.4 34.4667 2
      vertex 148.234 34.3011 3
      vertex 148.234 34.3011 2
    endloop
  endfacet
  facet normal -0.891177 -0.453657 0
    outer loop
      vertex 145.301 34.7657 2
      vertex 145.003 35.3511 3
      vertex 145.003 35.3511 2
    endloop
  endfacet
  facet normal -0.891177 -0.453657 0
    outer loop
      vertex 145.003 35.3511 3
      vertex 145.301 34.7657 2
      vertex 145.301 34.7657 3
    endloop
  endfacet
  facet normal 0.454266 -0.890866 0
    outer loop
      vertex 147.649 34.0028 2
      vertex 148.234 34.3011 3
      vertex 147.649 34.0028 3
    endloop
  endfacet
  facet normal 0.454266 -0.890866 0
    outer loop
      vertex 148.234 34.3011 3
      vertex 147.649 34.0028 2
      vertex 148.234 34.3011 2
    endloop
  endfacet
  facet normal 0.156447 -0.987686 0
    outer loop
      vertex 147 33.9 2
      vertex 147.649 34.0028 3
      vertex 147 33.9 3
    endloop
  endfacet
  facet normal 0.156447 -0.987686 0
    outer loop
      vertex 147.649 34.0028 3
      vertex 147 33.9 2
      vertex 147.649 34.0028 2
    endloop
  endfacet
  facet normal -0.987636 -0.156768 0
    outer loop
      vertex 145.003 35.3511 2
      vertex 144.9 36 3
      vertex 144.9 36 2
    endloop
  endfacet
  facet normal -0.987636 -0.156768 0
    outer loop
      vertex 144.9 36 3
      vertex 145.003 35.3511 2
      vertex 145.003 35.3511 3
    endloop
  endfacet
  facet normal -0.891177 0.453657 0
    outer loop
      vertex 145.003 36.6489 2
      vertex 145.301 37.2343 3
      vertex 145.301 37.2343 2
    endloop
  endfacet
  facet normal -0.891177 0.453657 0
    outer loop
      vertex 145.301 37.2343 3
      vertex 145.003 36.6489 2
      vertex 145.003 36.6489 3
    endloop
  endfacet
  facet normal -0.706467 0.707746 0
    outer loop
      vertex 145.301 37.2343 2
      vertex 145.467 37.4 3
      vertex 145.467 37.4 2
    endloop
  endfacet
  facet normal -0.706467 0.707746 0
    outer loop
      vertex 145.467 37.4 3
      vertex 145.301 37.2343 2
      vertex 145.301 37.2343 3
    endloop
  endfacet
  facet normal -0 0 1
    outer loop
      vertex 148.1 36 3
      vertex 148.4 34.4667 3
      vertex 148.4 37.4 3
    endloop
  endfacet
  facet normal -0 0 1
    outer loop
      vertex 148.046 35.6601 3
      vertex 148.4 34.4667 3
      vertex 148.1 36 3
    endloop
  endfacet
  facet normal 0 0 1
    outer loop
      vertex 148.4 37.4 3
      vertex 148.046 36.3399 3
      vertex 148.1 36 3
    endloop
  endfacet
  facet normal 0 0 1
    outer loop
      vertex 148.4 37.4 3
      vertex 147.89 36.6466 3
      vertex 148.046 36.3399 3
    endloop
  endfacet
  facet normal 0 0 1
    outer loop
      vertex 148.4 37.4 3
      vertex 147.647 36.8899 3
      vertex 147.89 36.6466 3
    endloop
  endfacet
  facet normal 0 0 1
    outer loop
      vertex 148.4 37.4 3
      vertex 147.34 37.0462 3
      vertex 147.647 36.8899 3
    endloop
  endfacet
  facet normal 0 0 1
    outer loop
      vertex 148.4 37.4 3
      vertex 147 37.1 3
      vertex 147.34 37.0462 3
    endloop
  endfacet
  facet normal -0 0 1
    outer loop
      vertex 145.467 37.4 3
      vertex 147 37.1 3
      vertex 148.4 37.4 3
    endloop
  endfacet
  facet normal 0 0 1
    outer loop
      vertex 147 37.1 3
      vertex 145.467 37.4 3
      vertex 146.66 37.0462 3
    endloop
  endfacet
  facet normal 0 0 1
    outer loop
      vertex 145.467 37.4 3
      vertex 146.353 36.8899 3
      vertex 146.66 37.0462 3
    endloop
  endfacet
  facet normal 0 0 1
    outer loop
      vertex 145.467 37.4 3
      vertex 146.11 36.6466 3
      vertex 146.353 36.8899 3
    endloop
  endfacet
  facet normal -0 0 1
    outer loop
      vertex 145.301 37.2343 3
      vertex 146.11 36.6466 3
      vertex 145.467 37.4 3
    endloop
  endfacet
  facet normal 0 0 1
    outer loop
      vertex 146.11 36.6466 3
      vertex 145.301 37.2343 3
      vertex 145.954 36.3399 3
    endloop
  endfacet
  facet normal -0 0 1
    outer loop
      vertex 145.003 36.6489 3
      vertex 145.954 36.3399 3
      vertex 145.301 37.2343 3
    endloop
  endfacet
  facet normal 0 0 1
    outer loop
      vertex 145.954 36.3399 3
      vertex 145.003 36.6489 3
      vertex 145.9 36 3
    endloop
  endfacet
  facet normal 0 0 1
    outer loop
      vertex 145.9 36 3
      vertex 145.301 34.7657 3
      vertex 145.766 34.3011 3
    endloop
  endfacet
  facet normal 0 0 1
    outer loop
      vertex 145.9 36 3
      vertex 145.003 36.6489 3
      vertex 144.9 36 3
    endloop
  endfacet
  facet normal 0 0 1
    outer loop
      vertex 145.9 36 3
      vertex 145.003 35.3511 3
      vertex 145.301 34.7657 3
    endloop
  endfacet
  facet normal 0 0 1
    outer loop
      vertex 145.9 36 3
      vertex 144.9 36 3
      vertex 145.003 35.3511 3
    endloop
  endfacet
  facet normal -0 0 1
    outer loop
      vertex 147.89 35.3534 3
      vertex 148.4 34.4667 3
      vertex 148.046 35.6601 3
    endloop
  endfacet
  facet normal -0 0 1
    outer loop
      vertex 147.647 35.1101 3
      vertex 148.4 34.4667 3
      vertex 147.89 35.3534 3
    endloop
  endfacet
  facet normal 0 0 1
    outer loop
      vertex 148.4 34.4667 3
      vertex 147.647 35.1101 3
      vertex 148.234 34.3011 3
    endloop
  endfacet
  facet normal 0 0 1
    outer loop
      vertex 148.234 34.3011 3
      vertex 147.647 35.1101 3
      vertex 147.649 34.0028 3
    endloop
  endfacet
  facet normal -0 0 1
    outer loop
      vertex 147.34 34.9538 3
      vertex 147.649 34.0028 3
      vertex 147.647 35.1101 3
    endloop
  endfacet
  facet normal -0 0 1
    outer loop
      vertex 147 34.9 3
      vertex 147.649 34.0028 3
      vertex 147.34 34.9538 3
    endloop
  endfacet
  facet normal 0 0 1
    outer loop
      vertex 147 34.9 3
      vertex 147 33.9 3
      vertex 147.649 34.0028 3
    endloop
  endfacet
  facet normal 0 0 1
    outer loop
      vertex 146.66 34.9538 3
      vertex 147 33.9 3
      vertex 147 34.9 3
    endloop
  endfacet
  facet normal 0 0 1
    outer loop
      vertex 146.351 34.0028 3
      vertex 146.66 34.9538 3
      vertex 146.353 35.1101 3
    endloop
  endfacet
  facet normal 0 0 1
    outer loop
      vertex 146.66 34.9538 3
      vertex 146.351 34.0028 3
      vertex 147 33.9 3
    endloop
  endfacet
  facet normal 0 0 1
    outer loop
      vertex 145.766 34.3011 3
      vertex 146.353 35.1101 3
      vertex 146.11 35.3534 3
    endloop
  endfacet
  facet normal 0 0 1
    outer loop
      vertex 145.766 34.3011 3
      vertex 146.11 35.3534 3
      vertex 145.954 35.6601 3
    endloop
  endfacet
  facet normal 0 0 1
    outer loop
      vertex 146.353 35.1101 3
      vertex 145.766 34.3011 3
      vertex 146.351 34.0028 3
    endloop
  endfacet
  facet normal 0 0 1
    outer loop
      vertex 145.766 34.3011 3
      vertex 145.954 35.6601 3
      vertex 145.9 36 3
    endloop
  endfacet
  facet normal -0.706802 -0.707411 0
    outer loop
      vertex 145.766 34.3011 2
      vertex 145.301 34.7657 3
      vertex 145.301 34.7657 2
    endloop
  endfacet
  facet normal -0.706802 -0.707411 0
    outer loop
      vertex 145.301 34.7657 3
      vertex 145.766 34.3011 2
      vertex 145.766 34.3011 3
    endloop
  endfacet
  facet normal -0.454266 -0.890866 0
    outer loop
      vertex 145.766 34.3011 2
      vertex 146.351 34.0028 3
      vertex 145.766 34.3011 3
    endloop
  endfacet
  facet normal -0.454266 -0.890866 -0
    outer loop
      vertex 146.351 34.0028 3
      vertex 145.766 34.3011 2
      vertex 146.351 34.0028 2
    endloop
  endfacet
  facet normal -0.891325 -0.453364 0
    outer loop
      vertex 148.046 36.3399 2
      vertex 147.89 36.6466 3
      vertex 147.89 36.6466 2
    endloop
  endfacet
  facet normal -0.891325 -0.453364 0
    outer loop
      vertex 147.89 36.6466 3
      vertex 148.046 36.3399 2
      vertex 148.046 36.3399 3
    endloop
  endfacet
  facet normal -0.987614 -0.156903 0
    outer loop
      vertex 148.1 36 2
      vertex 148.046 36.3399 3
      vertex 148.046 36.3399 2
    endloop
  endfacet
  facet normal -0.987614 -0.156903 0
    outer loop
      vertex 148.046 36.3399 3
      vertex 148.1 36 2
      vertex 148.1 36 3
    endloop
  endfacet
  facet normal -0.707543 -0.70667 0
    outer loop
      vertex 147.647 36.8899 2
      vertex 147.89 36.6466 3
      vertex 147.647 36.8899 3
    endloop
  endfacet
  facet normal -0.707543 -0.70667 -0
    outer loop
      vertex 147.89 36.6466 3
      vertex 147.647 36.8899 2
      vertex 147.89 36.6466 2
    endloop
  endfacet
  facet normal -0.156291 -0.987711 0
    outer loop
      vertex 147 37.1 2
      vertex 147.34 37.0462 3
      vertex 147 37.1 3
    endloop
  endfacet
  facet normal -0.156291 -0.987711 -0
    outer loop
      vertex 147.34 37.0462 3
      vertex 147 37.1 2
      vertex 147.34 37.0462 2
    endloop
  endfacet
  facet normal -0.453704 -0.891152 0
    outer loop
      vertex 147.34 37.0462 2
      vertex 147.647 36.8899 3
      vertex 147.34 37.0462 3
    endloop
  endfacet
  facet normal -0.453704 -0.891152 -0
    outer loop
      vertex 147.647 36.8899 3
      vertex 147.34 37.0462 2
      vertex 147.647 36.8899 2
    endloop
  endfacet
  facet normal 0.453704 -0.891152 0
    outer loop
      vertex 146.353 36.8899 2
      vertex 146.66 37.0462 3
      vertex 146.353 36.8899 3
    endloop
  endfacet
  facet normal 0.453704 -0.891152 0
    outer loop
      vertex 146.66 37.0462 3
      vertex 146.353 36.8899 2
      vertex 146.66 37.0462 2
    endloop
  endfacet
  facet normal 0.156291 0.987711 -0
    outer loop
      vertex 147 34.9 2
      vertex 146.66 34.9538 3
      vertex 147 34.9 3
    endloop
  endfacet
  facet normal 0.156291 0.987711 0
    outer loop
      vertex 146.66 34.9538 3
      vertex 147 34.9 2
      vertex 146.66 34.9538 2
    endloop
  endfacet
  facet normal -0.707543 0.70667 0
    outer loop
      vertex 147.89 35.3534 2
      vertex 147.647 35.1101 3
      vertex 147.89 35.3534 3
    endloop
  endfacet
  facet normal -0.707543 0.70667 0
    outer loop
      vertex 147.647 35.1101 3
      vertex 147.89 35.3534 2
      vertex 147.647 35.1101 2
    endloop
  endfacet
  facet normal 0.891325 0.453364 0
    outer loop
      vertex 146.11 35.3534 3
      vertex 145.954 35.6601 2
      vertex 145.954 35.6601 3
    endloop
  endfacet
  facet normal 0.891325 0.453364 0
    outer loop
      vertex 145.954 35.6601 2
      vertex 146.11 35.3534 3
      vertex 146.11 35.3534 2
    endloop
  endfacet
  facet normal 0.156291 -0.987711 0
    outer loop
      vertex 146.66 37.0462 2
      vertex 147 37.1 3
      vertex 146.66 37.0462 3
    endloop
  endfacet
  facet normal 0.156291 -0.987711 0
    outer loop
      vertex 147 37.1 3
      vertex 146.66 37.0462 2
      vertex 147 37.1 2
    endloop
  endfacet
  facet normal -0.453704 0.891152 0
    outer loop
      vertex 147.647 35.1101 2
      vertex 147.34 34.9538 3
      vertex 147.647 35.1101 3
    endloop
  endfacet
  facet normal -0.453704 0.891152 0
    outer loop
      vertex 147.34 34.9538 3
      vertex 147.647 35.1101 2
      vertex 147.34 34.9538 2
    endloop
  endfacet
  facet normal -0.156291 0.987711 0
    outer loop
      vertex 147.34 34.9538 2
      vertex 147 34.9 3
      vertex 147.34 34.9538 3
    endloop
  endfacet
  facet normal -0.156291 0.987711 0
    outer loop
      vertex 147 34.9 3
      vertex 147.34 34.9538 2
      vertex 147 34.9 2
    endloop
  endfacet
  facet normal 0.987614 0.156903 0
    outer loop
      vertex 145.954 35.6601 3
      vertex 145.9 36 2
      vertex 145.9 36 3
    endloop
  endfacet
  facet normal 0.987614 0.156903 0
    outer loop
      vertex 145.9 36 2
      vertex 145.954 35.6601 3
      vertex 145.954 35.6601 2
    endloop
  endfacet
  facet normal 0.891325 -0.453364 0
    outer loop
      vertex 145.954 36.3399 3
      vertex 146.11 36.6466 2
      vertex 146.11 36.6466 3
    endloop
  endfacet
  facet normal 0.891325 -0.453364 0
    outer loop
      vertex 146.11 36.6466 2
      vertex 145.954 36.3399 3
      vertex 145.954 36.3399 2
    endloop
  endfacet
  facet normal 0.707543 -0.70667 0
    outer loop
      vertex 146.11 36.6466 2
      vertex 146.353 36.8899 3
      vertex 146.11 36.6466 3
    endloop
  endfacet
  facet normal 0.707543 -0.70667 0
    outer loop
      vertex 146.353 36.8899 3
      vertex 146.11 36.6466 2
      vertex 146.353 36.8899 2
    endloop
  endfacet
  facet normal -0.891325 0.453364 0
    outer loop
      vertex 147.89 35.3534 2
      vertex 148.046 35.6601 3
      vertex 148.046 35.6601 2
    endloop
  endfacet
  facet normal -0.891325 0.453364 0
    outer loop
      vertex 148.046 35.6601 3
      vertex 147.89 35.3534 2
      vertex 147.89 35.3534 3
    endloop
  endfacet
  facet normal -0.987614 0.156903 0
    outer loop
      vertex 148.046 35.6601 2
      vertex 148.1 36 3
      vertex 148.1 36 2
    endloop
  endfacet
  facet normal -0.987614 0.156903 0
    outer loop
      vertex 148.1 36 3
      vertex 148.046 35.6601 2
      vertex 148.046 35.6601 3
    endloop
  endfacet
  facet normal 0.707543 0.70667 -0
    outer loop
      vertex 146.353 35.1101 2
      vertex 146.11 35.3534 3
      vertex 146.353 35.1101 3
    endloop
  endfacet
  facet normal 0.707543 0.70667 0
    outer loop
      vertex 146.11 35.3534 3
      vertex 146.353 35.1101 2
      vertex 146.11 35.3534 2
    endloop
  endfacet
  facet normal 0.987614 -0.156903 0
    outer loop
      vertex 145.9 36 3
      vertex 145.954 36.3399 2
      vertex 145.954 36.3399 3
    endloop
  endfacet
  facet normal 0.987614 -0.156903 0
    outer loop
      vertex 145.954 36.3399 2
      vertex 145.9 36 3
      vertex 145.9 36 2
    endloop
  endfacet
  facet normal 0.453704 0.891152 -0
    outer loop
      vertex 146.66 34.9538 2
      vertex 146.353 35.1101 3
      vertex 146.66 34.9538 3
    endloop
  endfacet
  facet normal 0.453704 0.891152 0
    outer loop
      vertex 146.353 35.1101 3
      vertex 146.66 34.9538 2
      vertex 146.353 35.1101 2
    endloop
  endfacet
  facet normal 1 0 0
    outer loop
      vertex 120 59 9
      vertex 120 47.5 5.5
      vertex 120 59 2
    endloop
  endfacet
  facet normal 1 -0 0
    outer loop
      vertex 120 41 9
      vertex 120 47.5 5.5
      vertex 120 59 9
    endloop
  endfacet
  facet normal 1 0 0
    outer loop
      vertex 120 47.5 5.5
      vertex 120 41 9
      vertex 120 41 5.5
    endloop
  endfacet
  facet normal 1 0 0
    outer loop
      vertex 120 59 2
      vertex 120 47.5 5.5
      vertex 120 47.5 2
    endloop
  endfacet
  facet normal -0 0 1
    outer loop
      vertex 118.5 59 9
      vertex 120 41 9
      vertex 120 59 9
    endloop
  endfacet
  facet normal 0 0 1
    outer loop
      vertex 120 41 9
      vertex 118.5 59 9
      vertex 118.5 41 9
    endloop
  endfacet
  facet normal -1 0 0
    outer loop
      vertex 118.5 47.5 5.5
      vertex 118.5 59 2
      vertex 118.5 47.5 2
    endloop
  endfacet
  facet normal -1 0 0
    outer loop
      vertex 118.5 59 2
      vertex 118.5 47.5 5.5
      vertex 118.5 59 9
    endloop
  endfacet
  facet normal -1 0 0
    outer loop
      vertex 118.5 41 9
      vertex 118.5 47.5 5.5
      vertex 118.5 41 5.5
    endloop
  endfacet
  facet normal -1 0 0
    outer loop
      vertex 118.5 47.5 5.5
      vertex 118.5 41 9
      vertex 118.5 59 9
    endloop
  endfacet
  facet normal 0 1 -0
    outer loop
      vertex 120 59 2
      vertex 118.5 59 9
      vertex 120 59 9
    endloop
  endfacet
  facet normal 0 1 0
    outer loop
      vertex 118.5 59 9
      vertex 120 59 2
      vertex 118.5 59 2
    endloop
  endfacet
  facet normal 0 -1 0
    outer loop
      vertex 118.5 41 5.5
      vertex 120 41 9
      vertex 118.5 41 9
    endloop
  endfacet
  facet normal 0 -1 -0
    outer loop
      vertex 120 41 9
      vertex 118.5 41 5.5
      vertex 120 41 5.5
    endloop
  endfacet
  facet normal 0 0 -1
    outer loop
      vertex 118.5 41 5.5
      vertex 120 47.5 5.5
      vertex 120 41 5.5
    endloop
  endfacet
  facet normal -0 0 -1
    outer loop
      vertex 120 47.5 5.5
      vertex 118.5 41 5.5
      vertex 118.5 47.5 5.5
    endloop
  endfacet
  facet normal 0 -1 0
    outer loop
      vertex 118.5 47.5 2
      vertex 120 47.5 5.5
      vertex 118.5 47.5 5.5
    endloop
  endfacet
  facet normal 0 -1 -0
    outer loop
      vertex 120 47.5 5.5
      vertex 118.5 47.5 2
      vertex 120 47.5 2
    endloop
  endfacet
  facet normal 1 -0 0
    outer loop
      vertex 69.5 31.5 6
      vertex 69.5 33 2
      vertex 69.5 33 6
    endloop
  endfacet
  facet normal 1 0 0
    outer loop
      vertex 69.5 33 2
      vertex 69.5 31.5 6
      vertex 69.5 31.5 2
    endloop
  endfacet
  facet normal -0 0 1
    outer loop
      vertex 60.5 33 6
      vertex 69.5 31.5 6
      vertex 69.5 33 6
    endloop
  endfacet
  facet normal 0 0 1
    outer loop
      vertex 69.5 31.5 6
      vertex 60.5 33 6
      vertex 60.5 31.5 6
    endloop
  endfacet
  facet normal -1 0 0
    outer loop
      vertex 60.5 31.5 2
      vertex 60.5 33 6
      vertex 60.5 33 2
    endloop
  endfacet
  facet normal -1 -0 0
    outer loop
      vertex 60.5 33 6
      vertex 60.5 31.5 2
      vertex 60.5 31.5 6
    endloop
  endfacet
  facet normal 0 1 -0
    outer loop
      vertex 69.5 33 2
      vertex 60.5 33 6
      vertex 69.5 33 6
    endloop
  endfacet
  facet normal 0 1 0
    outer loop
      vertex 60.5 33 6
      vertex 69.5 33 2
      vertex 60.5 33 2
    endloop
  endfacet
  facet normal 0 -1 0
    outer loop
      vertex 60.5 31.5 2
      vertex 69.5 31.5 6
      vertex 60.5 31.5 6
    endloop
  endfacet
  facet normal 0 -1 -0
    outer loop
      vertex 69.5 31.5 6
      vertex 60.5 31.5 2
      vertex 69.5 31.5 2
    endloop
  endfacet
  facet normal 1 -0 0
    outer loop
      vertex 69.5 39 6
      vertex 69.5 40.5 2
      vertex 69.5 40.5 6
    endloop
  endfacet
  facet normal 1 0 0
    outer loop
      vertex 69.5 40.5 2
      vertex 69.5 39 6
      vertex 69.5 39 2
    endloop
  endfacet
  facet normal -0 0 1
    outer loop
      vertex 60.5 40.5 6
      vertex 69.5 39 6
      vertex 69.5 40.5 6
    endloop
  endfacet
  facet normal 0 0 1
    outer loop
      vertex 69.5 39 6
      vertex 60.5 40.5 6
      vertex 60.5 39 6
    endloop
  endfacet
  facet normal -1 0 0
    outer loop
      vertex 60.5 39 2
      vertex 60.5 40.5 6
      vertex 60.5 40.5 2
    endloop
  endfacet
  facet normal -1 -0 0
    outer loop
      vertex 60.5 40.5 6
      vertex 60.5 39 2
      vertex 60.5 39 6
    endloop
  endfacet
  facet normal 0 1 -0
    outer loop
      vertex 69.5 40.5 2
      vertex 60.5 40.5 6
      vertex 69.5 40.5 6
    endloop
  endfacet
  facet normal 0 1 0
    outer loop
      vertex 60.5 40.5 6
      vertex 69.5 40.5 2
      vertex 60.5 40.5 2
    endloop
  endfacet
  facet normal 0 -1 0
    outer loop
      vertex 60.5 39 2
      vertex 69.5 39 6
      vertex 60.5 39 6
    endloop
  endfacet
  facet normal 0 -1 -0
    outer loop
      vertex 69.5 39 6
      vertex 60.5 39 2
      vertex 69.5 39 2
    endloop
  endfacet
  facet normal 1 -0 0
    outer loop
      vertex 104.5 31.5 6
      vertex 104.5 33 2
      vertex 104.5 33 6
    endloop
  endfacet
  facet normal 1 0 0
    outer loop
      vertex 104.5 33 2
      vertex 104.5 31.5 6
      vertex 104.5 31.5 2
    endloop
  endfacet
  facet normal -0 0 1
    outer loop
      vertex 95.5 33 6
      vertex 104.5 31.5 6
      vertex 104.5 33 6
    endloop
  endfacet
  facet normal 0 0 1
    outer loop
      vertex 104.5 31.5 6
      vertex 95.5 33 6
      vertex 95.5 31.5 6
    endloop
  endfacet
  facet normal -1 0 0
    outer loop
      vertex 95.5 31.5 2
      vertex 95.5 33 6
      vertex 95.5 33 2
    endloop
  endfacet
  facet normal -1 -0 0
    outer loop
      vertex 95.5 33 6
      vertex 95.5 31.5 2
      vertex 95.5 31.5 6
    endloop
  endfacet
  facet normal 0 1 -0
    outer loop
      vertex 104.5 33 2
      vertex 95.5 33 6
      vertex 104.5 33 6
    endloop
  endfacet
  facet normal 0 1 0
    outer loop
      vertex 95.5 33 6
      vertex 104.5 33 2
      vertex 95.5 33 2
    endloop
  endfacet
  facet normal 0 -1 0
    outer loop
      vertex 95.5 31.5 2
      vertex 104.5 31.5 6
      vertex 95.5 31.5 6
    endloop
  endfacet
  facet normal 0 -1 -0
    outer loop
      vertex 104.5 31.5 6
      vertex 95.5 31.5 2
      vertex 104.5 31.5 2
    endloop
  endfacet
  facet normal 1 -0 0
    outer loop
      vertex 104.5 39 6
      vertex 104.5 40.5 2
      vertex 104.5 40.5 6
    endloop
  endfacet
  facet normal 1 0 0
    outer loop
      vertex 104.5 40.5 2
      vertex 104.5 39 6
      vertex 104.5 39 2
    endloop
  endfacet
  facet normal -0 0 1
    outer loop
      vertex 95.5 40.5 6
      vertex 104.5 39 6
      vertex 104.5 40.5 6
    endloop
  endfacet
  facet normal 0 0 1
    outer loop
      vertex 104.5 39 6
      vertex 95.5 40.5 6
      vertex 95.5 39 6
    endloop
  endfacet
  facet normal -1 0 0
    outer loop
      vertex 95.5 39 2
      vertex 95.5 40.5 6
      vertex 95.5 40.5 2
    endloop
  endfacet
  facet normal -1 -0 0
    outer loop
      vertex 95.5 40.5 6
      vertex 95.5 39 2
      vertex 95.5 39 6
    endloop
  endfacet
  facet normal 0 1 -0
    outer loop
      vertex 104.5 40.5 2
      vertex 95.5 40.5 6
      vertex 104.5 40.5 6
    endloop
  endfacet
  facet normal 0 1 0
    outer loop
      vertex 95.5 40.5 6
      vertex 104.5 40.5 2
      vertex 95.5 40.5 2
    endloop
  endfacet
  facet normal 0 -1 0
    outer loop
      vertex 95.5 39 2
      vertex 104.5 39 6
      vertex 95.5 39 6
    endloop
  endfacet
  facet normal 0 -1 -0
    outer loop
      vertex 104.5 39 6
      vertex 95.5 39 2
      vertex 104.5 39 2
    endloop
  endfacet
  facet normal 1 -0 0
    outer loop
      vertex 151.5 41 9
      vertex 151.5 59 2
      vertex 151.5 59 9
    endloop
  endfacet
  facet normal 1 0 0
    outer loop
      vertex 151.5 59 2
      vertex 151.5 41 9
      vertex 151.5 41 2
    endloop
  endfacet
  facet normal -0 0 1
    outer loop
      vertex 150 59 9
      vertex 151.5 41 9
      vertex 151.5 59 9
    endloop
  endfacet
  facet normal 0 0 1
    outer loop
      vertex 151.5 41 9
      vertex 150 59 9
      vertex 150 41 9
    endloop
  endfacet
  facet normal -1 0 0
    outer loop
      vertex 150 41 2
      vertex 150 59 9
      vertex 150 59 2
    endloop
  endfacet
  facet normal -1 -0 0
    outer loop
      vertex 150 59 9
      vertex 150 41 2
      vertex 150 41 9
    endloop
  endfacet
  facet normal 0 1 -0
    outer loop
      vertex 151.5 59 2
      vertex 150 59 9
      vertex 151.5 59 9
    endloop
  endfacet
  facet normal 0 1 0
    outer loop
      vertex 150 59 9
      vertex 151.5 59 2
      vertex 150 59 2
    endloop
  endfacet
  facet normal 0 -1 0
    outer loop
      vertex 150 41 2
      vertex 151.5 41 9
      vertex 150 41 9
    endloop
  endfacet
  facet normal 0 -1 -0
    outer loop
      vertex 151.5 41 9
      vertex 150 41 2
      vertex 151.5 41 2
    endloop
  endfacet
  facet normal 0.354624 0.935009 -0
    outer loop
      vertex 271.272 72.2919 0
      vertex 269.482 72.9708 2
      vertex 271.272 72.2919 2
    endloop
  endfacet
  facet normal 0.354624 0.935009 0
    outer loop
      vertex 269.482 72.9708 2
      vertex 271.272 72.2919 0
      vertex 269.482 72.9708 0
    endloop
  endfacet
  facet normal -0.568075 0.822977 0
    outer loop
      vertex 2.58158 72.7401 0
      vertex 1.00596 71.6525 2
      vertex 2.58158 72.7401 2
    endloop
  endfacet
  facet normal -0.568075 0.822977 0
    outer loop
      vertex 1.00596 71.6525 2
      vertex 2.58158 72.7401 0
      vertex 1.00596 71.6525 0
    endloop
  endfacet
  facet normal -0.885455 -0.464724 0
    outer loop
      vertex 1.00596 1.34751 0
      vertex 0.116232 3.04274 2
      vertex 0.116232 3.04274 0
    endloop
  endfacet
  facet normal -0.885455 -0.464724 0
    outer loop
      vertex 0.116232 3.04274 2
      vertex 1.00596 1.34751 0
      vertex 1.00596 1.34751 2
    endloop
  endfacet
  facet normal 0 1 -0
    outer loop
      vertex 269.482 72.9708 0
      vertex 4.48215 72.9708 2
      vertex 269.482 72.9708 2
    endloop
  endfacet
  facet normal 0 1 0
    outer loop
      vertex 4.48215 72.9708 2
      vertex 269.482 72.9708 0
      vertex 4.48215 72.9708 0
    endloop
  endfacet
  facet normal -0.1205 0.992713 0
    outer loop
      vertex 4.48215 72.9708 0
      vertex 2.58158 72.7401 2
      vertex 4.48215 72.9708 2
    endloop
  endfacet
  facet normal -0.1205 0.992713 0
    outer loop
      vertex 2.58158 72.7401 2
      vertex 4.48215 72.9708 0
      vertex 2.58158 72.7401 0
    endloop
  endfacet
  facet normal 0.970963 -0.239229 0
    outer loop
      vertex 272.542 2.14111 2
      vertex 273 4 0
      vertex 273 4 2
    endloop
  endfacet
  facet normal 0.970963 -0.239229 0
    outer loop
      vertex 273 4 0
      vertex 272.542 2.14111 2
      vertex 272.542 2.14111 0
    endloop
  endfacet
  facet normal -0.120536 -0.992709 0
    outer loop
      vertex 2.58158 0.259934 0
      vertex 4.48215 0.0291643 2
      vertex 2.58158 0.259934 2
    endloop
  endfacet
  facet normal -0.120536 -0.992709 -0
    outer loop
      vertex 4.48215 0.0291643 2
      vertex 2.58158 0.259934 0
      vertex 4.48215 0.0291643 0
    endloop
  endfacet
  facet normal 1 -0 0
    outer loop
      vertex 273 4 2
      vertex 273 69 0
      vertex 273 69 2
    endloop
  endfacet
  facet normal 1 0 0
    outer loop
      vertex 273 69 0
      vertex 273 4 2
      vertex 273 4 0
    endloop
  endfacet
  facet normal -1 0 0
    outer loop
      vertex 0.116232 3.04274 0
      vertex 0.116232 69.9573 2
      vertex 0.116232 69.9573 0
    endloop
  endfacet
  facet normal -1 -0 0
    outer loop
      vertex 0.116232 69.9573 2
      vertex 0.116232 3.04274 0
      vertex 0.116232 3.04274 2
    endloop
  endfacet
  facet normal 0 -1 0
    outer loop
      vertex 4.48215 0.0291643 0
      vertex 269.482 0.0291643 2
      vertex 4.48215 0.0291643 2
    endloop
  endfacet
  facet normal 0 -1 -0
    outer loop
      vertex 269.482 0.0291643 2
      vertex 4.48215 0.0291643 0
      vertex 269.482 0.0291643 0
    endloop
  endfacet
  facet normal -0.885452 0.464731 0
    outer loop
      vertex 0.116232 69.9573 0
      vertex 1.00596 71.6525 2
      vertex 1.00596 71.6525 0
    endloop
  endfacet
  facet normal -0.885452 0.464731 0
    outer loop
      vertex 1.00596 71.6525 2
      vertex 0.116232 69.9573 0
      vertex 0.116232 69.9573 2
    endloop
  endfacet
  facet normal 0.354624 -0.935009 0
    outer loop
      vertex 269.482 0.0291643 0
      vertex 271.272 0.708064 2
      vertex 269.482 0.0291643 2
    endloop
  endfacet
  facet normal 0.354624 -0.935009 0
    outer loop
      vertex 271.272 0.708064 2
      vertex 269.482 0.0291643 0
      vertex 271.272 0.708064 0
    endloop
  endfacet
  facet normal -0 0 -1
    outer loop
      vertex 133.268 23 0
      vertex 130.011 21.9335 0
      vertex 133.068 23.4824 0
    endloop
  endfacet
  facet normal 0 0 -1
    outer loop
      vertex 129.833 22.4325 0
      vertex 133.068 23.4824 0
      vertex 130.011 21.9335 0
    endloop
  endfacet
  facet normal 0 -0 -1
    outer loop
      vertex 130.51 27.0001 0
      vertex 133 24 0
      vertex 130.238 26.5455 0
    endloop
  endfacet
  facet normal 0 0 -1
    outer loop
      vertex 133 24 0
      vertex 130.51 27.0001 0
      vertex 130.663 27.2059 0
    endloop
  endfacet
  facet normal 0 0 -1
    outer loop
      vertex 129.704 22.9465 0
      vertex 133.068 23.4824 0
      vertex 129.833 22.4325 0
    endloop
  endfacet
  facet normal 0 0 -1
    outer loop
      vertex 133 24 0
      vertex 130.011 26.0665 0
      vertex 130.238 26.5455 0
    endloop
  endfacet
  facet normal 0 0 -1
    outer loop
      vertex 129.626 23.4707 0
      vertex 133.068 23.4824 0
      vertex 129.704 22.9465 0
    endloop
  endfacet
  facet normal 0 0 -1
    outer loop
      vertex 133 24 0
      vertex 129.833 25.5675 0
      vertex 130.011 26.0665 0
    endloop
  endfacet
  facet normal -0 0 -1
    outer loop
      vertex 133.068 23.4824 0
      vertex 129.626 23.4707 0
      vertex 133 24 0
    endloop
  endfacet
  facet normal 0 0 -1
    outer loop
      vertex 133 24 0
      vertex 129.704 25.0535 0
      vertex 129.833 25.5675 0
    endloop
  endfacet
  facet normal 0 0 -1
    outer loop
      vertex 129.6 24 0
      vertex 133 24 0
      vertex 129.626 23.4707 0
    endloop
  endfacet
  facet normal 0 0 -1
    outer loop
      vertex 133 24 0
      vertex 129.626 24.5293 0
      vertex 129.704 25.0535 0
    endloop
  endfacet
  facet normal 0 0 -1
    outer loop
      vertex 133 24 0
      vertex 129.6 24 0
      vertex 129.626 24.5293 0
    endloop
  endfacet
  facet normal 0 0 -1
    outer loop
      vertex 136.732 25 0
      vertex 139.989 26.0665 0
      vertex 136.932 24.5176 0
    endloop
  endfacet
  facet normal -0 0 -1
    outer loop
      vertex 139.762 26.5455 0
      vertex 136.732 25 0
      vertex 139.49 27.0001 0
    endloop
  endfacet
  facet normal 0 0 -1
    outer loop
      vertex 136 22.2679 0
      vertex 138.206 19.6627 0
      vertex 138 19.5101 0
    endloop
  endfacet
  facet normal 0 0 -1
    outer loop
      vertex 139.337 27.2059 0
      vertex 138.206 28.3373 0
      vertex 139.205 29.3369 0
    endloop
  endfacet
  facet normal 0 0 -1
    outer loop
      vertex 136 22.2679 0
      vertex 138 19.5101 0
      vertex 137.546 19.2376 0
    endloop
  endfacet
  facet normal -0 0 -1
    outer loop
      vertex 139.49 27.0001 0
      vertex 136.732 25 0
      vertex 139.337 27.2059 0
    endloop
  endfacet
  facet normal 0 0 -1
    outer loop
      vertex 136 22.2679 0
      vertex 137.546 19.2376 0
      vertex 137.066 19.0111 0
    endloop
  endfacet
  facet normal 0 0 -1
    outer loop
      vertex 136.414 25.4142 0
      vertex 139.337 27.2059 0
      vertex 136.732 25 0
    endloop
  endfacet
  facet normal -0 0 -1
    outer loop
      vertex 139.337 27.2059 0
      vertex 136.414 25.4142 0
      vertex 138.206 28.3373 0
    endloop
  endfacet
  facet normal -0 0 -1
    outer loop
      vertex 139.989 26.0665 0
      vertex 136.732 25 0
      vertex 139.762 26.5455 0
    endloop
  endfacet
  facet normal 0 0 -1
    outer loop
      vertex 138.206 19.6627 0
      vertex 136.732 23 0
      vertex 136.932 23.4824 0
    endloop
  endfacet
  facet normal 0 0 -1
    outer loop
      vertex 135.518 22.0681 0
      vertex 137.066 19.0111 0
      vertex 136.568 18.8325 0
    endloop
  endfacet
  facet normal 0 0 -1
    outer loop
      vertex 138.206 19.6627 0
      vertex 136.414 22.5858 0
      vertex 136.732 23 0
    endloop
  endfacet
  facet normal 0 0 -1
    outer loop
      vertex 135.518 22.0681 0
      vertex 136.568 18.8325 0
      vertex 136.053 18.7038 0
    endloop
  endfacet
  facet normal 0 0 -1
    outer loop
      vertex 138.206 19.6627 0
      vertex 136 22.2679 0
      vertex 136.414 22.5858 0
    endloop
  endfacet
  facet normal 0 0 -1
    outer loop
      vertex 135.518 22.0681 0
      vertex 136.053 18.7038 0
      vertex 135.529 18.626 0
    endloop
  endfacet
  facet normal 0 0 -1
    outer loop
      vertex 137.066 19.0111 0
      vertex 135.518 22.0681 0
      vertex 136 22.2679 0
    endloop
  endfacet
  facet normal 0 0 -1
    outer loop
      vertex 135 22 0
      vertex 135.529 18.626 0
      vertex 135 18.6 0
    endloop
  endfacet
  facet normal 0 0 -1
    outer loop
      vertex 135.529 18.626 0
      vertex 135 22 0
      vertex 135.518 22.0681 0
    endloop
  endfacet
  facet normal 0 0 -1
    outer loop
      vertex 134.471 18.626 0
      vertex 135 22 0
      vertex 135 18.6 0
    endloop
  endfacet
  facet normal -0 0 -1
    outer loop
      vertex 135 22 0
      vertex 134.471 18.626 0
      vertex 134.482 22.0681 0
    endloop
  endfacet
  facet normal 0 0 -1
    outer loop
      vertex 133.947 18.7038 0
      vertex 134.482 22.0681 0
      vertex 134.471 18.626 0
    endloop
  endfacet
  facet normal 0 0 -1
    outer loop
      vertex 133.432 18.8325 0
      vertex 134.482 22.0681 0
      vertex 133.947 18.7038 0
    endloop
  endfacet
  facet normal 0 0 -1
    outer loop
      vertex 132.934 19.0111 0
      vertex 134.482 22.0681 0
      vertex 133.432 18.8325 0
    endloop
  endfacet
  facet normal -0 0 -1
    outer loop
      vertex 134.482 22.0681 0
      vertex 132.934 19.0111 0
      vertex 134 22.2679 0
    endloop
  endfacet
  facet normal 0 0 -1
    outer loop
      vertex 132.454 19.2376 0
      vertex 134 22.2679 0
      vertex 132.934 19.0111 0
    endloop
  endfacet
  facet normal 0 0 -1
    outer loop
      vertex 132 19.5101 0
      vertex 134 22.2679 0
      vertex 132.454 19.2376 0
    endloop
  endfacet
  facet normal 0 0 -1
    outer loop
      vertex 131.794 19.6627 0
      vertex 134 22.2679 0
      vertex 132 19.5101 0
    endloop
  endfacet
  facet normal -0 0 -1
    outer loop
      vertex 134 22.2679 0
      vertex 131.794 19.6627 0
      vertex 133.586 22.5858 0
    endloop
  endfacet
  facet normal 0 0 -1
    outer loop
      vertex 269.482 0.0291643 0
      vertex 273 4 0
      vertex 272.542 2.14111 0
    endloop
  endfacet
  facet normal -0 0 -1
    outer loop
      vertex 273 4 0
      vertex 269.482 0.0291643 0
      vertex 273 69 0
    endloop
  endfacet
  facet normal 0 0 -1
    outer loop
      vertex 269.482 0.0291643 0
      vertex 272.542 2.14111 0
      vertex 271.272 0.708064 0
    endloop
  endfacet
  facet normal 0 0 -1
    outer loop
      vertex 269.482 72.9708 0
      vertex 273 69 0
      vertex 269.482 0.0291643 0
    endloop
  endfacet
  facet normal 0 0 -1
    outer loop
      vertex 273 69 0
      vertex 269.482 72.9708 0
      vertex 272.542 70.8589 0
    endloop
  endfacet
  facet normal 0 0 -1
    outer loop
      vertex 272.542 70.8589 0
      vertex 269.482 72.9708 0
      vertex 271.272 72.2919 0
    endloop
  endfacet
  facet normal 0 0 -1
    outer loop
      vertex 146.942 25.1762 0
      vertex 269.482 0.0291643 0
      vertex 147 24 0
    endloop
  endfacet
  facet normal 0 0 -1
    outer loop
      vertex 269.482 0.0291643 0
      vertex 146.942 22.8238 0
      vertex 147 24 0
    endloop
  endfacet
  facet normal 0 0 -1
    outer loop
      vertex 269.482 0.0291643 0
      vertex 146.769 21.6589 0
      vertex 146.942 22.8238 0
    endloop
  endfacet
  facet normal 0 0 -1
    outer loop
      vertex 269.482 0.0291643 0
      vertex 146.483 20.5166 0
      vertex 146.769 21.6589 0
    endloop
  endfacet
  facet normal 0 0 -1
    outer loop
      vertex 269.482 0.0291643 0
      vertex 146.087 19.4078 0
      vertex 146.483 20.5166 0
    endloop
  endfacet
  facet normal 0 0 -1
    outer loop
      vertex 269.482 0.0291643 0
      vertex 145.583 18.3432 0
      vertex 146.087 19.4078 0
    endloop
  endfacet
  facet normal 0 0 -1
    outer loop
      vertex 269.482 0.0291643 0
      vertex 144.978 17.3332 0
      vertex 145.583 18.3432 0
    endloop
  endfacet
  facet normal 0 0 -1
    outer loop
      vertex 269.482 0.0291643 0
      vertex 144.276 16.3873 0
      vertex 144.978 17.3332 0
    endloop
  endfacet
  facet normal 0 0 -1
    outer loop
      vertex 269.482 0.0291643 0
      vertex 144.023 16.1082 0
      vertex 144.276 16.3873 0
    endloop
  endfacet
  facet normal -0 0 -1
    outer loop
      vertex 144.023 16.1082 0
      vertex 142.892 14.9768 0
      vertex 143.033 17.0981 0
    endloop
  endfacet
  facet normal 0 0 -1
    outer loop
      vertex 269.482 0.0291643 0
      vertex 142.892 14.9768 0
      vertex 144.023 16.1082 0
    endloop
  endfacet
  facet normal 0 0 -1
    outer loop
      vertex 269.482 0.0291643 0
      vertex 142.613 14.7239 0
      vertex 142.892 14.9768 0
    endloop
  endfacet
  facet normal 0 0 -1
    outer loop
      vertex 269.482 0.0291643 0
      vertex 141.667 14.0224 0
      vertex 142.613 14.7239 0
    endloop
  endfacet
  facet normal 0 0 -1
    outer loop
      vertex 269.482 0.0291643 0
      vertex 140.657 13.4169 0
      vertex 141.667 14.0224 0
    endloop
  endfacet
  facet normal 0 0 -1
    outer loop
      vertex 269.482 0.0291643 0
      vertex 139.592 12.9135 0
      vertex 140.657 13.4169 0
    endloop
  endfacet
  facet normal 0 0 -1
    outer loop
      vertex 269.482 0.0291643 0
      vertex 138.483 12.5167 0
      vertex 139.592 12.9135 0
    endloop
  endfacet
  facet normal 0 0 -1
    outer loop
      vertex 269.482 0.0291643 0
      vertex 137.341 12.2306 0
      vertex 138.483 12.5167 0
    endloop
  endfacet
  facet normal 0 0 -1
    outer loop
      vertex 269.482 0.0291643 0
      vertex 136.176 12.0578 0
      vertex 137.341 12.2306 0
    endloop
  endfacet
  facet normal 0 0 -1
    outer loop
      vertex 269.482 0.0291643 0
      vertex 135 12 0
      vertex 136.176 12.0578 0
    endloop
  endfacet
  facet normal 0 0 -1
    outer loop
      vertex 4.48215 0.0291643 0
      vertex 135 12 0
      vertex 269.482 0.0291643 0
    endloop
  endfacet
  facet normal 0 0 -1
    outer loop
      vertex 127.108 14.9768 0
      vertex 125.977 16.1082 0
      vertex 126.967 17.0981 0
    endloop
  endfacet
  facet normal -0 0 -1
    outer loop
      vertex 123.058 22.8238 0
      vertex 4.48215 0.0291643 0
      vertex 123 24 0
    endloop
  endfacet
  facet normal -0 0 -1
    outer loop
      vertex 123.231 21.6589 0
      vertex 4.48215 0.0291643 0
      vertex 123.058 22.8238 0
    endloop
  endfacet
  facet normal -0 0 -1
    outer loop
      vertex 123.517 20.5166 0
      vertex 4.48215 0.0291643 0
      vertex 123.231 21.6589 0
    endloop
  endfacet
  facet normal -0 0 -1
    outer loop
      vertex 123.913 19.4078 0
      vertex 4.48215 0.0291643 0
      vertex 123.517 20.5166 0
    endloop
  endfacet
  facet normal -0 0 -1
    outer loop
      vertex 124.417 18.3432 0
      vertex 4.48215 0.0291643 0
      vertex 123.913 19.4078 0
    endloop
  endfacet
  facet normal -0 0 -1
    outer loop
      vertex 125.022 17.3332 0
      vertex 4.48215 0.0291643 0
      vertex 124.417 18.3432 0
    endloop
  endfacet
  facet normal -0 0 -1
    outer loop
      vertex 125.724 16.3873 0
      vertex 4.48215 0.0291643 0
      vertex 125.022 17.3332 0
    endloop
  endfacet
  facet normal -0 0 -1
    outer loop
      vertex 125.977 16.1082 0
      vertex 4.48215 0.0291643 0
      vertex 125.724 16.3873 0
    endloop
  endfacet
  facet normal -0 0 -1
    outer loop
      vertex 127.108 14.9768 0
      vertex 4.48215 0.0291643 0
      vertex 125.977 16.1082 0
    endloop
  endfacet
  facet normal -0 0 -1
    outer loop
      vertex 127.387 14.7239 0
      vertex 4.48215 0.0291643 0
      vertex 127.108 14.9768 0
    endloop
  endfacet
  facet normal -0 0 -1
    outer loop
      vertex 128.333 14.0224 0
      vertex 4.48215 0.0291643 0
      vertex 127.387 14.7239 0
    endloop
  endfacet
  facet normal -0 0 -1
    outer loop
      vertex 129.343 13.4169 0
      vertex 4.48215 0.0291643 0
      vertex 128.333 14.0224 0
    endloop
  endfacet
  facet normal -0 0 -1
    outer loop
      vertex 130.408 12.9135 0
      vertex 4.48215 0.0291643 0
      vertex 129.343 13.4169 0
    endloop
  endfacet
  facet normal -0 0 -1
    outer loop
      vertex 131.517 12.5167 0
      vertex 4.48215 0.0291643 0
      vertex 130.408 12.9135 0
    endloop
  endfacet
  facet normal -0 0 -1
    outer loop
      vertex 132.659 12.2306 0
      vertex 4.48215 0.0291643 0
      vertex 131.517 12.5167 0
    endloop
  endfacet
  facet normal -0 0 -1
    outer loop
      vertex 133.824 12.0578 0
      vertex 4.48215 0.0291643 0
      vertex 132.659 12.2306 0
    endloop
  endfacet
  facet normal -0 0 -1
    outer loop
      vertex 135 12 0
      vertex 4.48215 0.0291643 0
      vertex 133.824 12.0578 0
    endloop
  endfacet
  facet normal 0 0 -1
    outer loop
      vertex 146.769 26.3411 0
      vertex 269.482 0.0291643 0
      vertex 146.942 25.1762 0
    endloop
  endfacet
  facet normal 0 0 -1
    outer loop
      vertex 269.482 0.0291643 0
      vertex 146.769 26.3411 0
      vertex 269.482 72.9708 0
    endloop
  endfacet
  facet normal 0 0 -1
    outer loop
      vertex 146.483 27.4834 0
      vertex 269.482 72.9708 0
      vertex 146.769 26.3411 0
    endloop
  endfacet
  facet normal 0 0 -1
    outer loop
      vertex 146.087 28.5922 0
      vertex 269.482 72.9708 0
      vertex 146.483 27.4834 0
    endloop
  endfacet
  facet normal 0 0 -1
    outer loop
      vertex 145.583 29.6568 0
      vertex 269.482 72.9708 0
      vertex 146.087 28.5922 0
    endloop
  endfacet
  facet normal 0 0 -1
    outer loop
      vertex 144.978 30.6668 0
      vertex 269.482 72.9708 0
      vertex 145.583 29.6568 0
    endloop
  endfacet
  facet normal 0 0 -1
    outer loop
      vertex 144.276 31.6127 0
      vertex 269.482 72.9708 0
      vertex 144.978 30.6668 0
    endloop
  endfacet
  facet normal 0 0 -1
    outer loop
      vertex 144.023 31.8918 0
      vertex 269.482 72.9708 0
      vertex 144.276 31.6127 0
    endloop
  endfacet
  facet normal 0 0 -1
    outer loop
      vertex 142.892 33.0232 0
      vertex 144.023 31.8918 0
      vertex 143.033 30.9019 0
    endloop
  endfacet
  facet normal 0 0 -1
    outer loop
      vertex 142.892 33.0232 0
      vertex 269.482 72.9708 0
      vertex 144.023 31.8918 0
    endloop
  endfacet
  facet normal 0 0 -1
    outer loop
      vertex 142.613 33.2761 0
      vertex 269.482 72.9708 0
      vertex 142.892 33.0232 0
    endloop
  endfacet
  facet normal 0 0 -1
    outer loop
      vertex 141.667 33.9776 0
      vertex 269.482 72.9708 0
      vertex 142.613 33.2761 0
    endloop
  endfacet
  facet normal 0 0 -1
    outer loop
      vertex 140.657 34.5831 0
      vertex 269.482 72.9708 0
      vertex 141.667 33.9776 0
    endloop
  endfacet
  facet normal 0 0 -1
    outer loop
      vertex 139.592 35.0865 0
      vertex 269.482 72.9708 0
      vertex 140.657 34.5831 0
    endloop
  endfacet
  facet normal 0 0 -1
    outer loop
      vertex 138.483 35.4833 0
      vertex 269.482 72.9708 0
      vertex 139.592 35.0865 0
    endloop
  endfacet
  facet normal 0 0 -1
    outer loop
      vertex 137.341 35.7694 0
      vertex 269.482 72.9708 0
      vertex 138.483 35.4833 0
    endloop
  endfacet
  facet normal 0 0 -1
    outer loop
      vertex 136.176 35.9422 0
      vertex 269.482 72.9708 0
      vertex 137.341 35.7694 0
    endloop
  endfacet
  facet normal 0 0 -1
    outer loop
      vertex 135 36 0
      vertex 269.482 72.9708 0
      vertex 136.176 35.9422 0
    endloop
  endfacet
  facet normal 0 0 -1
    outer loop
      vertex 4.48215 72.9708 0
      vertex 135 36 0
      vertex 133.824 35.9422 0
    endloop
  endfacet
  facet normal 0 0 -1
    outer loop
      vertex 4.48215 72.9708 0
      vertex 133.824 35.9422 0
      vertex 132.659 35.7694 0
    endloop
  endfacet
  facet normal 0 0 -1
    outer loop
      vertex 4.48215 72.9708 0
      vertex 132.659 35.7694 0
      vertex 131.517 35.4833 0
    endloop
  endfacet
  facet normal 0 0 -1
    outer loop
      vertex 125.977 31.8918 0
      vertex 127.108 33.0232 0
      vertex 126.967 30.9019 0
    endloop
  endfacet
  facet normal 0 0 -1
    outer loop
      vertex 4.48215 0.0291643 0
      vertex 123.058 25.1762 0
      vertex 123 24 0
    endloop
  endfacet
  facet normal 0 0 -1
    outer loop
      vertex 4.48215 0.0291643 0
      vertex 123.231 26.3411 0
      vertex 123.058 25.1762 0
    endloop
  endfacet
  facet normal 0 0 -1
    outer loop
      vertex 4.48215 72.9708 0
      vertex 123.231 26.3411 0
      vertex 4.48215 0.0291643 0
    endloop
  endfacet
  facet normal 0 0 -1
    outer loop
      vertex 123.231 26.3411 0
      vertex 4.48215 72.9708 0
      vertex 123.517 27.4834 0
    endloop
  endfacet
  facet normal 0 0 -1
    outer loop
      vertex 123.517 27.4834 0
      vertex 4.48215 72.9708 0
      vertex 123.913 28.5922 0
    endloop
  endfacet
  facet normal 0 0 -1
    outer loop
      vertex 123.913 28.5922 0
      vertex 4.48215 72.9708 0
      vertex 124.417 29.6568 0
    endloop
  endfacet
  facet normal 0 0 -1
    outer loop
      vertex 124.417 29.6568 0
      vertex 4.48215 72.9708 0
      vertex 125.022 30.6668 0
    endloop
  endfacet
  facet normal 0 0 -1
    outer loop
      vertex 125.022 30.6668 0
      vertex 4.48215 72.9708 0
      vertex 125.724 31.6127 0
    endloop
  endfacet
  facet normal 0 0 -1
    outer loop
      vertex 125.724 31.6127 0
      vertex 4.48215 72.9708 0
      vertex 125.977 31.8918 0
    endloop
  endfacet
  facet normal 0 0 -1
    outer loop
      vertex 125.977 31.8918 0
      vertex 4.48215 72.9708 0
      vertex 127.108 33.0232 0
    endloop
  endfacet
  facet normal 0 0 -1
    outer loop
      vertex 127.108 33.0232 0
      vertex 4.48215 72.9708 0
      vertex 127.387 33.2761 0
    endloop
  endfacet
  facet normal 0 0 -1
    outer loop
      vertex 127.387 33.2761 0
      vertex 4.48215 72.9708 0
      vertex 128.333 33.9776 0
    endloop
  endfacet
  facet normal 0 0 -1
    outer loop
      vertex 128.333 33.9776 0
      vertex 4.48215 72.9708 0
      vertex 129.343 34.5831 0
    endloop
  endfacet
  facet normal 0 0 -1
    outer loop
      vertex 129.343 34.5831 0
      vertex 4.48215 72.9708 0
      vertex 130.408 35.0865 0
    endloop
  endfacet
  facet normal 0 0 -1
    outer loop
      vertex 135 36 0
      vertex 4.48215 72.9708 0
      vertex 269.482 72.9708 0
    endloop
  endfacet
  facet normal 0 0 -1
    outer loop
      vertex 130.408 35.0865 0
      vertex 4.48215 72.9708 0
      vertex 131.517 35.4833 0
    endloop
  endfacet
  facet normal 0 0 -1
    outer loop
      vertex 0.116232 3.04274 0
      vertex 4.48215 0.0291643 0
      vertex 2.58158 0.259934 0
    endloop
  endfacet
  facet normal 0 0 -1
    outer loop
      vertex 4.48215 0.0291643 0
      vertex 0.116232 3.04274 0
      vertex 4.48215 72.9708 0
    endloop
  endfacet
  facet normal 0 0 -1
    outer loop
      vertex 0.116232 3.04274 0
      vertex 2.58158 0.259934 0
      vertex 1.00596 1.34751 0
    endloop
  endfacet
  facet normal 0 0 -1
    outer loop
      vertex 0.116232 69.9573 0
      vertex 4.48215 72.9708 0
      vertex 0.116232 3.04274 0
    endloop
  endfacet
  facet normal 0 0 -1
    outer loop
      vertex 4.48215 72.9708 0
      vertex 0.116232 69.9573 0
      vertex 2.58158 72.7401 0
    endloop
  endfacet
  facet normal 0 0 -1
    outer loop
      vertex 2.58158 72.7401 0
      vertex 0.116232 69.9573 0
      vertex 1.00596 71.6525 0
    endloop
  endfacet
  facet normal 0 0 -1
    outer loop
      vertex 144.4 24 0
      vertex 145.6 24 0
      vertex 145.549 22.961 0
    endloop
  endfacet
  facet normal 0 0 -1
    outer loop
      vertex 144.355 23.0786 0
      vertex 145.549 22.961 0
      vertex 145.396 21.9321 0
    endloop
  endfacet
  facet normal 0 0 -1
    outer loop
      vertex 145.6 24 0
      vertex 144.4 24 0
      vertex 145.549 25.039 0
    endloop
  endfacet
  facet normal 0 0 -1
    outer loop
      vertex 144.219 22.1662 0
      vertex 145.396 21.9321 0
      vertex 145.144 20.923 0
    endloop
  endfacet
  facet normal 0 0 -1
    outer loop
      vertex 144.355 24.9214 0
      vertex 145.549 25.039 0
      vertex 144.4 24 0
    endloop
  endfacet
  facet normal 0 0 -1
    outer loop
      vertex 143.995 21.2713 0
      vertex 145.144 20.923 0
      vertex 144.793 19.9436 0
    endloop
  endfacet
  facet normal -0 0 -1
    outer loop
      vertex 145.549 25.039 0
      vertex 144.355 24.9214 0
      vertex 145.396 26.0679 0
    endloop
  endfacet
  facet normal 0 0 -1
    outer loop
      vertex 144.219 25.8338 0
      vertex 145.396 26.0679 0
      vertex 144.355 24.9214 0
    endloop
  endfacet
  facet normal 0 0 -1
    outer loop
      vertex 145.549 22.961 0
      vertex 144.355 23.0786 0
      vertex 144.4 24 0
    endloop
  endfacet
  facet normal 0 0 -1
    outer loop
      vertex 143.684 20.4028 0
      vertex 144.793 19.9436 0
      vertex 144.348 19.0032 0
    endloop
  endfacet
  facet normal 0 0 -1
    outer loop
      vertex 145.396 21.9321 0
      vertex 144.219 22.1662 0
      vertex 144.355 23.0786 0
    endloop
  endfacet
  facet normal 0 0 -1
    outer loop
      vertex 145.144 20.923 0
      vertex 143.995 21.2713 0
      vertex 144.219 22.1662 0
    endloop
  endfacet
  facet normal 0 0 -1
    outer loop
      vertex 143.29 19.5689 0
      vertex 144.348 19.0032 0
      vertex 143.814 18.111 0
    endloop
  endfacet
  facet normal 0 0 -1
    outer loop
      vertex 144.793 19.9436 0
      vertex 143.684 20.4028 0
      vertex 143.995 21.2713 0
    endloop
  endfacet
  facet normal 0 0 -1
    outer loop
      vertex 144.348 19.0032 0
      vertex 143.29 19.5689 0
      vertex 143.684 20.4028 0
    endloop
  endfacet
  facet normal 0 0 -1
    outer loop
      vertex 142.816 18.7776 0
      vertex 143.814 18.111 0
      vertex 143.194 17.2754 0
    endloop
  endfacet
  facet normal 0 0 -1
    outer loop
      vertex 142.266 18.0367 0
      vertex 143.194 17.2754 0
      vertex 143.033 17.0981 0
    endloop
  endfacet
  facet normal 0 0 -1
    outer loop
      vertex 143.814 18.111 0
      vertex 142.816 18.7776 0
      vertex 143.29 19.5689 0
    endloop
  endfacet
  facet normal 0 0 -1
    outer loop
      vertex 141.902 15.9668 0
      vertex 143.033 17.0981 0
      vertex 142.892 14.9768 0
    endloop
  endfacet
  facet normal 0 0 -1
    outer loop
      vertex 143.194 17.2754 0
      vertex 142.266 18.0367 0
      vertex 142.816 18.7776 0
    endloop
  endfacet
  facet normal 0 -0 -1
    outer loop
      vertex 142.185 17.9467 0
      vertex 143.033 17.0981 0
      vertex 141.902 15.9668 0
    endloop
  endfacet
  facet normal 0 0 -1
    outer loop
      vertex 143.033 17.0981 0
      vertex 142.185 17.9467 0
      vertex 142.266 18.0367 0
    endloop
  endfacet
  facet normal 0 0 -1
    outer loop
      vertex 141.053 16.8153 0
      vertex 141.902 15.9668 0
      vertex 141.725 15.8061 0
    endloop
  endfacet
  facet normal 0 0 -1
    outer loop
      vertex 141.902 15.9668 0
      vertex 141.053 16.8153 0
      vertex 142.185 17.9467 0
    endloop
  endfacet
  facet normal -0 0 -1
    outer loop
      vertex 142.185 17.9467 0
      vertex 141.053 16.8153 0
      vertex 141.194 18.9377 0
    endloop
  endfacet
  facet normal 0 0 -1
    outer loop
      vertex 141.725 15.8061 0
      vertex 140.963 16.7337 0
      vertex 141.053 16.8153 0
    endloop
  endfacet
  facet normal 0 0 -1
    outer loop
      vertex 140.889 15.1864 0
      vertex 140.963 16.7337 0
      vertex 141.725 15.8061 0
    endloop
  endfacet
  facet normal 0 0 -1
    outer loop
      vertex 140.889 15.1864 0
      vertex 140.222 16.1842 0
      vertex 140.963 16.7337 0
    endloop
  endfacet
  facet normal 0 0 -1
    outer loop
      vertex 139.997 14.6516 0
      vertex 140.222 16.1842 0
      vertex 140.889 15.1864 0
    endloop
  endfacet
  facet normal 0 0 -1
    outer loop
      vertex 139.997 14.6516 0
      vertex 139.431 15.7099 0
      vertex 140.222 16.1842 0
    endloop
  endfacet
  facet normal 0 0 -1
    outer loop
      vertex 139.056 14.2069 0
      vertex 139.431 15.7099 0
      vertex 139.997 14.6516 0
    endloop
  endfacet
  facet normal 0 0 -1
    outer loop
      vertex 139.056 14.2069 0
      vertex 138.597 15.3155 0
      vertex 139.431 15.7099 0
    endloop
  endfacet
  facet normal 0 0 -1
    outer loop
      vertex 138.077 13.8564 0
      vertex 138.597 15.3155 0
      vertex 139.056 14.2069 0
    endloop
  endfacet
  facet normal 0 0 -1
    outer loop
      vertex 138.077 13.8564 0
      vertex 137.729 15.0048 0
      vertex 138.597 15.3155 0
    endloop
  endfacet
  facet normal 0 0 -1
    outer loop
      vertex 137.068 13.6037 0
      vertex 137.729 15.0048 0
      vertex 138.077 13.8564 0
    endloop
  endfacet
  facet normal 0 0 -1
    outer loop
      vertex 137.068 13.6037 0
      vertex 136.834 14.7806 0
      vertex 137.729 15.0048 0
    endloop
  endfacet
  facet normal 0 0 -1
    outer loop
      vertex 136.039 13.451 0
      vertex 136.834 14.7806 0
      vertex 137.068 13.6037 0
    endloop
  endfacet
  facet normal 0 0 -1
    outer loop
      vertex 136.039 13.451 0
      vertex 135.921 14.6453 0
      vertex 136.834 14.7806 0
    endloop
  endfacet
  facet normal 0 0 -1
    outer loop
      vertex 135 13.4 0
      vertex 135.921 14.6453 0
      vertex 136.039 13.451 0
    endloop
  endfacet
  facet normal 0 0 -1
    outer loop
      vertex 135 13.4 0
      vertex 135 14.6 0
      vertex 135.921 14.6453 0
    endloop
  endfacet
  facet normal 0 0 -1
    outer loop
      vertex 135 13.4 0
      vertex 134.079 14.6453 0
      vertex 135 14.6 0
    endloop
  endfacet
  facet normal 0 0 -1
    outer loop
      vertex 133.961 13.451 0
      vertex 134.079 14.6453 0
      vertex 135 13.4 0
    endloop
  endfacet
  facet normal 0 0 -1
    outer loop
      vertex 133.961 13.451 0
      vertex 133.166 14.7806 0
      vertex 134.079 14.6453 0
    endloop
  endfacet
  facet normal 0 0 -1
    outer loop
      vertex 132.932 13.6037 0
      vertex 133.166 14.7806 0
      vertex 133.961 13.451 0
    endloop
  endfacet
  facet normal 0 0 -1
    outer loop
      vertex 132.932 13.6037 0
      vertex 132.271 15.0048 0
      vertex 133.166 14.7806 0
    endloop
  endfacet
  facet normal 0 0 -1
    outer loop
      vertex 131.923 13.8564 0
      vertex 132.271 15.0048 0
      vertex 132.932 13.6037 0
    endloop
  endfacet
  facet normal 0 0 -1
    outer loop
      vertex 131.923 13.8564 0
      vertex 131.403 15.3155 0
      vertex 132.271 15.0048 0
    endloop
  endfacet
  facet normal 0 0 -1
    outer loop
      vertex 130.944 14.2069 0
      vertex 131.403 15.3155 0
      vertex 131.923 13.8564 0
    endloop
  endfacet
  facet normal 0 0 -1
    outer loop
      vertex 130.944 14.2069 0
      vertex 130.569 15.7099 0
      vertex 131.403 15.3155 0
    endloop
  endfacet
  facet normal 0 0 -1
    outer loop
      vertex 130.003 14.6516 0
      vertex 130.569 15.7099 0
      vertex 130.944 14.2069 0
    endloop
  endfacet
  facet normal 0 0 -1
    outer loop
      vertex 130.003 14.6516 0
      vertex 129.778 16.1842 0
      vertex 130.569 15.7099 0
    endloop
  endfacet
  facet normal 0 0 -1
    outer loop
      vertex 129.111 15.1864 0
      vertex 129.778 16.1842 0
      vertex 130.003 14.6516 0
    endloop
  endfacet
  facet normal 0 0 -1
    outer loop
      vertex 129.111 15.1864 0
      vertex 129.037 16.7337 0
      vertex 129.778 16.1842 0
    endloop
  endfacet
  facet normal 0 0 -1
    outer loop
      vertex 128.275 15.8061 0
      vertex 129.037 16.7337 0
      vertex 129.111 15.1864 0
    endloop
  endfacet
  facet normal -0 0 -1
    outer loop
      vertex 129.037 16.7337 0
      vertex 128.275 15.8061 0
      vertex 128.947 16.8153 0
    endloop
  endfacet
  facet normal 0 0 -1
    outer loop
      vertex 128.098 15.9668 0
      vertex 128.947 16.8153 0
      vertex 128.275 15.8061 0
    endloop
  endfacet
  facet normal -0 0 -1
    outer loop
      vertex 128.947 16.8153 0
      vertex 128.098 15.9668 0
      vertex 127.815 17.9467 0
    endloop
  endfacet
  facet normal 0 0 -1
    outer loop
      vertex 128.947 16.8153 0
      vertex 127.815 17.9467 0
      vertex 128.806 18.9377 0
    endloop
  endfacet
  facet normal 0 0 -1
    outer loop
      vertex 126.967 17.0981 0
      vertex 127.815 17.9467 0
      vertex 128.098 15.9668 0
    endloop
  endfacet
  facet normal -0 0 -1
    outer loop
      vertex 127.815 17.9467 0
      vertex 126.967 17.0981 0
      vertex 127.734 18.0367 0
    endloop
  endfacet
  facet normal 0 0 -1
    outer loop
      vertex 126.967 17.0981 0
      vertex 128.098 15.9668 0
      vertex 127.108 14.9768 0
    endloop
  endfacet
  facet normal 0 0 -1
    outer loop
      vertex 126.806 17.2754 0
      vertex 127.734 18.0367 0
      vertex 126.967 17.0981 0
    endloop
  endfacet
  facet normal -0 0 -1
    outer loop
      vertex 127.734 18.0367 0
      vertex 126.806 17.2754 0
      vertex 127.184 18.7776 0
    endloop
  endfacet
  facet normal 0 0 -1
    outer loop
      vertex 126.186 18.111 0
      vertex 127.184 18.7776 0
      vertex 126.806 17.2754 0
    endloop
  endfacet
  facet normal -0 0 -1
    outer loop
      vertex 127.184 18.7776 0
      vertex 126.186 18.111 0
      vertex 126.71 19.5689 0
    endloop
  endfacet
  facet normal 0 0 -1
    outer loop
      vertex 125.652 19.0032 0
      vertex 126.71 19.5689 0
      vertex 126.186 18.111 0
    endloop
  endfacet
  facet normal -0 0 -1
    outer loop
      vertex 126.71 19.5689 0
      vertex 125.652 19.0032 0
      vertex 126.316 20.4028 0
    endloop
  endfacet
  facet normal 0 0 -1
    outer loop
      vertex 125.207 19.9436 0
      vertex 126.316 20.4028 0
      vertex 125.652 19.0032 0
    endloop
  endfacet
  facet normal -0 0 -1
    outer loop
      vertex 126.316 20.4028 0
      vertex 125.207 19.9436 0
      vertex 126.005 21.2713 0
    endloop
  endfacet
  facet normal 0 0 -1
    outer loop
      vertex 124.856 20.923 0
      vertex 126.005 21.2713 0
      vertex 125.207 19.9436 0
    endloop
  endfacet
  facet normal -0 0 -1
    outer loop
      vertex 126.005 21.2713 0
      vertex 124.856 20.923 0
      vertex 125.781 22.1662 0
    endloop
  endfacet
  facet normal 0 0 -1
    outer loop
      vertex 124.604 21.9321 0
      vertex 125.781 22.1662 0
      vertex 124.856 20.923 0
    endloop
  endfacet
  facet normal -0 0 -1
    outer loop
      vertex 145.396 26.0679 0
      vertex 144.219 25.8338 0
      vertex 145.144 27.077 0
    endloop
  endfacet
  facet normal 0 0 -1
    outer loop
      vertex 143.995 26.7287 0
      vertex 145.144 27.077 0
      vertex 144.219 25.8338 0
    endloop
  endfacet
  facet normal -0 0 -1
    outer loop
      vertex 145.144 27.077 0
      vertex 143.995 26.7287 0
      vertex 144.793 28.0564 0
    endloop
  endfacet
  facet normal 0 0 -1
    outer loop
      vertex 143.684 27.5972 0
      vertex 144.793 28.0564 0
      vertex 143.995 26.7287 0
    endloop
  endfacet
  facet normal -0 0 -1
    outer loop
      vertex 144.793 28.0564 0
      vertex 143.684 27.5972 0
      vertex 144.348 28.9968 0
    endloop
  endfacet
  facet normal 0 0 -1
    outer loop
      vertex 143.29 28.4311 0
      vertex 144.348 28.9968 0
      vertex 143.684 27.5972 0
    endloop
  endfacet
  facet normal -0 0 -1
    outer loop
      vertex 144.348 28.9968 0
      vertex 143.29 28.4311 0
      vertex 143.814 29.889 0
    endloop
  endfacet
  facet normal 0 0 -1
    outer loop
      vertex 142.816 29.2224 0
      vertex 143.814 29.889 0
      vertex 143.29 28.4311 0
    endloop
  endfacet
  facet normal -0 0 -1
    outer loop
      vertex 143.814 29.889 0
      vertex 142.816 29.2224 0
      vertex 143.194 30.7246 0
    endloop
  endfacet
  facet normal 0 0 -1
    outer loop
      vertex 142.266 29.9633 0
      vertex 143.194 30.7246 0
      vertex 142.816 29.2224 0
    endloop
  endfacet
  facet normal -0 0 -1
    outer loop
      vertex 143.194 30.7246 0
      vertex 142.266 29.9633 0
      vertex 143.033 30.9019 0
    endloop
  endfacet
  facet normal 0 0 -1
    outer loop
      vertex 142.185 30.0533 0
      vertex 143.033 30.9019 0
      vertex 142.266 29.9633 0
    endloop
  endfacet
  facet normal -0 0 -1
    outer loop
      vertex 143.033 30.9019 0
      vertex 142.185 30.0533 0
      vertex 141.902 32.0332 0
    endloop
  endfacet
  facet normal 0 0 -1
    outer loop
      vertex 143.033 30.9019 0
      vertex 141.902 32.0332 0
      vertex 142.892 33.0232 0
    endloop
  endfacet
  facet normal 0 0 -1
    outer loop
      vertex 141.053 31.1847 0
      vertex 141.902 32.0332 0
      vertex 142.185 30.0533 0
    endloop
  endfacet
  facet normal 0 0 -1
    outer loop
      vertex 141.053 31.1847 0
      vertex 142.185 30.0533 0
      vertex 141.194 29.0623 0
    endloop
  endfacet
  facet normal -0 0 -1
    outer loop
      vertex 141.902 32.0332 0
      vertex 141.053 31.1847 0
      vertex 141.725 32.1939 0
    endloop
  endfacet
  facet normal 0 0 -1
    outer loop
      vertex 140.963 31.2663 0
      vertex 141.725 32.1939 0
      vertex 141.053 31.1847 0
    endloop
  endfacet
  facet normal 0 0 -1
    outer loop
      vertex 140.963 31.2663 0
      vertex 140.889 32.8136 0
      vertex 141.725 32.1939 0
    endloop
  endfacet
  facet normal 0 0 -1
    outer loop
      vertex 140.222 31.8158 0
      vertex 140.889 32.8136 0
      vertex 140.963 31.2663 0
    endloop
  endfacet
  facet normal 0 0 -1
    outer loop
      vertex 140.222 31.8158 0
      vertex 139.997 33.3484 0
      vertex 140.889 32.8136 0
    endloop
  endfacet
  facet normal 0 0 -1
    outer loop
      vertex 139.431 32.2901 0
      vertex 139.997 33.3484 0
      vertex 140.222 31.8158 0
    endloop
  endfacet
  facet normal 0 0 -1
    outer loop
      vertex 139.431 32.2901 0
      vertex 139.056 33.7931 0
      vertex 139.997 33.3484 0
    endloop
  endfacet
  facet normal 0 0 -1
    outer loop
      vertex 138.597 32.6845 0
      vertex 139.056 33.7931 0
      vertex 139.431 32.2901 0
    endloop
  endfacet
  facet normal 0 0 -1
    outer loop
      vertex 138.597 32.6845 0
      vertex 138.077 34.1436 0
      vertex 139.056 33.7931 0
    endloop
  endfacet
  facet normal 0 0 -1
    outer loop
      vertex 137.729 32.9952 0
      vertex 138.077 34.1436 0
      vertex 138.597 32.6845 0
    endloop
  endfacet
  facet normal 0 0 -1
    outer loop
      vertex 137.729 32.9952 0
      vertex 137.068 34.3963 0
      vertex 138.077 34.1436 0
    endloop
  endfacet
  facet normal 0 0 -1
    outer loop
      vertex 136.834 33.2194 0
      vertex 137.068 34.3963 0
      vertex 137.729 32.9952 0
    endloop
  endfacet
  facet normal 0 0 -1
    outer loop
      vertex 136.834 33.2194 0
      vertex 136.039 34.549 0
      vertex 137.068 34.3963 0
    endloop
  endfacet
  facet normal 0 0 -1
    outer loop
      vertex 135.921 33.3547 0
      vertex 136.039 34.549 0
      vertex 136.834 33.2194 0
    endloop
  endfacet
  facet normal 0 0 -1
    outer loop
      vertex 135 33.4 0
      vertex 136.039 34.549 0
      vertex 135.921 33.3547 0
    endloop
  endfacet
  facet normal 0 0 -1
    outer loop
      vertex 135 33.4 0
      vertex 135 34.6 0
      vertex 136.039 34.549 0
    endloop
  endfacet
  facet normal 0 0 -1
    outer loop
      vertex 134.079 33.3547 0
      vertex 135 34.6 0
      vertex 135 33.4 0
    endloop
  endfacet
  facet normal 0 0 -1
    outer loop
      vertex 134.079 33.3547 0
      vertex 133.961 34.549 0
      vertex 135 34.6 0
    endloop
  endfacet
  facet normal 0 0 -1
    outer loop
      vertex 133.166 33.2194 0
      vertex 133.961 34.549 0
      vertex 134.079 33.3547 0
    endloop
  endfacet
  facet normal 0 0 -1
    outer loop
      vertex 133.166 33.2194 0
      vertex 132.932 34.3963 0
      vertex 133.961 34.549 0
    endloop
  endfacet
  facet normal 0 0 -1
    outer loop
      vertex 132.271 32.9952 0
      vertex 132.932 34.3963 0
      vertex 133.166 33.2194 0
    endloop
  endfacet
  facet normal 0 0 -1
    outer loop
      vertex 132.271 32.9952 0
      vertex 131.923 34.1436 0
      vertex 132.932 34.3963 0
    endloop
  endfacet
  facet normal 0 0 -1
    outer loop
      vertex 131.403 32.6845 0
      vertex 131.923 34.1436 0
      vertex 132.271 32.9952 0
    endloop
  endfacet
  facet normal 0 0 -1
    outer loop
      vertex 131.403 32.6845 0
      vertex 130.944 33.7931 0
      vertex 131.923 34.1436 0
    endloop
  endfacet
  facet normal 0 0 -1
    outer loop
      vertex 130.569 32.2901 0
      vertex 130.944 33.7931 0
      vertex 131.403 32.6845 0
    endloop
  endfacet
  facet normal 0 0 -1
    outer loop
      vertex 130.569 32.2901 0
      vertex 130.003 33.3484 0
      vertex 130.944 33.7931 0
    endloop
  endfacet
  facet normal 0 0 -1
    outer loop
      vertex 129.778 31.8158 0
      vertex 130.003 33.3484 0
      vertex 130.569 32.2901 0
    endloop
  endfacet
  facet normal 0 0 -1
    outer loop
      vertex 129.778 31.8158 0
      vertex 129.111 32.8136 0
      vertex 130.003 33.3484 0
    endloop
  endfacet
  facet normal 0 0 -1
    outer loop
      vertex 129.037 31.2663 0
      vertex 129.111 32.8136 0
      vertex 129.778 31.8158 0
    endloop
  endfacet
  facet normal 0 0 -1
    outer loop
      vertex 128.275 32.1939 0
      vertex 129.037 31.2663 0
      vertex 128.947 31.1847 0
    endloop
  endfacet
  facet normal 0 0 -1
    outer loop
      vertex 129.037 31.2663 0
      vertex 128.275 32.1939 0
      vertex 129.111 32.8136 0
    endloop
  endfacet
  facet normal 0 0 -1
    outer loop
      vertex 127.815 30.0533 0
      vertex 128.947 31.1847 0
      vertex 128.806 29.0623 0
    endloop
  endfacet
  facet normal 0 -0 -1
    outer loop
      vertex 128.098 32.0332 0
      vertex 128.947 31.1847 0
      vertex 127.815 30.0533 0
    endloop
  endfacet
  facet normal 0 0 -1
    outer loop
      vertex 128.947 31.1847 0
      vertex 128.098 32.0332 0
      vertex 128.275 32.1939 0
    endloop
  endfacet
  facet normal 0 0 -1
    outer loop
      vertex 126.967 30.9019 0
      vertex 127.815 30.0533 0
      vertex 127.734 29.9633 0
    endloop
  endfacet
  facet normal 0 0 -1
    outer loop
      vertex 126.806 30.7246 0
      vertex 127.734 29.9633 0
      vertex 127.184 29.2224 0
    endloop
  endfacet
  facet normal 0 0 -1
    outer loop
      vertex 127.815 30.0533 0
      vertex 126.967 30.9019 0
      vertex 128.098 32.0332 0
    endloop
  endfacet
  facet normal -0 0 -1
    outer loop
      vertex 128.098 32.0332 0
      vertex 126.967 30.9019 0
      vertex 127.108 33.0232 0
    endloop
  endfacet
  facet normal 0 0 -1
    outer loop
      vertex 127.734 29.9633 0
      vertex 126.806 30.7246 0
      vertex 126.967 30.9019 0
    endloop
  endfacet
  facet normal 0 0 -1
    outer loop
      vertex 126.186 29.889 0
      vertex 127.184 29.2224 0
      vertex 126.71 28.4311 0
    endloop
  endfacet
  facet normal 0 0 -1
    outer loop
      vertex 125.652 28.9968 0
      vertex 126.71 28.4311 0
      vertex 126.316 27.5972 0
    endloop
  endfacet
  facet normal 0 0 -1
    outer loop
      vertex 127.184 29.2224 0
      vertex 126.186 29.889 0
      vertex 126.806 30.7246 0
    endloop
  endfacet
  facet normal 0 0 -1
    outer loop
      vertex 125.207 28.0564 0
      vertex 126.316 27.5972 0
      vertex 126.005 26.7287 0
    endloop
  endfacet
  facet normal 0 0 -1
    outer loop
      vertex 124.856 27.077 0
      vertex 126.005 26.7287 0
      vertex 125.781 25.8338 0
    endloop
  endfacet
  facet normal 0 0 -1
    outer loop
      vertex 126.71 28.4311 0
      vertex 125.652 28.9968 0
      vertex 126.186 29.889 0
    endloop
  endfacet
  facet normal 0 0 -1
    outer loop
      vertex 124.604 26.0679 0
      vertex 125.781 25.8338 0
      vertex 125.645 24.9214 0
    endloop
  endfacet
  facet normal 0 0 -1
    outer loop
      vertex 124.451 25.039 0
      vertex 125.645 24.9214 0
      vertex 125.6 24 0
    endloop
  endfacet
  facet normal -0 0 -1
    outer loop
      vertex 125.781 22.1662 0
      vertex 124.604 21.9321 0
      vertex 125.645 23.0786 0
    endloop
  endfacet
  facet normal 0 0 -1
    outer loop
      vertex 126.316 27.5972 0
      vertex 125.207 28.0564 0
      vertex 125.652 28.9968 0
    endloop
  endfacet
  facet normal 0 0 -1
    outer loop
      vertex 124.451 22.961 0
      vertex 125.645 23.0786 0
      vertex 124.604 21.9321 0
    endloop
  endfacet
  facet normal 0 0 -1
    outer loop
      vertex 126.005 26.7287 0
      vertex 124.856 27.077 0
      vertex 125.207 28.0564 0
    endloop
  endfacet
  facet normal -0 0 -1
    outer loop
      vertex 125.645 23.0786 0
      vertex 124.451 22.961 0
      vertex 125.6 24 0
    endloop
  endfacet
  facet normal 0 0 -1
    outer loop
      vertex 125.781 25.8338 0
      vertex 124.604 26.0679 0
      vertex 124.856 27.077 0
    endloop
  endfacet
  facet normal 0 0 -1
    outer loop
      vertex 124.4 24 0
      vertex 125.6 24 0
      vertex 124.451 22.961 0
    endloop
  endfacet
  facet normal 0 0 -1
    outer loop
      vertex 125.645 24.9214 0
      vertex 124.451 25.039 0
      vertex 124.604 26.0679 0
    endloop
  endfacet
  facet normal 0 0 -1
    outer loop
      vertex 125.6 24 0
      vertex 124.4 24 0
      vertex 124.451 25.039 0
    endloop
  endfacet
  facet normal 0 0 -1
    outer loop
      vertex 141.8 24 0
      vertex 143 24 0
      vertex 142.961 23.2159 0
    endloop
  endfacet
  facet normal 0 0 -1
    outer loop
      vertex 141.767 23.3335 0
      vertex 142.961 23.2159 0
      vertex 142.846 22.4393 0
    endloop
  endfacet
  facet normal 0 0 -1
    outer loop
      vertex 143 24 0
      vertex 141.8 24 0
      vertex 142.961 24.7841 0
    endloop
  endfacet
  facet normal 0 0 -1
    outer loop
      vertex 141.669 22.6734 0
      vertex 142.846 22.4393 0
      vertex 142.656 21.6777 0
    endloop
  endfacet
  facet normal 0 0 -1
    outer loop
      vertex 141.767 24.6665 0
      vertex 142.961 24.7841 0
      vertex 141.8 24 0
    endloop
  endfacet
  facet normal 0 0 -1
    outer loop
      vertex 141.507 22.0261 0
      vertex 142.656 21.6777 0
      vertex 142.391 20.9385 0
    endloop
  endfacet
  facet normal -0 0 -1
    outer loop
      vertex 142.961 24.7841 0
      vertex 141.767 24.6665 0
      vertex 142.846 25.5607 0
    endloop
  endfacet
  facet normal 0 0 -1
    outer loop
      vertex 141.282 21.3978 0
      vertex 142.391 20.9385 0
      vertex 142.055 20.2288 0
    endloop
  endfacet
  facet normal 0 0 -1
    outer loop
      vertex 141.669 25.3266 0
      vertex 142.846 25.5607 0
      vertex 141.767 24.6665 0
    endloop
  endfacet
  facet normal -0 0 -1
    outer loop
      vertex 142.846 25.5607 0
      vertex 141.669 25.3266 0
      vertex 142.656 26.3223 0
    endloop
  endfacet
  facet normal 0 0 -1
    outer loop
      vertex 142.961 23.2159 0
      vertex 141.767 23.3335 0
      vertex 141.8 24 0
    endloop
  endfacet
  facet normal 0 0 -1
    outer loop
      vertex 142.846 22.4393 0
      vertex 141.669 22.6734 0
      vertex 141.767 23.3335 0
    endloop
  endfacet
  facet normal 0 0 -1
    outer loop
      vertex 140.997 20.7945 0
      vertex 142.055 20.2288 0
      vertex 141.652 19.5555 0
    endloop
  endfacet
  facet normal 0 0 -1
    outer loop
      vertex 142.656 21.6777 0
      vertex 141.507 22.0261 0
      vertex 141.669 22.6734 0
    endloop
  endfacet
  facet normal 0 0 -1
    outer loop
      vertex 142.391 20.9385 0
      vertex 141.282 21.3978 0
      vertex 141.507 22.0261 0
    endloop
  endfacet
  facet normal 0 0 -1
    outer loop
      vertex 140.337 19.7945 0
      vertex 141.652 19.5555 0
      vertex 141.194 18.9377 0
    endloop
  endfacet
  facet normal 0 0 -1
    outer loop
      vertex 140.062 17.8064 0
      vertex 141.194 18.9377 0
      vertex 141.053 16.8153 0
    endloop
  endfacet
  facet normal 0 0 -1
    outer loop
      vertex 142.055 20.2288 0
      vertex 140.997 20.7945 0
      vertex 141.282 21.3978 0
    endloop
  endfacet
  facet normal 0 0 -1
    outer loop
      vertex 141.652 19.5555 0
      vertex 140.654 20.2221 0
      vertex 140.997 20.7945 0
    endloop
  endfacet
  facet normal 0 0 -1
    outer loop
      vertex 141.652 19.5555 0
      vertex 140.337 19.7945 0
      vertex 140.654 20.2221 0
    endloop
  endfacet
  facet normal -0 0 -1
    outer loop
      vertex 141.194 18.9377 0
      vertex 140.062 17.8064 0
      vertex 140.337 19.7945 0
    endloop
  endfacet
  facet normal 0 0 -1
    outer loop
      vertex 139.205 18.6631 0
      vertex 140.062 17.8064 0
      vertex 139.445 17.3483 0
    endloop
  endfacet
  facet normal 0 0 -1
    outer loop
      vertex 140.062 17.8064 0
      vertex 139.205 18.6631 0
      vertex 140.337 19.7945 0
    endloop
  endfacet
  facet normal 0 0 -1
    outer loop
      vertex 138.206 19.6627 0
      vertex 139.337 20.7941 0
      vertex 139.205 18.6631 0
    endloop
  endfacet
  facet normal -0 0 -1
    outer loop
      vertex 140.337 19.7945 0
      vertex 139.205 18.6631 0
      vertex 139.337 20.7941 0
    endloop
  endfacet
  facet normal 0 0 -1
    outer loop
      vertex 139.445 17.3483 0
      vertex 138.778 18.346 0
      vertex 139.205 18.6631 0
    endloop
  endfacet
  facet normal 0 0 -1
    outer loop
      vertex 138.771 16.9446 0
      vertex 138.778 18.346 0
      vertex 139.445 17.3483 0
    endloop
  endfacet
  facet normal 0 0 -1
    outer loop
      vertex 138.771 16.9446 0
      vertex 138.205 18.0029 0
      vertex 138.778 18.346 0
    endloop
  endfacet
  facet normal 0 0 -1
    outer loop
      vertex 138.061 16.609 0
      vertex 138.205 18.0029 0
      vertex 138.771 16.9446 0
    endloop
  endfacet
  facet normal 0 0 -1
    outer loop
      vertex 138.061 16.609 0
      vertex 137.602 17.7176 0
      vertex 138.205 18.0029 0
    endloop
  endfacet
  facet normal 0 0 -1
    outer loop
      vertex 137.322 16.3445 0
      vertex 137.602 17.7176 0
      vertex 138.061 16.609 0
    endloop
  endfacet
  facet normal 0 0 -1
    outer loop
      vertex 137.322 16.3445 0
      vertex 136.974 17.4928 0
      vertex 137.602 17.7176 0
    endloop
  endfacet
  facet normal 0 0 -1
    outer loop
      vertex 136.561 16.1537 0
      vertex 136.974 17.4928 0
      vertex 137.322 16.3445 0
    endloop
  endfacet
  facet normal 0 0 -1
    outer loop
      vertex 136.561 16.1537 0
      vertex 136.327 17.3307 0
      vertex 136.974 17.4928 0
    endloop
  endfacet
  facet normal 0 0 -1
    outer loop
      vertex 135.784 16.0385 0
      vertex 136.327 17.3307 0
      vertex 136.561 16.1537 0
    endloop
  endfacet
  facet normal 0 0 -1
    outer loop
      vertex 135.784 16.0385 0
      vertex 135.667 17.2328 0
      vertex 136.327 17.3307 0
    endloop
  endfacet
  facet normal 0 0 -1
    outer loop
      vertex 135 16 0
      vertex 135.667 17.2328 0
      vertex 135.784 16.0385 0
    endloop
  endfacet
  facet normal 0 0 -1
    outer loop
      vertex 135 16 0
      vertex 135 17.2 0
      vertex 135.667 17.2328 0
    endloop
  endfacet
  facet normal 0 0 -1
    outer loop
      vertex 135 16 0
      vertex 134.333 17.2328 0
      vertex 135 17.2 0
    endloop
  endfacet
  facet normal 0 0 -1
    outer loop
      vertex 134.216 16.0385 0
      vertex 134.333 17.2328 0
      vertex 135 16 0
    endloop
  endfacet
  facet normal 0 0 -1
    outer loop
      vertex 134.216 16.0385 0
      vertex 133.673 17.3307 0
      vertex 134.333 17.2328 0
    endloop
  endfacet
  facet normal 0 0 -1
    outer loop
      vertex 133.439 16.1537 0
      vertex 133.673 17.3307 0
      vertex 134.216 16.0385 0
    endloop
  endfacet
  facet normal 0 0 -1
    outer loop
      vertex 133.439 16.1537 0
      vertex 133.026 17.4928 0
      vertex 133.673 17.3307 0
    endloop
  endfacet
  facet normal 0 0 -1
    outer loop
      vertex 132.678 16.3445 0
      vertex 133.026 17.4928 0
      vertex 133.439 16.1537 0
    endloop
  endfacet
  facet normal 0 0 -1
    outer loop
      vertex 132.678 16.3445 0
      vertex 132.398 17.7176 0
      vertex 133.026 17.4928 0
    endloop
  endfacet
  facet normal 0 0 -1
    outer loop
      vertex 131.939 16.609 0
      vertex 132.398 17.7176 0
      vertex 132.678 16.3445 0
    endloop
  endfacet
  facet normal 0 0 -1
    outer loop
      vertex 131.939 16.609 0
      vertex 131.795 18.0029 0
      vertex 132.398 17.7176 0
    endloop
  endfacet
  facet normal 0 0 -1
    outer loop
      vertex 131.229 16.9446 0
      vertex 131.795 18.0029 0
      vertex 131.939 16.609 0
    endloop
  endfacet
  facet normal 0 0 -1
    outer loop
      vertex 131.229 16.9446 0
      vertex 131.222 18.346 0
      vertex 131.795 18.0029 0
    endloop
  endfacet
  facet normal 0 0 -1
    outer loop
      vertex 130.555 17.3483 0
      vertex 131.222 18.346 0
      vertex 131.229 16.9446 0
    endloop
  endfacet
  facet normal 0 0 -1
    outer loop
      vertex 133.586 25.4142 0
      vertex 130.663 27.2059 0
      vertex 131.794 28.3373 0
    endloop
  endfacet
  facet normal -0 0 -1
    outer loop
      vertex 131.222 18.346 0
      vertex 130.555 17.3483 0
      vertex 130.795 18.6631 0
    endloop
  endfacet
  facet normal 0 0 -1
    outer loop
      vertex 129.938 17.8064 0
      vertex 130.795 18.6631 0
      vertex 130.555 17.3483 0
    endloop
  endfacet
  facet normal -0 0 -1
    outer loop
      vertex 130.795 18.6631 0
      vertex 129.938 17.8064 0
      vertex 129.663 19.7945 0
    endloop
  endfacet
  facet normal 0 0 -1
    outer loop
      vertex 130.795 18.6631 0
      vertex 129.663 19.7945 0
      vertex 130.663 20.7941 0
    endloop
  endfacet
  facet normal 0 0 -1
    outer loop
      vertex 128.806 18.9377 0
      vertex 129.663 19.7945 0
      vertex 129.938 17.8064 0
    endloop
  endfacet
  facet normal 0 0 -1
    outer loop
      vertex 128.348 19.5555 0
      vertex 129.663 19.7945 0
      vertex 128.806 18.9377 0
    endloop
  endfacet
  facet normal 0 0 -1
    outer loop
      vertex 128.806 18.9377 0
      vertex 129.938 17.8064 0
      vertex 128.947 16.8153 0
    endloop
  endfacet
  facet normal -0 0 -1
    outer loop
      vertex 129.663 19.7945 0
      vertex 128.348 19.5555 0
      vertex 129.346 20.2221 0
    endloop
  endfacet
  facet normal -0 0 -1
    outer loop
      vertex 129.346 20.2221 0
      vertex 128.348 19.5555 0
      vertex 129.003 20.7945 0
    endloop
  endfacet
  facet normal 0 0 -1
    outer loop
      vertex 127.945 20.2288 0
      vertex 129.003 20.7945 0
      vertex 128.348 19.5555 0
    endloop
  endfacet
  facet normal -0 0 -1
    outer loop
      vertex 129.003 20.7945 0
      vertex 127.945 20.2288 0
      vertex 128.718 21.3978 0
    endloop
  endfacet
  facet normal 0 0 -1
    outer loop
      vertex 127.609 20.9385 0
      vertex 128.718 21.3978 0
      vertex 127.945 20.2288 0
    endloop
  endfacet
  facet normal -0 0 -1
    outer loop
      vertex 128.718 21.3978 0
      vertex 127.609 20.9385 0
      vertex 128.493 22.0261 0
    endloop
  endfacet
  facet normal 0 0 -1
    outer loop
      vertex 127.344 21.6777 0
      vertex 128.493 22.0261 0
      vertex 127.609 20.9385 0
    endloop
  endfacet
  facet normal -0 0 -1
    outer loop
      vertex 128.493 22.0261 0
      vertex 127.344 21.6777 0
      vertex 128.331 22.6734 0
    endloop
  endfacet
  facet normal 0 0 -1
    outer loop
      vertex 141.507 25.9739 0
      vertex 142.656 26.3223 0
      vertex 141.669 25.3266 0
    endloop
  endfacet
  facet normal -0 0 -1
    outer loop
      vertex 142.656 26.3223 0
      vertex 141.507 25.9739 0
      vertex 142.391 27.0615 0
    endloop
  endfacet
  facet normal 0 0 -1
    outer loop
      vertex 141.282 26.6022 0
      vertex 142.391 27.0615 0
      vertex 141.507 25.9739 0
    endloop
  endfacet
  facet normal -0 0 -1
    outer loop
      vertex 142.391 27.0615 0
      vertex 141.282 26.6022 0
      vertex 142.055 27.7712 0
    endloop
  endfacet
  facet normal 0 0 -1
    outer loop
      vertex 140.997 27.2055 0
      vertex 142.055 27.7712 0
      vertex 141.282 26.6022 0
    endloop
  endfacet
  facet normal -0 0 -1
    outer loop
      vertex 142.055 27.7712 0
      vertex 140.997 27.2055 0
      vertex 141.652 28.4445 0
    endloop
  endfacet
  facet normal 0 0 -1
    outer loop
      vertex 140.654 27.7779 0
      vertex 141.652 28.4445 0
      vertex 140.997 27.2055 0
    endloop
  endfacet
  facet normal 0 0 -1
    outer loop
      vertex 140.337 28.2055 0
      vertex 141.652 28.4445 0
      vertex 140.654 27.7779 0
    endloop
  endfacet
  facet normal -0 0 -1
    outer loop
      vertex 141.652 28.4445 0
      vertex 140.337 28.2055 0
      vertex 141.194 29.0623 0
    endloop
  endfacet
  facet normal 0 0 -1
    outer loop
      vertex 140.062 30.1936 0
      vertex 141.194 29.0623 0
      vertex 140.337 28.2055 0
    endloop
  endfacet
  facet normal 0 0 -1
    outer loop
      vertex 141.194 29.0623 0
      vertex 140.062 30.1936 0
      vertex 141.053 31.1847 0
    endloop
  endfacet
  facet normal 0 0 -1
    outer loop
      vertex 139.205 29.3369 0
      vertex 140.062 30.1936 0
      vertex 140.337 28.2055 0
    endloop
  endfacet
  facet normal 0 0 -1
    outer loop
      vertex 139.205 29.3369 0
      vertex 140.337 28.2055 0
      vertex 139.337 27.2059 0
    endloop
  endfacet
  facet normal 0 0 -1
    outer loop
      vertex 136.932 23.4824 0
      vertex 139.337 20.7941 0
      vertex 138.206 19.6627 0
    endloop
  endfacet
  facet normal -0 0 -1
    outer loop
      vertex 140.062 30.1936 0
      vertex 139.205 29.3369 0
      vertex 139.445 30.6517 0
    endloop
  endfacet
  facet normal 0 0 -1
    outer loop
      vertex 138.778 29.654 0
      vertex 139.445 30.6517 0
      vertex 139.205 29.3369 0
    endloop
  endfacet
  facet normal 0 0 -1
    outer loop
      vertex 138.778 29.654 0
      vertex 138.771 31.0554 0
      vertex 139.445 30.6517 0
    endloop
  endfacet
  facet normal 0 0 -1
    outer loop
      vertex 138.205 29.9971 0
      vertex 138.771 31.0554 0
      vertex 138.778 29.654 0
    endloop
  endfacet
  facet normal 0 0 -1
    outer loop
      vertex 138.205 29.9971 0
      vertex 138.061 31.391 0
      vertex 138.771 31.0554 0
    endloop
  endfacet
  facet normal 0 0 -1
    outer loop
      vertex 137.602 30.2824 0
      vertex 138.061 31.391 0
      vertex 138.205 29.9971 0
    endloop
  endfacet
  facet normal 0 0 -1
    outer loop
      vertex 137.602 30.2824 0
      vertex 137.322 31.6555 0
      vertex 138.061 31.391 0
    endloop
  endfacet
  facet normal 0 0 -1
    outer loop
      vertex 136.974 30.5072 0
      vertex 137.322 31.6555 0
      vertex 137.602 30.2824 0
    endloop
  endfacet
  facet normal 0 0 -1
    outer loop
      vertex 136.974 30.5072 0
      vertex 136.561 31.8463 0
      vertex 137.322 31.6555 0
    endloop
  endfacet
  facet normal 0 0 -1
    outer loop
      vertex 136.327 30.6693 0
      vertex 136.561 31.8463 0
      vertex 136.974 30.5072 0
    endloop
  endfacet
  facet normal 0 0 -1
    outer loop
      vertex 136.327 30.6693 0
      vertex 135.784 31.9615 0
      vertex 136.561 31.8463 0
    endloop
  endfacet
  facet normal 0 0 -1
    outer loop
      vertex 135.667 30.7672 0
      vertex 135.784 31.9615 0
      vertex 136.327 30.6693 0
    endloop
  endfacet
  facet normal 0 0 -1
    outer loop
      vertex 135 30.8 0
      vertex 135.784 31.9615 0
      vertex 135.667 30.7672 0
    endloop
  endfacet
  facet normal 0 0 -1
    outer loop
      vertex 135 30.8 0
      vertex 135 32 0
      vertex 135.784 31.9615 0
    endloop
  endfacet
  facet normal 0 0 -1
    outer loop
      vertex 134.333 30.7672 0
      vertex 135 32 0
      vertex 135 30.8 0
    endloop
  endfacet
  facet normal 0 0 -1
    outer loop
      vertex 134.333 30.7672 0
      vertex 134.216 31.9615 0
      vertex 135 32 0
    endloop
  endfacet
  facet normal 0 0 -1
    outer loop
      vertex 133.673 30.6693 0
      vertex 134.216 31.9615 0
      vertex 134.333 30.7672 0
    endloop
  endfacet
  facet normal 0 0 -1
    outer loop
      vertex 133.673 30.6693 0
      vertex 133.439 31.8463 0
      vertex 134.216 31.9615 0
    endloop
  endfacet
  facet normal 0 0 -1
    outer loop
      vertex 133.026 30.5072 0
      vertex 133.439 31.8463 0
      vertex 133.673 30.6693 0
    endloop
  endfacet
  facet normal 0 0 -1
    outer loop
      vertex 133.026 30.5072 0
      vertex 132.678 31.6555 0
      vertex 133.439 31.8463 0
    endloop
  endfacet
  facet normal 0 0 -1
    outer loop
      vertex 132.398 30.2824 0
      vertex 132.678 31.6555 0
      vertex 133.026 30.5072 0
    endloop
  endfacet
  facet normal 0 0 -1
    outer loop
      vertex 132.398 30.2824 0
      vertex 131.939 31.391 0
      vertex 132.678 31.6555 0
    endloop
  endfacet
  facet normal 0 0 -1
    outer loop
      vertex 131.795 29.9971 0
      vertex 131.939 31.391 0
      vertex 132.398 30.2824 0
    endloop
  endfacet
  facet normal 0 0 -1
    outer loop
      vertex 131.795 29.9971 0
      vertex 131.229 31.0554 0
      vertex 131.939 31.391 0
    endloop
  endfacet
  facet normal 0 0 -1
    outer loop
      vertex 131.222 29.654 0
      vertex 131.229 31.0554 0
      vertex 131.795 29.9971 0
    endloop
  endfacet
  facet normal 0 0 -1
    outer loop
      vertex 130.555 30.6517 0
      vertex 131.222 29.654 0
      vertex 130.795 29.3369 0
    endloop
  endfacet
  facet normal -0 0 -1
    outer loop
      vertex 131.794 28.3373 0
      vertex 130.663 27.2059 0
      vertex 130.795 29.3369 0
    endloop
  endfacet
  facet normal 0 0 -1
    outer loop
      vertex 131.222 29.654 0
      vertex 130.555 30.6517 0
      vertex 131.229 31.0554 0
    endloop
  endfacet
  facet normal 0 0 -1
    outer loop
      vertex 129.663 28.2055 0
      vertex 130.795 29.3369 0
      vertex 130.663 27.2059 0
    endloop
  endfacet
  facet normal 0 -0 -1
    outer loop
      vertex 129.938 30.1936 0
      vertex 130.795 29.3369 0
      vertex 129.663 28.2055 0
    endloop
  endfacet
  facet normal 0 0 -1
    outer loop
      vertex 130.795 29.3369 0
      vertex 129.938 30.1936 0
      vertex 130.555 30.6517 0
    endloop
  endfacet
  facet normal 0 0 -1
    outer loop
      vertex 128.348 28.4445 0
      vertex 129.663 28.2055 0
      vertex 129.346 27.7779 0
    endloop
  endfacet
  facet normal 0 0 -1
    outer loop
      vertex 128.348 28.4445 0
      vertex 129.346 27.7779 0
      vertex 129.003 27.2055 0
    endloop
  endfacet
  facet normal 0 0 -1
    outer loop
      vertex 129.663 28.2055 0
      vertex 128.806 29.0623 0
      vertex 129.938 30.1936 0
    endloop
  endfacet
  facet normal -0 0 -1
    outer loop
      vertex 129.938 30.1936 0
      vertex 128.806 29.0623 0
      vertex 128.947 31.1847 0
    endloop
  endfacet
  facet normal 0 0 -1
    outer loop
      vertex 127.945 27.7712 0
      vertex 129.003 27.2055 0
      vertex 128.718 26.6022 0
    endloop
  endfacet
  facet normal 0 0 -1
    outer loop
      vertex 127.609 27.0615 0
      vertex 128.718 26.6022 0
      vertex 128.493 25.9739 0
    endloop
  endfacet
  facet normal 0 0 -1
    outer loop
      vertex 129.663 28.2055 0
      vertex 128.348 28.4445 0
      vertex 128.806 29.0623 0
    endloop
  endfacet
  facet normal 0 0 -1
    outer loop
      vertex 127.344 26.3223 0
      vertex 128.493 25.9739 0
      vertex 128.331 25.3266 0
    endloop
  endfacet
  facet normal 0 0 -1
    outer loop
      vertex 127.154 25.5607 0
      vertex 128.331 25.3266 0
      vertex 128.233 24.6665 0
    endloop
  endfacet
  facet normal 0 0 -1
    outer loop
      vertex 127.039 24.7841 0
      vertex 128.233 24.6665 0
      vertex 128.2 24 0
    endloop
  endfacet
  facet normal 0 0 -1
    outer loop
      vertex 127.154 22.4393 0
      vertex 128.331 22.6734 0
      vertex 127.344 21.6777 0
    endloop
  endfacet
  facet normal 0 0 -1
    outer loop
      vertex 129.003 27.2055 0
      vertex 127.945 27.7712 0
      vertex 128.348 28.4445 0
    endloop
  endfacet
  facet normal -0 0 -1
    outer loop
      vertex 128.331 22.6734 0
      vertex 127.154 22.4393 0
      vertex 128.233 23.3335 0
    endloop
  endfacet
  facet normal 0 0 -1
    outer loop
      vertex 128.718 26.6022 0
      vertex 127.609 27.0615 0
      vertex 127.945 27.7712 0
    endloop
  endfacet
  facet normal 0 0 -1
    outer loop
      vertex 127.039 23.2159 0
      vertex 128.233 23.3335 0
      vertex 127.154 22.4393 0
    endloop
  endfacet
  facet normal 0 0 -1
    outer loop
      vertex 128.493 25.9739 0
      vertex 127.344 26.3223 0
      vertex 127.609 27.0615 0
    endloop
  endfacet
  facet normal -0 0 -1
    outer loop
      vertex 128.233 23.3335 0
      vertex 127.039 23.2159 0
      vertex 128.2 24 0
    endloop
  endfacet
  facet normal 0 0 -1
    outer loop
      vertex 128.331 25.3266 0
      vertex 127.154 25.5607 0
      vertex 127.344 26.3223 0
    endloop
  endfacet
  facet normal 0 0 -1
    outer loop
      vertex 127 24 0
      vertex 128.2 24 0
      vertex 127.039 23.2159 0
    endloop
  endfacet
  facet normal 0 0 -1
    outer loop
      vertex 128.233 24.6665 0
      vertex 127.039 24.7841 0
      vertex 127.154 25.5607 0
    endloop
  endfacet
  facet normal 0 0 -1
    outer loop
      vertex 128.2 24 0
      vertex 127 24 0
      vertex 127.039 24.7841 0
    endloop
  endfacet
  facet normal 0 -0 -1
    outer loop
      vertex 137 24 0
      vertex 140.374 23.4707 0
      vertex 136.932 23.4824 0
    endloop
  endfacet
  facet normal 0 0 -1
    outer loop
      vertex 136.932 23.4824 0
      vertex 140.374 23.4707 0
      vertex 140.296 22.9465 0
    endloop
  endfacet
  facet normal 0 0 -1
    outer loop
      vertex 140.374 23.4707 0
      vertex 137 24 0
      vertex 140.4 24 0
    endloop
  endfacet
  facet normal 0 0 -1
    outer loop
      vertex 136.932 23.4824 0
      vertex 140.296 22.9465 0
      vertex 140.167 22.4325 0
    endloop
  endfacet
  facet normal 0 0 -1
    outer loop
      vertex 140.4 24 0
      vertex 137 24 0
      vertex 140.374 24.5293 0
    endloop
  endfacet
  facet normal 0 0 -1
    outer loop
      vertex 136.932 23.4824 0
      vertex 140.167 22.4325 0
      vertex 139.989 21.9335 0
    endloop
  endfacet
  facet normal 0 0 -1
    outer loop
      vertex 136.932 24.5176 0
      vertex 140.374 24.5293 0
      vertex 137 24 0
    endloop
  endfacet
  facet normal 0 0 -1
    outer loop
      vertex 136.932 23.4824 0
      vertex 139.989 21.9335 0
      vertex 139.762 21.4545 0
    endloop
  endfacet
  facet normal -0 0 -1
    outer loop
      vertex 140.374 24.5293 0
      vertex 136.932 24.5176 0
      vertex 140.296 25.0535 0
    endloop
  endfacet
  facet normal 0 0 -1
    outer loop
      vertex 136.932 23.4824 0
      vertex 139.49 20.9999 0
      vertex 139.337 20.7941 0
    endloop
  endfacet
  facet normal 0 0 -1
    outer loop
      vertex 139.49 20.9999 0
      vertex 136.932 23.4824 0
      vertex 139.762 21.4545 0
    endloop
  endfacet
  facet normal -0 0 -1
    outer loop
      vertex 140.296 25.0535 0
      vertex 136.932 24.5176 0
      vertex 140.167 25.5675 0
    endloop
  endfacet
  facet normal -0 0 -1
    outer loop
      vertex 140.167 25.5675 0
      vertex 136.932 24.5176 0
      vertex 139.989 26.0665 0
    endloop
  endfacet
  facet normal 0 0 -1
    outer loop
      vertex 136 25.732 0
      vertex 138.206 28.3373 0
      vertex 136.414 25.4142 0
    endloop
  endfacet
  facet normal -0 0 -1
    outer loop
      vertex 138.206 28.3373 0
      vertex 136 25.732 0
      vertex 138 28.4899 0
    endloop
  endfacet
  facet normal -0 0 -1
    outer loop
      vertex 138 28.4899 0
      vertex 136 25.732 0
      vertex 137.546 28.7624 0
    endloop
  endfacet
  facet normal -0 0 -1
    outer loop
      vertex 137.546 28.7624 0
      vertex 136 25.732 0
      vertex 137.066 28.9889 0
    endloop
  endfacet
  facet normal 0 0 -1
    outer loop
      vertex 135.518 25.9319 0
      vertex 137.066 28.9889 0
      vertex 136 25.732 0
    endloop
  endfacet
  facet normal -0 0 -1
    outer loop
      vertex 137.066 28.9889 0
      vertex 135.518 25.9319 0
      vertex 136.568 29.1675 0
    endloop
  endfacet
  facet normal -0 0 -1
    outer loop
      vertex 136.568 29.1675 0
      vertex 135.518 25.9319 0
      vertex 136.053 29.2962 0
    endloop
  endfacet
  facet normal -0 0 -1
    outer loop
      vertex 136.053 29.2962 0
      vertex 135.518 25.9319 0
      vertex 135.529 29.374 0
    endloop
  endfacet
  facet normal 0 0 -1
    outer loop
      vertex 135 26 0
      vertex 135.529 29.374 0
      vertex 135.518 25.9319 0
    endloop
  endfacet
  facet normal 0 0 -1
    outer loop
      vertex 135 26 0
      vertex 135 29.4 0
      vertex 135.529 29.374 0
    endloop
  endfacet
  facet normal 0 0 -1
    outer loop
      vertex 134.471 29.374 0
      vertex 135 26 0
      vertex 134.482 25.9319 0
    endloop
  endfacet
  facet normal 0 0 -1
    outer loop
      vertex 135 26 0
      vertex 134.471 29.374 0
      vertex 135 29.4 0
    endloop
  endfacet
  facet normal 0 0 -1
    outer loop
      vertex 132.934 28.9889 0
      vertex 134.482 25.9319 0
      vertex 134 25.732 0
    endloop
  endfacet
  facet normal 0 0 -1
    outer loop
      vertex 134.482 25.9319 0
      vertex 133.947 29.2962 0
      vertex 134.471 29.374 0
    endloop
  endfacet
  facet normal 0 0 -1
    outer loop
      vertex 131.794 28.3373 0
      vertex 134 25.732 0
      vertex 133.586 25.4142 0
    endloop
  endfacet
  facet normal 0 0 -1
    outer loop
      vertex 134.482 25.9319 0
      vertex 133.432 29.1675 0
      vertex 133.947 29.2962 0
    endloop
  endfacet
  facet normal 0 0 -1
    outer loop
      vertex 130.663 27.2059 0
      vertex 133.586 25.4142 0
      vertex 133.268 25 0
    endloop
  endfacet
  facet normal 0 0 -1
    outer loop
      vertex 130.663 27.2059 0
      vertex 133.268 25 0
      vertex 133.068 24.5176 0
    endloop
  endfacet
  facet normal 0 0 -1
    outer loop
      vertex 130.011 21.9335 0
      vertex 133.268 23 0
      vertex 130.238 21.4545 0
    endloop
  endfacet
  facet normal 0 0 -1
    outer loop
      vertex 134.482 25.9319 0
      vertex 132.934 28.9889 0
      vertex 133.432 29.1675 0
    endloop
  endfacet
  facet normal 0 0 -1
    outer loop
      vertex 130.663 20.7941 0
      vertex 133.586 22.5858 0
      vertex 131.794 19.6627 0
    endloop
  endfacet
  facet normal -0 0 -1
    outer loop
      vertex 133.586 22.5858 0
      vertex 130.663 20.7941 0
      vertex 133.268 23 0
    endloop
  endfacet
  facet normal 0 0 -1
    outer loop
      vertex 134 25.732 0
      vertex 132.454 28.7624 0
      vertex 132.934 28.9889 0
    endloop
  endfacet
  facet normal 0 0 -1
    outer loop
      vertex 130.51 20.9999 0
      vertex 133.268 23 0
      vertex 130.663 20.7941 0
    endloop
  endfacet
  facet normal 0 0 -1
    outer loop
      vertex 130.663 20.7941 0
      vertex 131.794 19.6627 0
      vertex 130.795 18.6631 0
    endloop
  endfacet
  facet normal 0 0 -1
    outer loop
      vertex 134 25.732 0
      vertex 131.794 28.3373 0
      vertex 132 28.4899 0
    endloop
  endfacet
  facet normal 0 0 -1
    outer loop
      vertex 134 25.732 0
      vertex 132 28.4899 0
      vertex 132.454 28.7624 0
    endloop
  endfacet
  facet normal 0 0 -1
    outer loop
      vertex 130.238 21.4545 0
      vertex 133.268 23 0
      vertex 130.51 20.9999 0
    endloop
  endfacet
  facet normal 0 0 -1
    outer loop
      vertex 133 24 0
      vertex 130.663 27.2059 0
      vertex 133.068 24.5176 0
    endloop
  endfacet
  facet normal 0.970963 0.239228 0
    outer loop
      vertex 273 69 2
      vertex 272.542 70.8589 0
      vertex 272.542 70.8589 2
    endloop
  endfacet
  facet normal 0.970963 0.239228 0
    outer loop
      vertex 272.542 70.8589 0
      vertex 273 69 2
      vertex 273 69 0
    endloop
  endfacet
  facet normal 0.748399 -0.663249 0
    outer loop
      vertex 271.272 0.708064 2
      vertex 272.542 2.14111 0
      vertex 272.542 2.14111 2
    endloop
  endfacet
  facet normal 0.748399 -0.663249 0
    outer loop
      vertex 272.542 2.14111 0
      vertex 271.272 0.708064 2
      vertex 271.272 0.708064 0
    endloop
  endfacet
  facet normal 0.748388 0.663261 0
    outer loop
      vertex 272.542 70.8589 2
      vertex 271.272 72.2919 0
      vertex 271.272 72.2919 2
    endloop
  endfacet
  facet normal 0.748388 0.663261 0
    outer loop
      vertex 271.272 72.2919 0
      vertex 272.542 70.8589 2
      vertex 272.542 70.8589 0
    endloop
  endfacet
  facet normal -0.568066 -0.822983 0
    outer loop
      vertex 1.00596 1.34751 0
      vertex 2.58158 0.259934 2
      vertex 1.00596 1.34751 2
    endloop
  endfacet
  facet normal -0.568066 -0.822983 -0
    outer loop
      vertex 2.58158 0.259934 2
      vertex 1.00596 1.34751 0
      vertex 2.58158 0.259934 0
    endloop
  endfacet
  facet normal 0 0 -1
    outer loop
      vertex 124.426 22.6142 2.1
      vertex 124.451 22.961 2.1
      vertex 124.505 22.5985 2.1
    endloop
  endfacet
  facet normal 0 0 -1
    outer loop
      vertex 123.939 22.9393 2.1
      vertex 124.451 22.961 2.1
      vertex 124.426 22.6142 2.1
    endloop
  endfacet
  facet normal 0 0 -1
    outer loop
      vertex 123.614 23.426 2.1
      vertex 124.451 22.961 2.1
      vertex 123.939 22.9393 2.1
    endloop
  endfacet
  facet normal 0 0 -1
    outer loop
      vertex 124.451 25.039 2.1
      vertex 124.426 25.3858 2.1
      vertex 124.505 25.4015 2.1
    endloop
  endfacet
  facet normal 0 0 -1
    outer loop
      vertex 123.614 24.574 2.1
      vertex 124.451 25.039 2.1
      vertex 124.4 24 2.1
    endloop
  endfacet
  facet normal 0 0 -1
    outer loop
      vertex 124.451 22.961 2.1
      vertex 123.614 23.426 2.1
      vertex 124.4 24 2.1
    endloop
  endfacet
  facet normal 0 0 -1
    outer loop
      vertex 124.451 25.039 2.1
      vertex 123.939 25.0607 2.1
      vertex 124.426 25.3858 2.1
    endloop
  endfacet
  facet normal 0 0 -1
    outer loop
      vertex 123.5 24 2.1
      vertex 124.4 24 2.1
      vertex 123.614 23.426 2.1
    endloop
  endfacet
  facet normal -0 0 -1
    outer loop
      vertex 124.451 25.039 2.1
      vertex 123.614 24.574 2.1
      vertex 123.939 25.0607 2.1
    endloop
  endfacet
  facet normal 0 0 -1
    outer loop
      vertex 124.4 24 2.1
      vertex 123.5 24 2.1
      vertex 123.614 24.574 2.1
    endloop
  endfacet
  facet normal 0 0 -1
    outer loop
      vertex 145.6 24 2.1
      vertex 146.5 24 2.1
      vertex 146.386 23.426 2.1
    endloop
  endfacet
  facet normal 0 0 -1
    outer loop
      vertex 145.549 22.961 2.1
      vertex 146.386 23.426 2.1
      vertex 146.061 22.9393 2.1
    endloop
  endfacet
  facet normal 0 0 -1
    outer loop
      vertex 146.5 24 2.1
      vertex 145.6 24 2.1
      vertex 146.386 24.574 2.1
    endloop
  endfacet
  facet normal 0 0 -1
    outer loop
      vertex 145.549 25.039 2.1
      vertex 146.386 24.574 2.1
      vertex 145.6 24 2.1
    endloop
  endfacet
  facet normal 0 0 -1
    outer loop
      vertex 145.549 22.961 2.1
      vertex 146.061 22.9393 2.1
      vertex 145.574 22.6142 2.1
    endloop
  endfacet
  facet normal -0 0 -1
    outer loop
      vertex 146.386 23.426 2.1
      vertex 145.549 22.961 2.1
      vertex 145.6 24 2.1
    endloop
  endfacet
  facet normal 0 -0 -1
    outer loop
      vertex 145.549 22.961 2.1
      vertex 145.574 22.6142 2.1
      vertex 145.495 22.5985 2.1
    endloop
  endfacet
  facet normal 0 0 -1
    outer loop
      vertex 146.386 24.574 2.1
      vertex 145.549 25.039 2.1
      vertex 146.061 25.0607 2.1
    endloop
  endfacet
  facet normal -0 0 -1
    outer loop
      vertex 146.061 25.0607 2.1
      vertex 145.549 25.039 2.1
      vertex 145.574 25.3858 2.1
    endloop
  endfacet
  facet normal -0 0 -1
    outer loop
      vertex 145.574 25.3858 2.1
      vertex 145.549 25.039 2.1
      vertex 145.495 25.4015 2.1
    endloop
  endfacet
  facet normal 0 0 -1
    outer loop
      vertex 125.6 24 2.1
      vertex 126.5 24 2.1
      vertex 126.386 23.426 2.1
    endloop
  endfacet
  facet normal 0 0 -1
    outer loop
      vertex 125.645 23.0786 2.1
      vertex 126.386 23.426 2.1
      vertex 126.061 22.9393 2.1
    endloop
  endfacet
  facet normal 0 0 -1
    outer loop
      vertex 126.5 24 2.1
      vertex 125.6 24 2.1
      vertex 126.386 24.574 2.1
    endloop
  endfacet
  facet normal 0 0 -1
    outer loop
      vertex 125.645 23.0786 2.1
      vertex 126.061 22.9393 2.1
      vertex 125.702 22.6994 2.1
    endloop
  endfacet
  facet normal -0 0 -1
    outer loop
      vertex 126.386 23.426 2.1
      vertex 125.645 23.0786 2.1
      vertex 125.6 24 2.1
    endloop
  endfacet
  facet normal 0 -0 -1
    outer loop
      vertex 125.645 24.9214 2.1
      vertex 126.386 24.574 2.1
      vertex 125.6 24 2.1
    endloop
  endfacet
  facet normal 0 0 -1
    outer loop
      vertex 126.386 24.574 2.1
      vertex 125.645 24.9214 2.1
      vertex 126.061 25.0607 2.1
    endloop
  endfacet
  facet normal -0 0 -1
    outer loop
      vertex 126.061 25.0607 2.1
      vertex 125.645 24.9214 2.1
      vertex 125.702 25.3006 2.1
    endloop
  endfacet
  facet normal 0 0 -1
    outer loop
      vertex 143.614 23.426 2.1
      vertex 144.4 24 2.1
      vertex 144.355 23.0786 2.1
    endloop
  endfacet
  facet normal 0 0 -1
    outer loop
      vertex 143.939 22.9393 2.1
      vertex 144.355 23.0786 2.1
      vertex 144.298 22.6994 2.1
    endloop
  endfacet
  facet normal 0 0 -1
    outer loop
      vertex 143.614 23.426 2.1
      vertex 144.355 23.0786 2.1
      vertex 143.939 22.9393 2.1
    endloop
  endfacet
  facet normal -0 0 -1
    outer loop
      vertex 144.4 24 2.1
      vertex 143.614 23.426 2.1
      vertex 143.5 24 2.1
    endloop
  endfacet
  facet normal 0 -0 -1
    outer loop
      vertex 143.614 24.574 2.1
      vertex 144.4 24 2.1
      vertex 143.5 24 2.1
    endloop
  endfacet
  facet normal 0 0 -1
    outer loop
      vertex 144.4 24 2.1
      vertex 143.614 24.574 2.1
      vertex 144.355 24.9214 2.1
    endloop
  endfacet
  facet normal 0 0 -1
    outer loop
      vertex 144.355 24.9214 2.1
      vertex 143.939 25.0607 2.1
      vertex 144.298 25.3006 2.1
    endloop
  endfacet
  facet normal 0 -0 -1
    outer loop
      vertex 143.939 25.0607 2.1
      vertex 144.355 24.9214 2.1
      vertex 143.614 24.574 2.1
    endloop
  endfacet
  facet normal -0.671601 -0.740913 0
    outer loop
      vertex 142.613 33.2761 0
      vertex 142.892 33.0232 2
      vertex 142.613 33.2761 2
    endloop
  endfacet
  facet normal -0.671601 -0.740913 -0
    outer loop
      vertex 142.892 33.0232 2
      vertex 142.613 33.2761 0
      vertex 142.892 33.0232 0
    endloop
  endfacet
  facet normal -0.595644 -0.803249 0
    outer loop
      vertex 141.667 33.9776 0
      vertex 142.613 33.2761 2
      vertex 141.667 33.9776 2
    endloop
  endfacet
  facet normal -0.595644 -0.803249 -0
    outer loop
      vertex 142.613 33.2761 2
      vertex 141.667 33.9776 0
      vertex 142.613 33.2761 0
    endloop
  endfacet
  facet normal -0.514184 -0.85768 0
    outer loop
      vertex 140.657 34.5831 0
      vertex 141.667 33.9776 2
      vertex 140.657 34.5831 2
    endloop
  endfacet
  facet normal -0.514184 -0.85768 -0
    outer loop
      vertex 141.667 33.9776 2
      vertex 140.657 34.5831 0
      vertex 141.667 33.9776 0
    endloop
  endfacet
  facet normal -0.427342 -0.90409 0
    outer loop
      vertex 139.592 35.0865 0
      vertex 140.657 34.5831 2
      vertex 139.592 35.0865 2
    endloop
  endfacet
  facet normal -0.427342 -0.90409 -0
    outer loop
      vertex 140.657 34.5831 2
      vertex 139.592 35.0865 0
      vertex 140.657 34.5831 0
    endloop
  endfacet
  facet normal -0.336885 -0.941546 0
    outer loop
      vertex 138.483 35.4833 0
      vertex 139.592 35.0865 2
      vertex 138.483 35.4833 2
    endloop
  endfacet
  facet normal -0.336885 -0.941546 -0
    outer loop
      vertex 139.592 35.0865 2
      vertex 138.483 35.4833 0
      vertex 139.592 35.0865 0
    endloop
  endfacet
  facet normal -0.243015 -0.970022 0
    outer loop
      vertex 137.341 35.7694 0
      vertex 138.483 35.4833 2
      vertex 137.341 35.7694 2
    endloop
  endfacet
  facet normal -0.243015 -0.970022 -0
    outer loop
      vertex 138.483 35.4833 2
      vertex 137.341 35.7694 0
      vertex 138.483 35.4833 0
    endloop
  endfacet
  facet normal -0.146721 -0.989178 0
    outer loop
      vertex 136.176 35.9422 0
      vertex 137.341 35.7694 2
      vertex 136.176 35.9422 2
    endloop
  endfacet
  facet normal -0.146721 -0.989178 -0
    outer loop
      vertex 137.341 35.7694 2
      vertex 136.176 35.9422 0
      vertex 137.341 35.7694 0
    endloop
  endfacet
  facet normal -0.0490904 -0.998794 0
    outer loop
      vertex 135 36 0
      vertex 136.176 35.9422 2
      vertex 135 36 2
    endloop
  endfacet
  facet normal -0.0490904 -0.998794 -0
    outer loop
      vertex 136.176 35.9422 2
      vertex 135 36 0
      vertex 136.176 35.9422 0
    endloop
  endfacet
  facet normal 0.0490904 -0.998794 0
    outer loop
      vertex 133.824 35.9422 0
      vertex 135 36 2
      vertex 133.824 35.9422 2
    endloop
  endfacet
  facet normal 0.0490904 -0.998794 0
    outer loop
      vertex 135 36 2
      vertex 133.824 35.9422 0
      vertex 135 36 0
    endloop
  endfacet
  facet normal 0.146721 -0.989178 0
    outer loop
      vertex 132.659 35.7694 0
      vertex 133.824 35.9422 2
      vertex 132.659 35.7694 2
    endloop
  endfacet
  facet normal 0.146721 -0.989178 0
    outer loop
      vertex 133.824 35.9422 2
      vertex 132.659 35.7694 0
      vertex 133.824 35.9422 0
    endloop
  endfacet
  facet normal 0.243015 -0.970022 0
    outer loop
      vertex 131.517 35.4833 0
      vertex 132.659 35.7694 2
      vertex 131.517 35.4833 2
    endloop
  endfacet
  facet normal 0.243015 -0.970022 0
    outer loop
      vertex 132.659 35.7694 2
      vertex 131.517 35.4833 0
      vertex 132.659 35.7694 0
    endloop
  endfacet
  facet normal 0.336885 -0.941546 0
    outer loop
      vertex 130.408 35.0865 0
      vertex 131.517 35.4833 2
      vertex 130.408 35.0865 2
    endloop
  endfacet
  facet normal 0.336885 -0.941546 0
    outer loop
      vertex 131.517 35.4833 2
      vertex 130.408 35.0865 0
      vertex 131.517 35.4833 0
    endloop
  endfacet
  facet normal 0.427342 -0.90409 0
    outer loop
      vertex 129.343 34.5831 0
      vertex 130.408 35.0865 2
      vertex 129.343 34.5831 2
    endloop
  endfacet
  facet normal 0.427342 -0.90409 0
    outer loop
      vertex 130.408 35.0865 2
      vertex 129.343 34.5831 0
      vertex 130.408 35.0865 0
    endloop
  endfacet
  facet normal 0.514184 -0.85768 0
    outer loop
      vertex 128.333 33.9776 0
      vertex 129.343 34.5831 2
      vertex 128.333 33.9776 2
    endloop
  endfacet
  facet normal 0.514184 -0.85768 0
    outer loop
      vertex 129.343 34.5831 2
      vertex 128.333 33.9776 0
      vertex 129.343 34.5831 0
    endloop
  endfacet
  facet normal 0.595644 -0.803249 0
    outer loop
      vertex 127.387 33.2761 0
      vertex 128.333 33.9776 2
      vertex 127.387 33.2761 2
    endloop
  endfacet
  facet normal 0.595644 -0.803249 0
    outer loop
      vertex 128.333 33.9776 2
      vertex 127.387 33.2761 0
      vertex 128.333 33.9776 0
    endloop
  endfacet
  facet normal 0.671601 -0.740913 0
    outer loop
      vertex 127.108 33.0232 0
      vertex 127.387 33.2761 2
      vertex 127.108 33.0232 2
    endloop
  endfacet
  facet normal 0.671601 -0.740913 0
    outer loop
      vertex 127.387 33.2761 2
      vertex 127.108 33.0232 0
      vertex 127.387 33.2761 0
    endloop
  endfacet
  facet normal 0.707107 0.707107 0
    outer loop
      vertex 128.098 32.0332 2
      vertex 127.108 33.0232 0
      vertex 127.108 33.0232 2
    endloop
  endfacet
  facet normal 0.707107 0.707107 0
    outer loop
      vertex 127.108 33.0232 0
      vertex 128.098 32.0332 2
      vertex 128.098 32.0332 0
    endloop
  endfacet
  facet normal -0.672194 0.740375 0
    outer loop
      vertex 128.275 32.1939 0
      vertex 128.098 32.0332 2
      vertex 128.275 32.1939 2
    endloop
  endfacet
  facet normal -0.672194 0.740375 0
    outer loop
      vertex 128.098 32.0332 2
      vertex 128.275 32.1939 0
      vertex 128.098 32.0332 0
    endloop
  endfacet
  facet normal -0.595501 0.803355 0
    outer loop
      vertex 129.111 32.8136 0
      vertex 128.275 32.1939 2
      vertex 129.111 32.8136 2
    endloop
  endfacet
  facet normal -0.595501 0.803355 0
    outer loop
      vertex 128.275 32.1939 2
      vertex 129.111 32.8136 0
      vertex 128.275 32.1939 0
    endloop
  endfacet
  facet normal -0.514213 0.857663 0
    outer loop
      vertex 130.003 33.3484 0
      vertex 129.111 32.8136 2
      vertex 130.003 33.3484 2
    endloop
  endfacet
  facet normal -0.514213 0.857663 0
    outer loop
      vertex 129.111 32.8136 2
      vertex 130.003 33.3484 0
      vertex 129.111 32.8136 0
    endloop
  endfacet
  facet normal -0.427273 0.904123 0
    outer loop
      vertex 130.944 33.7931 0
      vertex 130.003 33.3484 2
      vertex 130.944 33.7931 2
    endloop
  endfacet
  facet normal -0.427273 0.904123 0
    outer loop
      vertex 130.003 33.3484 2
      vertex 130.944 33.7931 0
      vertex 130.003 33.3484 0
    endloop
  endfacet
  facet normal -0.337067 0.941481 0
    outer loop
      vertex 131.923 34.1436 0
      vertex 130.944 33.7931 2
      vertex 131.923 34.1436 2
    endloop
  endfacet
  facet normal -0.337067 0.941481 0
    outer loop
      vertex 130.944 33.7931 2
      vertex 131.923 34.1436 0
      vertex 130.944 33.7931 0
    endloop
  endfacet
  facet normal -0.242943 0.970041 0
    outer loop
      vertex 132.932 34.3963 0
      vertex 131.923 34.1436 2
      vertex 132.932 34.3963 2
    endloop
  endfacet
  facet normal -0.242943 0.970041 0
    outer loop
      vertex 131.923 34.1436 2
      vertex 132.932 34.3963 0
      vertex 131.923 34.1436 0
    endloop
  endfacet
  facet normal -0.146789 0.989168 0
    outer loop
      vertex 133.961 34.549 0
      vertex 132.932 34.3963 2
      vertex 133.961 34.549 2
    endloop
  endfacet
  facet normal -0.146789 0.989168 0
    outer loop
      vertex 132.932 34.3963 2
      vertex 133.961 34.549 0
      vertex 132.932 34.3963 0
    endloop
  endfacet
  facet normal -0.0490266 0.998797 0
    outer loop
      vertex 135 34.6 0
      vertex 133.961 34.549 2
      vertex 135 34.6 2
    endloop
  endfacet
  facet normal -0.0490266 0.998797 0
    outer loop
      vertex 133.961 34.549 2
      vertex 135 34.6 0
      vertex 133.961 34.549 0
    endloop
  endfacet
  facet normal 0.0490266 0.998797 -0
    outer loop
      vertex 136.039 34.549 0
      vertex 135 34.6 2
      vertex 136.039 34.549 2
    endloop
  endfacet
  facet normal 0.0490266 0.998797 0
    outer loop
      vertex 135 34.6 2
      vertex 136.039 34.549 0
      vertex 135 34.6 0
    endloop
  endfacet
  facet normal 0.146789 0.989168 -0
    outer loop
      vertex 137.068 34.3963 0
      vertex 136.039 34.549 2
      vertex 137.068 34.3963 2
    endloop
  endfacet
  facet normal 0.146789 0.989168 0
    outer loop
      vertex 136.039 34.549 2
      vertex 137.068 34.3963 0
      vertex 136.039 34.549 0
    endloop
  endfacet
  facet normal 0.242943 0.970041 -0
    outer loop
      vertex 138.077 34.1436 0
      vertex 137.068 34.3963 2
      vertex 138.077 34.1436 2
    endloop
  endfacet
  facet normal 0.242943 0.970041 0
    outer loop
      vertex 137.068 34.3963 2
      vertex 138.077 34.1436 0
      vertex 137.068 34.3963 0
    endloop
  endfacet
  facet normal 0.337067 0.941481 -0
    outer loop
      vertex 139.056 33.7931 0
      vertex 138.077 34.1436 2
      vertex 139.056 33.7931 2
    endloop
  endfacet
  facet normal 0.337067 0.941481 0
    outer loop
      vertex 138.077 34.1436 2
      vertex 139.056 33.7931 0
      vertex 138.077 34.1436 0
    endloop
  endfacet
  facet normal 0.427273 0.904123 -0
    outer loop
      vertex 139.997 33.3484 0
      vertex 139.056 33.7931 2
      vertex 139.997 33.3484 2
    endloop
  endfacet
  facet normal 0.427273 0.904123 0
    outer loop
      vertex 139.056 33.7931 2
      vertex 139.997 33.3484 0
      vertex 139.056 33.7931 0
    endloop
  endfacet
  facet normal 0.514213 0.857663 -0
    outer loop
      vertex 140.889 32.8136 0
      vertex 139.997 33.3484 2
      vertex 140.889 32.8136 2
    endloop
  endfacet
  facet normal 0.514213 0.857663 0
    outer loop
      vertex 139.997 33.3484 2
      vertex 140.889 32.8136 0
      vertex 139.997 33.3484 0
    endloop
  endfacet
  facet normal 0.595501 0.803355 -0
    outer loop
      vertex 141.725 32.1939 0
      vertex 140.889 32.8136 2
      vertex 141.725 32.1939 2
    endloop
  endfacet
  facet normal 0.595501 0.803355 0
    outer loop
      vertex 140.889 32.8136 2
      vertex 141.725 32.1939 0
      vertex 140.889 32.8136 0
    endloop
  endfacet
  facet normal 0.672194 0.740375 -0
    outer loop
      vertex 141.902 32.0332 0
      vertex 141.725 32.1939 2
      vertex 141.902 32.0332 2
    endloop
  endfacet
  facet normal 0.672194 0.740375 0
    outer loop
      vertex 141.725 32.1939 2
      vertex 141.902 32.0332 0
      vertex 141.725 32.1939 0
    endloop
  endfacet
  facet normal -0.707107 0.707107 0
    outer loop
      vertex 141.902 32.0332 0
      vertex 142.892 33.0232 2
      vertex 142.892 33.0232 0
    endloop
  endfacet
  facet normal -0.707107 0.707107 0
    outer loop
      vertex 142.892 33.0232 2
      vertex 141.902 32.0332 0
      vertex 141.902 32.0332 2
    endloop
  endfacet
  facet normal -0.671689 -0.740833 0
    outer loop
      vertex 140.963 31.2663 0
      vertex 141.053 31.1847 2
      vertex 140.963 31.2663 2
    endloop
  endfacet
  facet normal -0.671689 -0.740833 -0
    outer loop
      vertex 141.053 31.1847 2
      vertex 140.963 31.2663 0
      vertex 141.053 31.1847 0
    endloop
  endfacet
  facet normal -0.595655 -0.80324 0
    outer loop
      vertex 140.222 31.8158 0
      vertex 140.963 31.2663 2
      vertex 140.222 31.8158 2
    endloop
  endfacet
  facet normal -0.595655 -0.80324 -0
    outer loop
      vertex 140.963 31.2663 2
      vertex 140.222 31.8158 0
      vertex 140.963 31.2663 0
    endloop
  endfacet
  facet normal -0.514257 -0.857636 0
    outer loop
      vertex 139.431 32.2901 0
      vertex 140.222 31.8158 2
      vertex 139.431 32.2901 2
    endloop
  endfacet
  facet normal -0.514257 -0.857636 -0
    outer loop
      vertex 140.222 31.8158 2
      vertex 139.431 32.2901 0
      vertex 140.222 31.8158 0
    endloop
  endfacet
  facet normal -0.427508 -0.904011 0
    outer loop
      vertex 138.597 32.6845 0
      vertex 139.431 32.2901 2
      vertex 138.597 32.6845 2
    endloop
  endfacet
  facet normal -0.427508 -0.904011 -0
    outer loop
      vertex 139.431 32.2901 2
      vertex 138.597 32.6845 0
      vertex 139.431 32.2901 0
    endloop
  endfacet
  facet normal -0.33701 -0.941501 0
    outer loop
      vertex 137.729 32.9952 0
      vertex 138.597 32.6845 2
      vertex 137.729 32.9952 2
    endloop
  endfacet
  facet normal -0.33701 -0.941501 -0
    outer loop
      vertex 138.597 32.6845 2
      vertex 137.729 32.9952 0
      vertex 138.597 32.6845 0
    endloop
  endfacet
  facet normal -0.242995 -0.970028 0
    outer loop
      vertex 136.834 33.2194 0
      vertex 137.729 32.9952 2
      vertex 136.834 33.2194 2
    endloop
  endfacet
  facet normal -0.242995 -0.970028 -0
    outer loop
      vertex 137.729 32.9952 2
      vertex 136.834 33.2194 0
      vertex 137.729 32.9952 0
    endloop
  endfacet
  facet normal -0.146592 -0.989197 0
    outer loop
      vertex 135.921 33.3547 0
      vertex 136.834 33.2194 2
      vertex 135.921 33.3547 2
    endloop
  endfacet
  facet normal -0.146592 -0.989197 -0
    outer loop
      vertex 136.834 33.2194 2
      vertex 135.921 33.3547 0
      vertex 136.834 33.2194 0
    endloop
  endfacet
  facet normal -0.0491263 -0.998793 0
    outer loop
      vertex 135 33.4 0
      vertex 135.921 33.3547 2
      vertex 135 33.4 2
    endloop
  endfacet
  facet normal -0.0491263 -0.998793 -0
    outer loop
      vertex 135.921 33.3547 2
      vertex 135 33.4 0
      vertex 135.921 33.3547 0
    endloop
  endfacet
  facet normal 0.0491263 -0.998793 0
    outer loop
      vertex 134.079 33.3547 0
      vertex 135 33.4 2
      vertex 134.079 33.3547 2
    endloop
  endfacet
  facet normal 0.0491263 -0.998793 0
    outer loop
      vertex 135 33.4 2
      vertex 134.079 33.3547 0
      vertex 135 33.4 0
    endloop
  endfacet
  facet normal 0.146592 -0.989197 0
    outer loop
      vertex 133.166 33.2194 0
      vertex 134.079 33.3547 2
      vertex 133.166 33.2194 2
    endloop
  endfacet
  facet normal 0.146592 -0.989197 0
    outer loop
      vertex 134.079 33.3547 2
      vertex 133.166 33.2194 0
      vertex 134.079 33.3547 0
    endloop
  endfacet
  facet normal 0.242995 -0.970028 0
    outer loop
      vertex 132.271 32.9952 0
      vertex 133.166 33.2194 2
      vertex 132.271 32.9952 2
    endloop
  endfacet
  facet normal 0.242995 -0.970028 0
    outer loop
      vertex 133.166 33.2194 2
      vertex 132.271 32.9952 0
      vertex 133.166 33.2194 0
    endloop
  endfacet
  facet normal 0.33701 -0.941501 0
    outer loop
      vertex 131.403 32.6845 0
      vertex 132.271 32.9952 2
      vertex 131.403 32.6845 2
    endloop
  endfacet
  facet normal 0.33701 -0.941501 0
    outer loop
      vertex 132.271 32.9952 2
      vertex 131.403 32.6845 0
      vertex 132.271 32.9952 0
    endloop
  endfacet
  facet normal 0.427508 -0.904011 0
    outer loop
      vertex 130.569 32.2901 0
      vertex 131.403 32.6845 2
      vertex 130.569 32.2901 2
    endloop
  endfacet
  facet normal 0.427508 -0.904011 0
    outer loop
      vertex 131.403 32.6845 2
      vertex 130.569 32.2901 0
      vertex 131.403 32.6845 0
    endloop
  endfacet
  facet normal 0.514257 -0.857636 0
    outer loop
      vertex 129.778 31.8158 0
      vertex 130.569 32.2901 2
      vertex 129.778 31.8158 2
    endloop
  endfacet
  facet normal 0.514257 -0.857636 0
    outer loop
      vertex 130.569 32.2901 2
      vertex 129.778 31.8158 0
      vertex 130.569 32.2901 0
    endloop
  endfacet
  facet normal 0.595655 -0.80324 0
    outer loop
      vertex 129.037 31.2663 0
      vertex 129.778 31.8158 2
      vertex 129.037 31.2663 2
    endloop
  endfacet
  facet normal 0.595655 -0.80324 0
    outer loop
      vertex 129.778 31.8158 2
      vertex 129.037 31.2663 0
      vertex 129.778 31.8158 0
    endloop
  endfacet
  facet normal 0.671689 -0.740833 0
    outer loop
      vertex 128.947 31.1847 0
      vertex 129.037 31.2663 2
      vertex 128.947 31.1847 2
    endloop
  endfacet
  facet normal 0.671689 -0.740833 0
    outer loop
      vertex 129.037 31.2663 2
      vertex 128.947 31.1847 0
      vertex 129.037 31.2663 0
    endloop
  endfacet
  facet normal 0.707142 0.707071 -0
    outer loop
      vertex 129.938 30.1936 0
      vertex 128.947 31.1847 2
      vertex 129.938 30.1936 2
    endloop
  endfacet
  facet normal 0.707142 0.707071 0
    outer loop
      vertex 128.947 31.1847 2
      vertex 129.938 30.1936 0
      vertex 128.947 31.1847 0
    endloop
  endfacet
  facet normal -0.59612 0.802895 0
    outer loop
      vertex 130.555 30.6517 0
      vertex 129.938 30.1936 2
      vertex 130.555 30.6517 2
    endloop
  endfacet
  facet normal -0.59612 0.802895 0
    outer loop
      vertex 129.938 30.1936 2
      vertex 130.555 30.6517 0
      vertex 129.938 30.1936 0
    endloop
  endfacet
  facet normal -0.51384 0.857886 0
    outer loop
      vertex 131.229 31.0554 0
      vertex 130.555 30.6517 2
      vertex 131.229 31.0554 2
    endloop
  endfacet
  facet normal -0.51384 0.857886 0
    outer loop
      vertex 130.555 30.6517 2
      vertex 131.229 31.0554 0
      vertex 130.555 30.6517 0
    endloop
  endfacet
  facet normal -0.427342 0.90409 0
    outer loop
      vertex 131.939 31.391 0
      vertex 131.229 31.0554 2
      vertex 131.939 31.391 2
    endloop
  endfacet
  facet normal -0.427342 0.90409 0
    outer loop
      vertex 131.229 31.0554 2
      vertex 131.939 31.391 0
      vertex 131.229 31.0554 0
    endloop
  endfacet
  facet normal -0.336982 0.941511 0
    outer loop
      vertex 132.678 31.6555 0
      vertex 131.939 31.391 2
      vertex 132.678 31.6555 2
    endloop
  endfacet
  facet normal -0.336982 0.941511 0
    outer loop
      vertex 131.939 31.391 2
      vertex 132.678 31.6555 0
      vertex 131.939 31.391 0
    endloop
  endfacet
  facet normal -0.243195 0.969977 0
    outer loop
      vertex 133.439 31.8463 0
      vertex 132.678 31.6555 2
      vertex 133.439 31.8463 2
    endloop
  endfacet
  facet normal -0.243195 0.969977 0
    outer loop
      vertex 132.678 31.6555 2
      vertex 133.439 31.8463 0
      vertex 132.678 31.6555 0
    endloop
  endfacet
  facet normal -0.146659 0.989187 0
    outer loop
      vertex 134.216 31.9615 0
      vertex 133.439 31.8463 2
      vertex 134.216 31.9615 2
    endloop
  endfacet
  facet normal -0.146659 0.989187 0
    outer loop
      vertex 133.439 31.8463 2
      vertex 134.216 31.9615 0
      vertex 133.439 31.8463 0
    endloop
  endfacet
  facet normal -0.049048 0.998796 0
    outer loop
      vertex 135 32 0
      vertex 134.216 31.9615 2
      vertex 135 32 2
    endloop
  endfacet
  facet normal -0.049048 0.998796 0
    outer loop
      vertex 134.216 31.9615 2
      vertex 135 32 0
      vertex 134.216 31.9615 0
    endloop
  endfacet
  facet normal 0.049048 0.998796 -0
    outer loop
      vertex 135.784 31.9615 0
      vertex 135 32 2
      vertex 135.784 31.9615 2
    endloop
  endfacet
  facet normal 0.049048 0.998796 0
    outer loop
      vertex 135 32 2
      vertex 135.784 31.9615 0
      vertex 135 32 0
    endloop
  endfacet
  facet normal 0.146659 0.989187 -0
    outer loop
      vertex 136.561 31.8463 0
      vertex 135.784 31.9615 2
      vertex 136.561 31.8463 2
    endloop
  endfacet
  facet normal 0.146659 0.989187 0
    outer loop
      vertex 135.784 31.9615 2
      vertex 136.561 31.8463 0
      vertex 135.784 31.9615 0
    endloop
  endfacet
  facet normal 0.243195 0.969977 -0
    outer loop
      vertex 137.322 31.6555 0
      vertex 136.561 31.8463 2
      vertex 137.322 31.6555 2
    endloop
  endfacet
  facet normal 0.243195 0.969977 0
    outer loop
      vertex 136.561 31.8463 2
      vertex 137.322 31.6555 0
      vertex 136.561 31.8463 0
    endloop
  endfacet
  facet normal 0.336982 0.941511 -0
    outer loop
      vertex 138.061 31.391 0
      vertex 137.322 31.6555 2
      vertex 138.061 31.391 2
    endloop
  endfacet
  facet normal 0.336982 0.941511 0
    outer loop
      vertex 137.322 31.6555 2
      vertex 138.061 31.391 0
      vertex 137.322 31.6555 0
    endloop
  endfacet
  facet normal 0.427342 0.90409 -0
    outer loop
      vertex 138.771 31.0554 0
      vertex 138.061 31.391 2
      vertex 138.771 31.0554 2
    endloop
  endfacet
  facet normal 0.427342 0.90409 0
    outer loop
      vertex 138.061 31.391 2
      vertex 138.771 31.0554 0
      vertex 138.061 31.391 0
    endloop
  endfacet
  facet normal 0.51384 0.857886 -0
    outer loop
      vertex 139.445 30.6517 0
      vertex 138.771 31.0554 2
      vertex 139.445 30.6517 2
    endloop
  endfacet
  facet normal 0.51384 0.857886 0
    outer loop
      vertex 138.771 31.0554 2
      vertex 139.445 30.6517 0
      vertex 138.771 31.0554 0
    endloop
  endfacet
  facet normal 0.59612 0.802895 -0
    outer loop
      vertex 140.062 30.1936 0
      vertex 139.445 30.6517 2
      vertex 140.062 30.1936 2
    endloop
  endfacet
  facet normal 0.59612 0.802895 0
    outer loop
      vertex 139.445 30.6517 2
      vertex 140.062 30.1936 0
      vertex 139.445 30.6517 0
    endloop
  endfacet
  facet normal -0.707142 0.707071 0
    outer loop
      vertex 141.053 31.1847 0
      vertex 140.062 30.1936 2
      vertex 141.053 31.1847 2
    endloop
  endfacet
  facet normal -0.707142 0.707071 0
    outer loop
      vertex 140.062 30.1936 2
      vertex 141.053 31.1847 0
      vertex 140.062 30.1936 0
    endloop
  endfacet
  facet normal -0.740318 -0.672257 0
    outer loop
      vertex 126.967 17.0981 0
      vertex 126.806 17.2754 2
      vertex 126.806 17.2754 0
    endloop
  endfacet
  facet normal -0.740318 -0.672257 0
    outer loop
      vertex 126.806 17.2754 2
      vertex 126.967 17.0981 0
      vertex 126.967 17.0981 2
    endloop
  endfacet
  facet normal -0.80308 -0.595871 0
    outer loop
      vertex 126.806 17.2754 0
      vertex 126.186 18.111 2
      vertex 126.186 18.111 0
    endloop
  endfacet
  facet normal -0.80308 -0.595871 0
    outer loop
      vertex 126.186 18.111 2
      vertex 126.806 17.2754 0
      vertex 126.806 17.2754 2
    endloop
  endfacet
  facet normal -0.858052 -0.513562 0
    outer loop
      vertex 126.186 18.111 0
      vertex 125.652 19.0032 2
      vertex 125.652 19.0032 0
    endloop
  endfacet
  facet normal -0.858052 -0.513562 0
    outer loop
      vertex 125.652 19.0032 2
      vertex 126.186 18.111 0
      vertex 126.186 18.111 2
    endloop
  endfacet
  facet normal -0.903906 -0.427731 0
    outer loop
      vertex 125.652 19.0032 0
      vertex 125.207 19.9436 2
      vertex 125.207 19.9436 0
    endloop
  endfacet
  facet normal -0.903906 -0.427731 0
    outer loop
      vertex 125.207 19.9436 2
      vertex 125.652 19.0032 0
      vertex 125.652 19.0032 2
    endloop
  endfacet
  facet normal -0.941372 -0.337371 0
    outer loop
      vertex 125.207 19.9436 0
      vertex 124.856 20.923 2
      vertex 124.856 20.923 0
    endloop
  endfacet
  facet normal -0.941372 -0.337371 0
    outer loop
      vertex 124.856 20.923 2
      vertex 125.207 19.9436 0
      vertex 125.207 19.9436 2
    endloop
  endfacet
  facet normal -0.970205 -0.242287 0
    outer loop
      vertex 124.856 20.923 0
      vertex 124.604 21.9321 2
      vertex 124.604 21.9321 0
    endloop
  endfacet
  facet normal -0.970205 -0.242287 0
    outer loop
      vertex 124.604 21.9321 2
      vertex 124.856 20.923 0
      vertex 124.856 20.923 2
    endloop
  endfacet
  facet normal -0.989086 -0.14734 0
    outer loop
      vertex 124.451 22.961 0
      vertex 124.505 22.5985 2
      vertex 124.451 22.961 2.1
    endloop
  endfacet
  facet normal -0.989124 -0.147085 4.71538e-05
    outer loop
      vertex 124.604 21.9321 0
      vertex 124.505 22.5985 2
      vertex 124.451 22.961 0
    endloop
  endfacet
  facet normal -0.989144 -0.146947 0
    outer loop
      vertex 124.505 22.5985 2
      vertex 124.604 21.9321 0
      vertex 124.604 21.9321 2
    endloop
  endfacet
  facet normal -0.989086 -0.14734 0
    outer loop
      vertex 124.451 22.961 2.1
      vertex 124.505 22.5985 2
      vertex 124.505 22.5985 2.1
    endloop
  endfacet
  facet normal -0.998797 -0.0490266 0
    outer loop
      vertex 124.451 22.961 0
      vertex 124.4 24 2.1
      vertex 124.4 24 0
    endloop
  endfacet
  facet normal -0.998797 -0.0490266 0
    outer loop
      vertex 124.4 24 2.1
      vertex 124.451 22.961 0
      vertex 124.451 22.961 2.1
    endloop
  endfacet
  facet normal -0.998797 0.0490266 0
    outer loop
      vertex 124.4 24 0
      vertex 124.451 25.039 2.1
      vertex 124.451 25.039 0
    endloop
  endfacet
  facet normal -0.998797 0.0490266 0
    outer loop
      vertex 124.451 25.039 2.1
      vertex 124.4 24 0
      vertex 124.4 24 2.1
    endloop
  endfacet
  facet normal -0.989144 0.146947 0
    outer loop
      vertex 124.604 26.0679 0
      vertex 124.505 25.4015 2
      vertex 124.604 26.0679 2
    endloop
  endfacet
  facet normal -0.989124 0.147085 4.71538e-05
    outer loop
      vertex 124.451 25.039 0
      vertex 124.505 25.4015 2
      vertex 124.604 26.0679 0
    endloop
  endfacet
  facet normal -0.989086 0.14734 0
    outer loop
      vertex 124.451 25.039 2.1
      vertex 124.505 25.4015 2
      vertex 124.451 25.039 0
    endloop
  endfacet
  facet normal -0.989086 0.14734 0
    outer loop
      vertex 124.505 25.4015 2
      vertex 124.451 25.039 2.1
      vertex 124.505 25.4015 2.1
    endloop
  endfacet
  facet normal -0.970205 0.242287 0
    outer loop
      vertex 124.604 26.0679 0
      vertex 124.856 27.077 2
      vertex 124.856 27.077 0
    endloop
  endfacet
  facet normal -0.970205 0.242287 0
    outer loop
      vertex 124.856 27.077 2
      vertex 124.604 26.0679 0
      vertex 124.604 26.0679 2
    endloop
  endfacet
  facet normal -0.941372 0.337371 0
    outer loop
      vertex 124.856 27.077 0
      vertex 125.207 28.0564 2
      vertex 125.207 28.0564 0
    endloop
  endfacet
  facet normal -0.941372 0.337371 0
    outer loop
      vertex 125.207 28.0564 2
      vertex 124.856 27.077 0
      vertex 124.856 27.077 2
    endloop
  endfacet
  facet normal -0.903906 0.427731 0
    outer loop
      vertex 125.207 28.0564 0
      vertex 125.652 28.9968 2
      vertex 125.652 28.9968 0
    endloop
  endfacet
  facet normal -0.903906 0.427731 0
    outer loop
      vertex 125.652 28.9968 2
      vertex 125.207 28.0564 0
      vertex 125.207 28.0564 2
    endloop
  endfacet
  facet normal -0.858052 0.513562 0
    outer loop
      vertex 125.652 28.9968 0
      vertex 126.186 29.889 2
      vertex 126.186 29.889 0
    endloop
  endfacet
  facet normal -0.858052 0.513562 0
    outer loop
      vertex 126.186 29.889 2
      vertex 125.652 28.9968 0
      vertex 125.652 28.9968 2
    endloop
  endfacet
  facet normal -0.80308 0.595871 0
    outer loop
      vertex 126.186 29.889 0
      vertex 126.806 30.7246 2
      vertex 126.806 30.7246 0
    endloop
  endfacet
  facet normal -0.80308 0.595871 0
    outer loop
      vertex 126.806 30.7246 2
      vertex 126.186 29.889 0
      vertex 126.186 29.889 2
    endloop
  endfacet
  facet normal -0.740318 0.672257 0
    outer loop
      vertex 126.806 30.7246 0
      vertex 126.967 30.9019 2
      vertex 126.967 30.9019 0
    endloop
  endfacet
  facet normal -0.740318 0.672257 0
    outer loop
      vertex 126.967 30.9019 2
      vertex 126.806 30.7246 0
      vertex 126.806 30.7246 2
    endloop
  endfacet
  facet normal -0.707071 -0.707142 0
    outer loop
      vertex 125.977 31.8918 0
      vertex 126.967 30.9019 2
      vertex 125.977 31.8918 2
    endloop
  endfacet
  facet normal -0.707071 -0.707142 -0
    outer loop
      vertex 126.967 30.9019 2
      vertex 125.977 31.8918 0
      vertex 126.967 30.9019 0
    endloop
  endfacet
  facet normal 0.7409 -0.671615 0
    outer loop
      vertex 125.724 31.6127 2
      vertex 125.977 31.8918 0
      vertex 125.977 31.8918 2
    endloop
  endfacet
  facet normal 0.7409 -0.671615 0
    outer loop
      vertex 125.977 31.8918 0
      vertex 125.724 31.6127 2
      vertex 125.724 31.6127 0
    endloop
  endfacet
  facet normal 0.803015 -0.595958 0
    outer loop
      vertex 125.022 30.6668 2
      vertex 125.724 31.6127 0
      vertex 125.724 31.6127 2
    endloop
  endfacet
  facet normal 0.803015 -0.595958 0
    outer loop
      vertex 125.724 31.6127 0
      vertex 125.022 30.6668 2
      vertex 125.022 30.6668 0
    endloop
  endfacet
  facet normal 0.857867 -0.513871 0
    outer loop
      vertex 124.417 29.6568 2
      vertex 125.022 30.6668 0
      vertex 125.022 30.6668 2
    endloop
  endfacet
  facet normal 0.857867 -0.513871 0
    outer loop
      vertex 125.022 30.6668 0
      vertex 124.417 29.6568 2
      vertex 124.417 29.6568 0
    endloop
  endfacet
  facet normal 0.903831 -0.427889 0
    outer loop
      vertex 123.913 28.5922 2
      vertex 124.417 29.6568 0
      vertex 124.417 29.6568 2
    endloop
  endfacet
  facet normal 0.903831 -0.427889 0
    outer loop
      vertex 124.417 29.6568 0
      vertex 123.913 28.5922 2
      vertex 123.913 28.5922 0
    endloop
  endfacet
  facet normal 0.941742 -0.336336 0
    outer loop
      vertex 123.517 27.4834 2
      vertex 123.913 28.5922 0
      vertex 123.913 28.5922 2
    endloop
  endfacet
  facet normal 0.941742 -0.336336 0
    outer loop
      vertex 123.913 28.5922 0
      vertex 123.517 27.4834 2
      vertex 123.517 27.4834 0
    endloop
  endfacet
  facet normal 0.970058 -0.242875 0
    outer loop
      vertex 123.231 26.3411 2
      vertex 123.517 27.4834 0
      vertex 123.517 27.4834 2
    endloop
  endfacet
  facet normal 0.970058 -0.242875 0
    outer loop
      vertex 123.517 27.4834 0
      vertex 123.231 26.3411 2
      vertex 123.231 26.3411 0
    endloop
  endfacet
  facet normal 0.989151 -0.146899 0
    outer loop
      vertex 123.058 25.1762 2
      vertex 123.231 26.3411 0
      vertex 123.231 26.3411 2
    endloop
  endfacet
  facet normal 0.989151 -0.146899 0
    outer loop
      vertex 123.231 26.3411 0
      vertex 123.058 25.1762 2
      vertex 123.058 25.1762 0
    endloop
  endfacet
  facet normal 0.998786 -0.0492515 0
    outer loop
      vertex 123 24 2
      vertex 123.058 25.1762 0
      vertex 123.058 25.1762 2
    endloop
  endfacet
  facet normal 0.998786 -0.0492515 0
    outer loop
      vertex 123.058 25.1762 0
      vertex 123 24 2
      vertex 123 24 0
    endloop
  endfacet
  facet normal 0.998786 0.0492515 0
    outer loop
      vertex 123.058 22.8238 2
      vertex 123 24 0
      vertex 123 24 2
    endloop
  endfacet
  facet normal 0.998786 0.0492515 0
    outer loop
      vertex 123 24 0
      vertex 123.058 22.8238 2
      vertex 123.058 22.8238 0
    endloop
  endfacet
  facet normal 0.989151 0.146899 0
    outer loop
      vertex 123.231 21.6589 2
      vertex 123.058 22.8238 0
      vertex 123.058 22.8238 2
    endloop
  endfacet
  facet normal 0.989151 0.146899 0
    outer loop
      vertex 123.058 22.8238 0
      vertex 123.231 21.6589 2
      vertex 123.231 21.6589 0
    endloop
  endfacet
  facet normal 0.970058 0.242875 0
    outer loop
      vertex 123.517 20.5166 2
      vertex 123.231 21.6589 0
      vertex 123.231 21.6589 2
    endloop
  endfacet
  facet normal 0.970058 0.242875 0
    outer loop
      vertex 123.231 21.6589 0
      vertex 123.517 20.5166 2
      vertex 123.517 20.5166 0
    endloop
  endfacet
  facet normal 0.941742 0.336336 0
    outer loop
      vertex 123.913 19.4078 2
      vertex 123.517 20.5166 0
      vertex 123.517 20.5166 2
    endloop
  endfacet
  facet normal 0.941742 0.336336 0
    outer loop
      vertex 123.517 20.5166 0
      vertex 123.913 19.4078 2
      vertex 123.913 19.4078 0
    endloop
  endfacet
  facet normal 0.903831 0.427889 0
    outer loop
      vertex 124.417 18.3432 2
      vertex 123.913 19.4078 0
      vertex 123.913 19.4078 2
    endloop
  endfacet
  facet normal 0.903831 0.427889 0
    outer loop
      vertex 123.913 19.4078 0
      vertex 124.417 18.3432 2
      vertex 124.417 18.3432 0
    endloop
  endfacet
  facet normal 0.857867 0.513871 0
    outer loop
      vertex 125.022 17.3332 2
      vertex 124.417 18.3432 0
      vertex 124.417 18.3432 2
    endloop
  endfacet
  facet normal 0.857867 0.513871 0
    outer loop
      vertex 124.417 18.3432 0
      vertex 125.022 17.3332 2
      vertex 125.022 17.3332 0
    endloop
  endfacet
  facet normal 0.803015 0.595958 0
    outer loop
      vertex 125.724 16.3873 2
      vertex 125.022 17.3332 0
      vertex 125.022 17.3332 2
    endloop
  endfacet
  facet normal 0.803015 0.595958 0
    outer loop
      vertex 125.022 17.3332 0
      vertex 125.724 16.3873 2
      vertex 125.724 16.3873 0
    endloop
  endfacet
  facet normal 0.7409 0.671615 0
    outer loop
      vertex 125.977 16.1082 2
      vertex 125.724 16.3873 0
      vertex 125.724 16.3873 2
    endloop
  endfacet
  facet normal 0.7409 0.671615 0
    outer loop
      vertex 125.724 16.3873 0
      vertex 125.977 16.1082 2
      vertex 125.977 16.1082 0
    endloop
  endfacet
  facet normal -0.707071 0.707142 0
    outer loop
      vertex 126.967 17.0981 0
      vertex 125.977 16.1082 2
      vertex 126.967 17.0981 2
    endloop
  endfacet
  facet normal -0.707071 0.707142 0
    outer loop
      vertex 125.977 16.1082 2
      vertex 126.967 17.0981 0
      vertex 125.977 16.1082 0
    endloop
  endfacet
  facet normal -0.803015 0.595958 0
    outer loop
      vertex 144.276 16.3873 0
      vertex 144.978 17.3332 2
      vertex 144.978 17.3332 0
    endloop
  endfacet
  facet normal -0.803015 0.595958 0
    outer loop
      vertex 144.978 17.3332 2
      vertex 144.276 16.3873 0
      vertex 144.276 16.3873 2
    endloop
  endfacet
  facet normal -0.857867 0.513871 0
    outer loop
      vertex 144.978 17.3332 0
      vertex 145.583 18.3432 2
      vertex 145.583 18.3432 0
    endloop
  endfacet
  facet normal -0.857867 0.513871 0
    outer loop
      vertex 145.583 18.3432 2
      vertex 144.978 17.3332 0
      vertex 144.978 17.3332 2
    endloop
  endfacet
  facet normal -0.903831 0.427889 0
    outer loop
      vertex 145.583 18.3432 0
      vertex 146.087 19.4078 2
      vertex 146.087 19.4078 0
    endloop
  endfacet
  facet normal -0.903831 0.427889 0
    outer loop
      vertex 146.087 19.4078 2
      vertex 145.583 18.3432 0
      vertex 145.583 18.3432 2
    endloop
  endfacet
  facet normal -0.941742 0.336336 0
    outer loop
      vertex 146.087 19.4078 0
      vertex 146.483 20.5166 2
      vertex 146.483 20.5166 0
    endloop
  endfacet
  facet normal -0.941742 0.336336 0
    outer loop
      vertex 146.483 20.5166 2
      vertex 146.087 19.4078 0
      vertex 146.087 19.4078 2
    endloop
  endfacet
  facet normal -0.970058 0.242875 0
    outer loop
      vertex 146.483 20.5166 0
      vertex 146.769 21.6589 2
      vertex 146.769 21.6589 0
    endloop
  endfacet
  facet normal -0.970058 0.242875 0
    outer loop
      vertex 146.769 21.6589 2
      vertex 146.483 20.5166 0
      vertex 146.483 20.5166 2
    endloop
  endfacet
  facet normal -0.989151 0.146899 0
    outer loop
      vertex 146.769 21.6589 0
      vertex 146.942 22.8238 2
      vertex 146.942 22.8238 0
    endloop
  endfacet
  facet normal -0.989151 0.146899 0
    outer loop
      vertex 146.942 22.8238 2
      vertex 146.769 21.6589 0
      vertex 146.769 21.6589 2
    endloop
  endfacet
  facet normal -0.998786 0.0492515 0
    outer loop
      vertex 146.942 22.8238 0
      vertex 147 24 2
      vertex 147 24 0
    endloop
  endfacet
  facet normal -0.998786 0.0492515 0
    outer loop
      vertex 147 24 2
      vertex 146.942 22.8238 0
      vertex 146.942 22.8238 2
    endloop
  endfacet
  facet normal -0.998786 -0.0492515 0
    outer loop
      vertex 147 24 0
      vertex 146.942 25.1762 2
      vertex 146.942 25.1762 0
    endloop
  endfacet
  facet normal -0.998786 -0.0492515 0
    outer loop
      vertex 146.942 25.1762 2
      vertex 147 24 0
      vertex 147 24 2
    endloop
  endfacet
  facet normal -0.989151 -0.146899 0
    outer loop
      vertex 146.942 25.1762 0
      vertex 146.769 26.3411 2
      vertex 146.769 26.3411 0
    endloop
  endfacet
  facet normal -0.989151 -0.146899 0
    outer loop
      vertex 146.769 26.3411 2
      vertex 146.942 25.1762 0
      vertex 146.942 25.1762 2
    endloop
  endfacet
  facet normal -0.970058 -0.242875 0
    outer loop
      vertex 146.769 26.3411 0
      vertex 146.483 27.4834 2
      vertex 146.483 27.4834 0
    endloop
  endfacet
  facet normal -0.970058 -0.242875 0
    outer loop
      vertex 146.483 27.4834 2
      vertex 146.769 26.3411 0
      vertex 146.769 26.3411 2
    endloop
  endfacet
  facet normal -0.941742 -0.336336 0
    outer loop
      vertex 146.483 27.4834 0
      vertex 146.087 28.5922 2
      vertex 146.087 28.5922 0
    endloop
  endfacet
  facet normal -0.941742 -0.336336 0
    outer loop
      vertex 146.087 28.5922 2
      vertex 146.483 27.4834 0
      vertex 146.483 27.4834 2
    endloop
  endfacet
  facet normal -0.903831 -0.427889 0
    outer loop
      vertex 146.087 28.5922 0
      vertex 145.583 29.6568 2
      vertex 145.583 29.6568 0
    endloop
  endfacet
  facet normal -0.903831 -0.427889 0
    outer loop
      vertex 145.583 29.6568 2
      vertex 146.087 28.5922 0
      vertex 146.087 28.5922 2
    endloop
  endfacet
  facet normal -0.857867 -0.513871 0
    outer loop
      vertex 145.583 29.6568 0
      vertex 144.978 30.6668 2
      vertex 144.978 30.6668 0
    endloop
  endfacet
  facet normal -0.857867 -0.513871 0
    outer loop
      vertex 144.978 30.6668 2
      vertex 145.583 29.6568 0
      vertex 145.583 29.6568 2
    endloop
  endfacet
  facet normal -0.803015 -0.595958 0
    outer loop
      vertex 144.978 30.6668 0
      vertex 144.276 31.6127 2
      vertex 144.276 31.6127 0
    endloop
  endfacet
  facet normal -0.803015 -0.595958 0
    outer loop
      vertex 144.276 31.6127 2
      vertex 144.978 30.6668 0
      vertex 144.978 30.6668 2
    endloop
  endfacet
  facet normal -0.7409 -0.671615 0
    outer loop
      vertex 144.276 31.6127 0
      vertex 144.023 31.8918 2
      vertex 144.023 31.8918 0
    endloop
  endfacet
  facet normal -0.7409 -0.671615 0
    outer loop
      vertex 144.023 31.8918 2
      vertex 144.276 31.6127 0
      vertex 144.276 31.6127 2
    endloop
  endfacet
  facet normal 0.707071 -0.707142 0
    outer loop
      vertex 143.033 30.9019 0
      vertex 144.023 31.8918 2
      vertex 143.033 30.9019 2
    endloop
  endfacet
  facet normal 0.707071 -0.707142 0
    outer loop
      vertex 144.023 31.8918 2
      vertex 143.033 30.9019 0
      vertex 144.023 31.8918 0
    endloop
  endfacet
  facet normal 0.740318 0.672257 0
    outer loop
      vertex 143.194 30.7246 2
      vertex 143.033 30.9019 0
      vertex 143.033 30.9019 2
    endloop
  endfacet
  facet normal 0.740318 0.672257 0
    outer loop
      vertex 143.033 30.9019 0
      vertex 143.194 30.7246 2
      vertex 143.194 30.7246 0
    endloop
  endfacet
  facet normal 0.80308 0.595871 0
    outer loop
      vertex 143.814 29.889 2
      vertex 143.194 30.7246 0
      vertex 143.194 30.7246 2
    endloop
  endfacet
  facet normal 0.80308 0.595871 0
    outer loop
      vertex 143.194 30.7246 0
      vertex 143.814 29.889 2
      vertex 143.814 29.889 0
    endloop
  endfacet
  facet normal 0.858052 0.513562 0
    outer loop
      vertex 144.348 28.9968 2
      vertex 143.814 29.889 0
      vertex 143.814 29.889 2
    endloop
  endfacet
  facet normal 0.858052 0.513562 0
    outer loop
      vertex 143.814 29.889 0
      vertex 144.348 28.9968 2
      vertex 144.348 28.9968 0
    endloop
  endfacet
  facet normal 0.903906 0.427731 0
    outer loop
      vertex 144.793 28.0564 2
      vertex 144.348 28.9968 0
      vertex 144.348 28.9968 2
    endloop
  endfacet
  facet normal 0.903906 0.427731 0
    outer loop
      vertex 144.348 28.9968 0
      vertex 144.793 28.0564 2
      vertex 144.793 28.0564 0
    endloop
  endfacet
  facet normal 0.941372 0.337371 0
    outer loop
      vertex 145.144 27.077 2
      vertex 144.793 28.0564 0
      vertex 144.793 28.0564 2
    endloop
  endfacet
  facet normal 0.941372 0.337371 0
    outer loop
      vertex 144.793 28.0564 0
      vertex 145.144 27.077 2
      vertex 145.144 27.077 0
    endloop
  endfacet
  facet normal 0.970205 0.242287 0
    outer loop
      vertex 145.396 26.0679 2
      vertex 145.144 27.077 0
      vertex 145.144 27.077 2
    endloop
  endfacet
  facet normal 0.970205 0.242287 0
    outer loop
      vertex 145.144 27.077 0
      vertex 145.396 26.0679 2
      vertex 145.396 26.0679 0
    endloop
  endfacet
  facet normal 0.989086 0.14734 0
    outer loop
      vertex 145.495 25.4015 2.1
      vertex 145.549 25.039 2.1
      vertex 145.495 25.4015 2
    endloop
  endfacet
  facet normal 0.989144 0.146947 0
    outer loop
      vertex 145.495 25.4015 2
      vertex 145.396 26.0679 0
      vertex 145.396 26.0679 2
    endloop
  endfacet
  facet normal 0.989086 0.14734 -0
    outer loop
      vertex 145.549 25.039 0
      vertex 145.495 25.4015 2
      vertex 145.549 25.039 2.1
    endloop
  endfacet
  facet normal 0.989124 0.147085 4.71538e-05
    outer loop
      vertex 145.495 25.4015 2
      vertex 145.549 25.039 0
      vertex 145.396 26.0679 0
    endloop
  endfacet
  facet normal 0.998797 0.0490266 0
    outer loop
      vertex 145.6 24 2.1
      vertex 145.549 25.039 0
      vertex 145.549 25.039 2.1
    endloop
  endfacet
  facet normal 0.998797 0.0490266 0
    outer loop
      vertex 145.549 25.039 0
      vertex 145.6 24 2.1
      vertex 145.6 24 0
    endloop
  endfacet
  facet normal 0.998797 -0.0490266 0
    outer loop
      vertex 145.549 22.961 2.1
      vertex 145.6 24 0
      vertex 145.6 24 2.1
    endloop
  endfacet
  facet normal 0.998797 -0.0490266 0
    outer loop
      vertex 145.6 24 0
      vertex 145.549 22.961 2.1
      vertex 145.549 22.961 0
    endloop
  endfacet
  facet normal 0.989086 -0.14734 0
    outer loop
      vertex 145.495 22.5985 2
      vertex 145.549 22.961 2.1
      vertex 145.495 22.5985 2.1
    endloop
  endfacet
  facet normal 0.989086 -0.14734 0
    outer loop
      vertex 145.549 22.961 2.1
      vertex 145.495 22.5985 2
      vertex 145.549 22.961 0
    endloop
  endfacet
  facet normal 0.989144 -0.146947 0
    outer loop
      vertex 145.396 21.9321 0
      vertex 145.495 22.5985 2
      vertex 145.396 21.9321 2
    endloop
  endfacet
  facet normal 0.989124 -0.147085 4.71538e-05
    outer loop
      vertex 145.495 22.5985 2
      vertex 145.396 21.9321 0
      vertex 145.549 22.961 0
    endloop
  endfacet
  facet normal 0.970205 -0.242287 0
    outer loop
      vertex 145.144 20.923 2
      vertex 145.396 21.9321 0
      vertex 145.396 21.9321 2
    endloop
  endfacet
  facet normal 0.970205 -0.242287 0
    outer loop
      vertex 145.396 21.9321 0
      vertex 145.144 20.923 2
      vertex 145.144 20.923 0
    endloop
  endfacet
  facet normal 0.941372 -0.337371 0
    outer loop
      vertex 144.793 19.9436 2
      vertex 145.144 20.923 0
      vertex 145.144 20.923 2
    endloop
  endfacet
  facet normal 0.941372 -0.337371 0
    outer loop
      vertex 145.144 20.923 0
      vertex 144.793 19.9436 2
      vertex 144.793 19.9436 0
    endloop
  endfacet
  facet normal 0.903906 -0.427731 0
    outer loop
      vertex 144.348 19.0032 2
      vertex 144.793 19.9436 0
      vertex 144.793 19.9436 2
    endloop
  endfacet
  facet normal 0.903906 -0.427731 0
    outer loop
      vertex 144.793 19.9436 0
      vertex 144.348 19.0032 2
      vertex 144.348 19.0032 0
    endloop
  endfacet
  facet normal 0.858052 -0.513562 0
    outer loop
      vertex 143.814 18.111 2
      vertex 144.348 19.0032 0
      vertex 144.348 19.0032 2
    endloop
  endfacet
  facet normal 0.858052 -0.513562 0
    outer loop
      vertex 144.348 19.0032 0
      vertex 143.814 18.111 2
      vertex 143.814 18.111 0
    endloop
  endfacet
  facet normal 0.80308 -0.595871 0
    outer loop
      vertex 143.194 17.2754 2
      vertex 143.814 18.111 0
      vertex 143.814 18.111 2
    endloop
  endfacet
  facet normal 0.80308 -0.595871 0
    outer loop
      vertex 143.814 18.111 0
      vertex 143.194 17.2754 2
      vertex 143.194 17.2754 0
    endloop
  endfacet
  facet normal 0.740318 -0.672257 0
    outer loop
      vertex 143.033 17.0981 2
      vertex 143.194 17.2754 0
      vertex 143.194 17.2754 2
    endloop
  endfacet
  facet normal 0.740318 -0.672257 0
    outer loop
      vertex 143.194 17.2754 0
      vertex 143.033 17.0981 2
      vertex 143.033 17.0981 0
    endloop
  endfacet
  facet normal 0.707071 0.707142 -0
    outer loop
      vertex 144.023 16.1082 0
      vertex 143.033 17.0981 2
      vertex 144.023 16.1082 2
    endloop
  endfacet
  facet normal 0.707071 0.707142 0
    outer loop
      vertex 143.033 17.0981 2
      vertex 144.023 16.1082 0
      vertex 143.033 17.0981 0
    endloop
  endfacet
  facet normal -0.7409 0.671615 0
    outer loop
      vertex 144.023 16.1082 0
      vertex 144.276 16.3873 2
      vertex 144.276 16.3873 0
    endloop
  endfacet
  facet normal -0.7409 0.671615 0
    outer loop
      vertex 144.276 16.3873 2
      vertex 144.023 16.1082 0
      vertex 144.023 16.1082 2
    endloop
  endfacet
  facet normal -0.596203 -0.802834 0
    outer loop
      vertex 138.778 29.654 0
      vertex 139.205 29.3369 2
      vertex 138.778 29.654 2
    endloop
  endfacet
  facet normal -0.596203 -0.802834 -0
    outer loop
      vertex 139.205 29.3369 2
      vertex 138.778 29.654 0
      vertex 139.205 29.3369 0
    endloop
  endfacet
  facet normal -0.513725 -0.857955 0
    outer loop
      vertex 138.205 29.9971 0
      vertex 138.778 29.654 2
      vertex 138.205 29.9971 2
    endloop
  endfacet
  facet normal -0.513725 -0.857955 -0
    outer loop
      vertex 138.778 29.654 2
      vertex 138.205 29.9971 0
      vertex 138.778 29.654 0
    endloop
  endfacet
  facet normal -0.42768 -0.90393 0
    outer loop
      vertex 137.602 30.2824 0
      vertex 138.205 29.9971 2
      vertex 137.602 30.2824 2
    endloop
  endfacet
  facet normal -0.42768 -0.90393 -0
    outer loop
      vertex 138.205 29.9971 2
      vertex 137.602 30.2824 0
      vertex 138.205 29.9971 0
    endloop
  endfacet
  facet normal -0.33702 -0.941497 0
    outer loop
      vertex 136.974 30.5072 0
      vertex 137.602 30.2824 2
      vertex 136.974 30.5072 2
    endloop
  endfacet
  facet normal -0.33702 -0.941497 -0
    outer loop
      vertex 137.602 30.2824 2
      vertex 136.974 30.5072 0
      vertex 137.602 30.2824 0
    endloop
  endfacet
  facet normal -0.243029 -0.970019 0
    outer loop
      vertex 136.327 30.6693 0
      vertex 136.974 30.5072 2
      vertex 136.327 30.6693 2
    endloop
  endfacet
  facet normal -0.243029 -0.970019 -0
    outer loop
      vertex 136.974 30.5072 2
      vertex 136.327 30.6693 0
      vertex 136.974 30.5072 0
    endloop
  endfacet
  facet normal -0.146728 -0.989177 0
    outer loop
      vertex 135.667 30.7672 0
      vertex 136.327 30.6693 2
      vertex 135.667 30.7672 2
    endloop
  endfacet
  facet normal -0.146728 -0.989177 -0
    outer loop
      vertex 136.327 30.6693 2
      vertex 135.667 30.7672 0
      vertex 136.327 30.6693 0
    endloop
  endfacet
  facet normal -0.0491161 -0.998793 0
    outer loop
      vertex 135 30.8 0
      vertex 135.667 30.7672 2
      vertex 135 30.8 2
    endloop
  endfacet
  facet normal -0.0491161 -0.998793 -0
    outer loop
      vertex 135.667 30.7672 2
      vertex 135 30.8 0
      vertex 135.667 30.7672 0
    endloop
  endfacet
  facet normal 0.0491161 -0.998793 0
    outer loop
      vertex 134.333 30.7672 0
      vertex 135 30.8 2
      vertex 134.333 30.7672 2
    endloop
  endfacet
  facet normal 0.0491161 -0.998793 0
    outer loop
      vertex 135 30.8 2
      vertex 134.333 30.7672 0
      vertex 135 30.8 0
    endloop
  endfacet
  facet normal 0.146728 -0.989177 0
    outer loop
      vertex 133.673 30.6693 0
      vertex 134.333 30.7672 2
      vertex 133.673 30.6693 2
    endloop
  endfacet
  facet normal 0.146728 -0.989177 0
    outer loop
      vertex 134.333 30.7672 2
      vertex 133.673 30.6693 0
      vertex 134.333 30.7672 0
    endloop
  endfacet
  facet normal 0.243029 -0.970019 0
    outer loop
      vertex 133.026 30.5072 0
      vertex 133.673 30.6693 2
      vertex 133.026 30.5072 2
    endloop
  endfacet
  facet normal 0.243029 -0.970019 0
    outer loop
      vertex 133.673 30.6693 2
      vertex 133.026 30.5072 0
      vertex 133.673 30.6693 0
    endloop
  endfacet
  facet normal 0.33702 -0.941497 0
    outer loop
      vertex 132.398 30.2824 0
      vertex 133.026 30.5072 2
      vertex 132.398 30.2824 2
    endloop
  endfacet
  facet normal 0.33702 -0.941497 0
    outer loop
      vertex 133.026 30.5072 2
      vertex 132.398 30.2824 0
      vertex 133.026 30.5072 0
    endloop
  endfacet
  facet normal 0.42768 -0.90393 0
    outer loop
      vertex 131.795 29.9971 0
      vertex 132.398 30.2824 2
      vertex 131.795 29.9971 2
    endloop
  endfacet
  facet normal 0.42768 -0.90393 0
    outer loop
      vertex 132.398 30.2824 2
      vertex 131.795 29.9971 0
      vertex 132.398 30.2824 0
    endloop
  endfacet
  facet normal 0.513725 -0.857955 0
    outer loop
      vertex 131.222 29.654 0
      vertex 131.795 29.9971 2
      vertex 131.222 29.654 2
    endloop
  endfacet
  facet normal 0.513725 -0.857955 0
    outer loop
      vertex 131.795 29.9971 2
      vertex 131.222 29.654 0
      vertex 131.795 29.9971 0
    endloop
  endfacet
  facet normal 0.596203 -0.802834 0
    outer loop
      vertex 130.795 29.3369 0
      vertex 131.222 29.654 2
      vertex 130.795 29.3369 2
    endloop
  endfacet
  facet normal 0.596203 -0.802834 0
    outer loop
      vertex 131.222 29.654 2
      vertex 130.795 29.3369 0
      vertex 131.222 29.654 0
    endloop
  endfacet
  facet normal 0.707319 0.706894 0
    outer loop
      vertex 131.794 28.3373 2
      vertex 130.795 29.3369 0
      vertex 130.795 29.3369 2
    endloop
  endfacet
  facet normal 0.707319 0.706894 0
    outer loop
      vertex 130.795 29.3369 0
      vertex 131.794 28.3373 2
      vertex 131.794 28.3373 0
    endloop
  endfacet
  facet normal -0.595246 0.803543 0
    outer loop
      vertex 132 28.4899 0
      vertex 131.794 28.3373 2
      vertex 132 28.4899 2
    endloop
  endfacet
  facet normal -0.595246 0.803543 0
    outer loop
      vertex 131.794 28.3373 2
      vertex 132 28.4899 0
      vertex 131.794 28.3373 0
    endloop
  endfacet
  facet normal -0.514635 0.85741 0
    outer loop
      vertex 132.454 28.7624 0
      vertex 132 28.4899 2
      vertex 132.454 28.7624 2
    endloop
  endfacet
  facet normal -0.514635 0.85741 0
    outer loop
      vertex 132 28.4899 2
      vertex 132.454 28.7624 0
      vertex 132 28.4899 0
    endloop
  endfacet
  facet normal -0.42675 0.90437 0
    outer loop
      vertex 132.934 28.9889 0
      vertex 132.454 28.7624 2
      vertex 132.934 28.9889 2
    endloop
  endfacet
  facet normal -0.42675 0.90437 0
    outer loop
      vertex 132.454 28.7624 2
      vertex 132.934 28.9889 0
      vertex 132.454 28.7624 0
    endloop
  endfacet
  facet normal -0.337581 0.941296 0
    outer loop
      vertex 133.432 29.1675 0
      vertex 132.934 28.9889 2
      vertex 133.432 29.1675 2
    endloop
  endfacet
  facet normal -0.337581 0.941296 0
    outer loop
      vertex 132.934 28.9889 2
      vertex 133.432 29.1675 0
      vertex 132.934 28.9889 0
    endloop
  endfacet
  facet normal -0.242447 0.970165 0
    outer loop
      vertex 133.947 29.2962 0
      vertex 133.432 29.1675 2
      vertex 133.947 29.2962 2
    endloop
  endfacet
  facet normal -0.242447 0.970165 0
    outer loop
      vertex 133.432 29.1675 2
      vertex 133.947 29.2962 0
      vertex 133.432 29.1675 0
    endloop
  endfacet
  facet normal -0.146863 0.989157 0
    outer loop
      vertex 134.471 29.374 0
      vertex 133.947 29.2962 2
      vertex 134.471 29.374 2
    endloop
  endfacet
  facet normal -0.146863 0.989157 0
    outer loop
      vertex 133.947 29.2962 2
      vertex 134.471 29.374 0
      vertex 133.947 29.2962 0
    endloop
  endfacet
  facet normal -0.0490901 0.998794 0
    outer loop
      vertex 135 29.4 0
      vertex 134.471 29.374 2
      vertex 135 29.4 2
    endloop
  endfacet
  facet normal -0.0490901 0.998794 0
    outer loop
      vertex 134.471 29.374 2
      vertex 135 29.4 0
      vertex 134.471 29.374 0
    endloop
  endfacet
  facet normal 0.0490901 0.998794 -0
    outer loop
      vertex 135.529 29.374 0
      vertex 135 29.4 2
      vertex 135.529 29.374 2
    endloop
  endfacet
  facet normal 0.0490901 0.998794 0
    outer loop
      vertex 135 29.4 2
      vertex 135.529 29.374 0
      vertex 135 29.4 0
    endloop
  endfacet
  facet normal 0.146863 0.989157 -0
    outer loop
      vertex 136.053 29.2962 0
      vertex 135.529 29.374 2
      vertex 136.053 29.2962 2
    endloop
  endfacet
  facet normal 0.146863 0.989157 0
    outer loop
      vertex 135.529 29.374 2
      vertex 136.053 29.2962 0
      vertex 135.529 29.374 0
    endloop
  endfacet
  facet normal 0.242447 0.970165 -0
    outer loop
      vertex 136.568 29.1675 0
      vertex 136.053 29.2962 2
      vertex 136.568 29.1675 2
    endloop
  endfacet
  facet normal 0.242447 0.970165 0
    outer loop
      vertex 136.053 29.2962 2
      vertex 136.568 29.1675 0
      vertex 136.053 29.2962 0
    endloop
  endfacet
  facet normal 0.337581 0.941296 -0
    outer loop
      vertex 137.066 28.9889 0
      vertex 136.568 29.1675 2
      vertex 137.066 28.9889 2
    endloop
  endfacet
  facet normal 0.337581 0.941296 0
    outer loop
      vertex 136.568 29.1675 2
      vertex 137.066 28.9889 0
      vertex 136.568 29.1675 0
    endloop
  endfacet
  facet normal 0.42675 0.90437 -0
    outer loop
      vertex 137.546 28.7624 0
      vertex 137.066 28.9889 2
      vertex 137.546 28.7624 2
    endloop
  endfacet
  facet normal 0.42675 0.90437 0
    outer loop
      vertex 137.066 28.9889 2
      vertex 137.546 28.7624 0
      vertex 137.066 28.9889 0
    endloop
  endfacet
  facet normal 0.514635 0.85741 -0
    outer loop
      vertex 138 28.4899 0
      vertex 137.546 28.7624 2
      vertex 138 28.4899 2
    endloop
  endfacet
  facet normal 0.514635 0.85741 0
    outer loop
      vertex 137.546 28.7624 2
      vertex 138 28.4899 0
      vertex 137.546 28.7624 0
    endloop
  endfacet
  facet normal 0.595246 0.803543 -0
    outer loop
      vertex 138.206 28.3373 0
      vertex 138 28.4899 2
      vertex 138.206 28.3373 2
    endloop
  endfacet
  facet normal 0.595246 0.803543 0
    outer loop
      vertex 138 28.4899 2
      vertex 138.206 28.3373 0
      vertex 138 28.4899 0
    endloop
  endfacet
  facet normal -0.707319 0.706894 0
    outer loop
      vertex 138.206 28.3373 0
      vertex 139.205 29.3369 2
      vertex 139.205 29.3369 0
    endloop
  endfacet
  facet normal -0.707319 0.706894 0
    outer loop
      vertex 139.205 29.3369 2
      vertex 138.206 28.3373 0
      vertex 138.206 28.3373 2
    endloop
  endfacet
  facet normal -0.803327 -0.595538 0
    outer loop
      vertex 128.806 18.9377 0
      vertex 128.348 19.5555 2
      vertex 128.348 19.5555 0
    endloop
  endfacet
  facet normal -0.803327 -0.595538 0
    outer loop
      vertex 128.348 19.5555 2
      vertex 128.806 18.9377 0
      vertex 128.806 18.9377 2
    endloop
  endfacet
  facet normal -0.858043 -0.513577 0
    outer loop
      vertex 128.348 19.5555 0
      vertex 127.945 20.2288 2
      vertex 127.945 20.2288 0
    endloop
  endfacet
  facet normal -0.858043 -0.513577 0
    outer loop
      vertex 127.945 20.2288 2
      vertex 128.348 19.5555 0
      vertex 128.348 19.5555 2
    endloop
  endfacet
  facet normal -0.903823 -0.427906 0
    outer loop
      vertex 127.945 20.2288 0
      vertex 127.609 20.9385 2
      vertex 127.609 20.9385 0
    endloop
  endfacet
  facet normal -0.903823 -0.427906 0
    outer loop
      vertex 127.609 20.9385 2
      vertex 127.945 20.2288 0
      vertex 127.945 20.2288 2
    endloop
  endfacet
  facet normal -0.941338 -0.337466 0
    outer loop
      vertex 127.609 20.9385 0
      vertex 127.344 21.6777 2
      vertex 127.344 21.6777 0
    endloop
  endfacet
  facet normal -0.941338 -0.337466 0
    outer loop
      vertex 127.344 21.6777 2
      vertex 127.609 20.9385 0
      vertex 127.609 20.9385 2
    endloop
  endfacet
  facet normal -0.970262 -0.242056 0
    outer loop
      vertex 127.344 21.6777 0
      vertex 127.154 22.4393 2
      vertex 127.154 22.4393 0
    endloop
  endfacet
  facet normal -0.970262 -0.242056 0
    outer loop
      vertex 127.154 22.4393 2
      vertex 127.344 21.6777 0
      vertex 127.344 21.6777 2
    endloop
  endfacet
  facet normal -0.989213 -0.146484 0
    outer loop
      vertex 127.154 22.4393 0
      vertex 127.039 23.2159 2
      vertex 127.039 23.2159 0
    endloop
  endfacet
  facet normal -0.989213 -0.146484 0
    outer loop
      vertex 127.039 23.2159 2
      vertex 127.154 22.4393 0
      vertex 127.154 22.4393 2
    endloop
  endfacet
  facet normal -0.998765 -0.0496771 0
    outer loop
      vertex 127.039 23.2159 0
      vertex 127 24 2
      vertex 127 24 0
    endloop
  endfacet
  facet normal -0.998765 -0.0496771 0
    outer loop
      vertex 127 24 2
      vertex 127.039 23.2159 0
      vertex 127.039 23.2159 2
    endloop
  endfacet
  facet normal -0.998765 0.0496771 0
    outer loop
      vertex 127 24 0
      vertex 127.039 24.7841 2
      vertex 127.039 24.7841 0
    endloop
  endfacet
  facet normal -0.998765 0.0496771 0
    outer loop
      vertex 127.039 24.7841 2
      vertex 127 24 0
      vertex 127 24 2
    endloop
  endfacet
  facet normal -0.989213 0.146484 0
    outer loop
      vertex 127.039 24.7841 0
      vertex 127.154 25.5607 2
      vertex 127.154 25.5607 0
    endloop
  endfacet
  facet normal -0.989213 0.146484 0
    outer loop
      vertex 127.154 25.5607 2
      vertex 127.039 24.7841 0
      vertex 127.039 24.7841 2
    endloop
  endfacet
  facet normal -0.970262 0.242056 0
    outer loop
      vertex 127.154 25.5607 0
      vertex 127.344 26.3223 2
      vertex 127.344 26.3223 0
    endloop
  endfacet
  facet normal -0.970262 0.242056 0
    outer loop
      vertex 127.344 26.3223 2
      vertex 127.154 25.5607 0
      vertex 127.154 25.5607 2
    endloop
  endfacet
  facet normal -0.941338 0.337466 0
    outer loop
      vertex 127.344 26.3223 0
      vertex 127.609 27.0615 2
      vertex 127.609 27.0615 0
    endloop
  endfacet
  facet normal -0.941338 0.337466 0
    outer loop
      vertex 127.609 27.0615 2
      vertex 127.344 26.3223 0
      vertex 127.344 26.3223 2
    endloop
  endfacet
  facet normal -0.903823 0.427906 0
    outer loop
      vertex 127.609 27.0615 0
      vertex 127.945 27.7712 2
      vertex 127.945 27.7712 0
    endloop
  endfacet
  facet normal -0.903823 0.427906 0
    outer loop
      vertex 127.945 27.7712 2
      vertex 127.609 27.0615 0
      vertex 127.609 27.0615 2
    endloop
  endfacet
  facet normal -0.858043 0.513577 0
    outer loop
      vertex 127.945 27.7712 0
      vertex 128.348 28.4445 2
      vertex 128.348 28.4445 0
    endloop
  endfacet
  facet normal -0.858043 0.513577 0
    outer loop
      vertex 128.348 28.4445 2
      vertex 127.945 27.7712 0
      vertex 127.945 27.7712 2
    endloop
  endfacet
  facet normal -0.803327 0.595538 0
    outer loop
      vertex 128.348 28.4445 0
      vertex 128.806 29.0623 2
      vertex 128.806 29.0623 0
    endloop
  endfacet
  facet normal -0.803327 0.595538 0
    outer loop
      vertex 128.806 29.0623 2
      vertex 128.348 28.4445 0
      vertex 128.348 28.4445 2
    endloop
  endfacet
  facet normal -0.707107 -0.707107 0
    outer loop
      vertex 128.806 29.0623 0
      vertex 127.815 30.0533 2
      vertex 127.815 30.0533 0
    endloop
  endfacet
  facet normal -0.707107 -0.707107 0
    outer loop
      vertex 127.815 30.0533 2
      vertex 128.806 29.0623 0
      vertex 128.806 29.0623 2
    endloop
  endfacet
  facet normal 0.743294 -0.668965 0
    outer loop
      vertex 127.734 29.9633 2
      vertex 127.815 30.0533 0
      vertex 127.815 30.0533 2
    endloop
  endfacet
  facet normal 0.743294 -0.668965 0
    outer loop
      vertex 127.815 30.0533 0
      vertex 127.734 29.9633 2
      vertex 127.734 29.9633 0
    endloop
  endfacet
  facet normal 0.802942 -0.596057 0
    outer loop
      vertex 127.184 29.2224 2
      vertex 127.734 29.9633 0
      vertex 127.734 29.9633 2
    endloop
  endfacet
  facet normal 0.802942 -0.596057 0
    outer loop
      vertex 127.734 29.9633 0
      vertex 127.184 29.2224 2
      vertex 127.184 29.2224 0
    endloop
  endfacet
  facet normal 0.857866 -0.513874 0
    outer loop
      vertex 126.71 28.4311 2
      vertex 127.184 29.2224 0
      vertex 127.184 29.2224 2
    endloop
  endfacet
  facet normal 0.857866 -0.513874 0
    outer loop
      vertex 127.184 29.2224 0
      vertex 126.71 28.4311 2
      vertex 126.71 28.4311 0
    endloop
  endfacet
  facet normal 0.904159 -0.427196 0
    outer loop
      vertex 126.316 27.5972 2
      vertex 126.71 28.4311 0
      vertex 126.71 28.4311 2
    endloop
  endfacet
  facet normal 0.904159 -0.427196 0
    outer loop
      vertex 126.71 28.4311 0
      vertex 126.316 27.5972 2
      vertex 126.316 27.5972 0
    endloop
  endfacet
  facet normal 0.94146 -0.337126 0
    outer loop
      vertex 126.005 26.7287 2
      vertex 126.316 27.5972 0
      vertex 126.316 27.5972 2
    endloop
  endfacet
  facet normal 0.94146 -0.337126 0
    outer loop
      vertex 126.316 27.5972 0
      vertex 126.005 26.7287 2
      vertex 126.005 26.7287 0
    endloop
  endfacet
  facet normal 0.970072 -0.242816 0
    outer loop
      vertex 125.781 25.8338 2
      vertex 126.005 26.7287 0
      vertex 126.005 26.7287 2
    endloop
  endfacet
  facet normal 0.970072 -0.242816 0
    outer loop
      vertex 126.005 26.7287 0
      vertex 125.781 25.8338 2
      vertex 125.781 25.8338 0
    endloop
  endfacet
  facet normal 0.98889 -0.148646 0
    outer loop
      vertex 125.702 25.3006 2.1
      vertex 125.645 24.9214 2.1
      vertex 125.702 25.3006 2
    endloop
  endfacet
  facet normal 0.989201 -0.146562 0
    outer loop
      vertex 125.702 25.3006 2
      vertex 125.781 25.8338 0
      vertex 125.781 25.8338 2
    endloop
  endfacet
  facet normal 0.98889 -0.148646 0
    outer loop
      vertex 125.645 24.9214 0
      vertex 125.702 25.3006 2
      vertex 125.645 24.9214 2.1
    endloop
  endfacet
  facet normal 0.989073 -0.147429 -0.000236103
    outer loop
      vertex 125.702 25.3006 2
      vertex 125.645 24.9214 0
      vertex 125.781 25.8338 0
    endloop
  endfacet
  facet normal 0.99881 -0.0487806 0
    outer loop
      vertex 125.6 24 2.1
      vertex 125.645 24.9214 0
      vertex 125.645 24.9214 2.1
    endloop
  endfacet
  facet normal 0.99881 -0.0487806 0
    outer loop
      vertex 125.645 24.9214 0
      vertex 125.6 24 2.1
      vertex 125.6 24 0
    endloop
  endfacet
  facet normal 0.99881 0.0487806 0
    outer loop
      vertex 125.645 23.0786 2.1
      vertex 125.6 24 0
      vertex 125.6 24 2.1
    endloop
  endfacet
  facet normal 0.99881 0.0487806 0
    outer loop
      vertex 125.6 24 0
      vertex 125.645 23.0786 2.1
      vertex 125.645 23.0786 0
    endloop
  endfacet
  facet normal 0.98889 0.148646 -0
    outer loop
      vertex 125.702 22.6994 2
      vertex 125.645 23.0786 2.1
      vertex 125.702 22.6994 2.1
    endloop
  endfacet
  facet normal 0.98889 0.148646 0
    outer loop
      vertex 125.645 23.0786 2.1
      vertex 125.702 22.6994 2
      vertex 125.645 23.0786 0
    endloop
  endfacet
  facet normal 0.989201 0.146562 -0
    outer loop
      vertex 125.781 22.1662 0
      vertex 125.702 22.6994 2
      vertex 125.781 22.1662 2
    endloop
  endfacet
  facet normal 0.989073 0.147429 -0.000236103
    outer loop
      vertex 125.702 22.6994 2
      vertex 125.781 22.1662 0
      vertex 125.645 23.0786 0
    endloop
  endfacet
  facet normal 0.970072 0.242816 0
    outer loop
      vertex 126.005 21.2713 2
      vertex 125.781 22.1662 0
      vertex 125.781 22.1662 2
    endloop
  endfacet
  facet normal 0.970072 0.242816 0
    outer loop
      vertex 125.781 22.1662 0
      vertex 126.005 21.2713 2
      vertex 126.005 21.2713 0
    endloop
  endfacet
  facet normal 0.94146 0.337126 0
    outer loop
      vertex 126.316 20.4028 2
      vertex 126.005 21.2713 0
      vertex 126.005 21.2713 2
    endloop
  endfacet
  facet normal 0.94146 0.337126 0
    outer loop
      vertex 126.005 21.2713 0
      vertex 126.316 20.4028 2
      vertex 126.316 20.4028 0
    endloop
  endfacet
  facet normal 0.904159 0.427196 0
    outer loop
      vertex 126.71 19.5689 2
      vertex 126.316 20.4028 0
      vertex 126.316 20.4028 2
    endloop
  endfacet
  facet normal 0.904159 0.427196 0
    outer loop
      vertex 126.316 20.4028 0
      vertex 126.71 19.5689 2
      vertex 126.71 19.5689 0
    endloop
  endfacet
  facet normal 0.857866 0.513874 0
    outer loop
      vertex 127.184 18.7776 2
      vertex 126.71 19.5689 0
      vertex 126.71 19.5689 2
    endloop
  endfacet
  facet normal 0.857866 0.513874 0
    outer loop
      vertex 126.71 19.5689 0
      vertex 127.184 18.7776 2
      vertex 127.184 18.7776 0
    endloop
  endfacet
  facet normal 0.802942 0.596057 0
    outer loop
      vertex 127.734 18.0367 2
      vertex 127.184 18.7776 0
      vertex 127.184 18.7776 2
    endloop
  endfacet
  facet normal 0.802942 0.596057 0
    outer loop
      vertex 127.184 18.7776 0
      vertex 127.734 18.0367 2
      vertex 127.734 18.0367 0
    endloop
  endfacet
  facet normal 0.743294 0.668965 0
    outer loop
      vertex 127.815 17.9467 2
      vertex 127.734 18.0367 0
      vertex 127.734 18.0367 2
    endloop
  endfacet
  facet normal 0.743294 0.668965 0
    outer loop
      vertex 127.734 18.0367 0
      vertex 127.815 17.9467 2
      vertex 127.815 17.9467 0
    endloop
  endfacet
  facet normal -0.707107 0.707107 0
    outer loop
      vertex 127.815 17.9467 0
      vertex 128.806 18.9377 2
      vertex 128.806 18.9377 0
    endloop
  endfacet
  facet normal -0.707107 0.707107 0
    outer loop
      vertex 128.806 18.9377 2
      vertex 127.815 17.9467 0
      vertex 127.815 17.9467 2
    endloop
  endfacet
  facet normal -0.802942 0.596057 0
    outer loop
      vertex 142.266 18.0367 0
      vertex 142.816 18.7776 2
      vertex 142.816 18.7776 0
    endloop
  endfacet
  facet normal -0.802942 0.596057 0
    outer loop
      vertex 142.816 18.7776 2
      vertex 142.266 18.0367 0
      vertex 142.266 18.0367 2
    endloop
  endfacet
  facet normal -0.857866 0.513874 0
    outer loop
      vertex 142.816 18.7776 0
      vertex 143.29 19.5689 2
      vertex 143.29 19.5689 0
    endloop
  endfacet
  facet normal -0.857866 0.513874 0
    outer loop
      vertex 143.29 19.5689 2
      vertex 142.816 18.7776 0
      vertex 142.816 18.7776 2
    endloop
  endfacet
  facet normal -0.904159 0.427196 0
    outer loop
      vertex 143.29 19.5689 0
      vertex 143.684 20.4028 2
      vertex 143.684 20.4028 0
    endloop
  endfacet
  facet normal -0.904159 0.427196 0
    outer loop
      vertex 143.684 20.4028 2
      vertex 143.29 19.5689 0
      vertex 143.29 19.5689 2
    endloop
  endfacet
  facet normal -0.94146 0.337126 0
    outer loop
      vertex 143.684 20.4028 0
      vertex 143.995 21.2713 2
      vertex 143.995 21.2713 0
    endloop
  endfacet
  facet normal -0.94146 0.337126 0
    outer loop
      vertex 143.995 21.2713 2
      vertex 143.684 20.4028 0
      vertex 143.684 20.4028 2
    endloop
  endfacet
  facet normal -0.970072 0.242816 0
    outer loop
      vertex 143.995 21.2713 0
      vertex 144.219 22.1662 2
      vertex 144.219 22.1662 0
    endloop
  endfacet
  facet normal -0.970072 0.242816 0
    outer loop
      vertex 144.219 22.1662 2
      vertex 143.995 21.2713 0
      vertex 143.995 21.2713 2
    endloop
  endfacet
  facet normal -0.98889 0.148646 0
    outer loop
      vertex 144.355 23.0786 0
      vertex 144.298 22.6994 2
      vertex 144.355 23.0786 2.1
    endloop
  endfacet
  facet normal -0.989073 0.147429 -0.000236103
    outer loop
      vertex 144.219 22.1662 0
      vertex 144.298 22.6994 2
      vertex 144.355 23.0786 0
    endloop
  endfacet
  facet normal -0.989201 0.146562 0
    outer loop
      vertex 144.298 22.6994 2
      vertex 144.219 22.1662 0
      vertex 144.219 22.1662 2
    endloop
  endfacet
  facet normal -0.98889 0.148646 0
    outer loop
      vertex 144.355 23.0786 2.1
      vertex 144.298 22.6994 2
      vertex 144.298 22.6994 2.1
    endloop
  endfacet
  facet normal -0.99881 0.0487806 0
    outer loop
      vertex 144.355 23.0786 0
      vertex 144.4 24 2.1
      vertex 144.4 24 0
    endloop
  endfacet
  facet normal -0.99881 0.0487806 0
    outer loop
      vertex 144.4 24 2.1
      vertex 144.355 23.0786 0
      vertex 144.355 23.0786 2.1
    endloop
  endfacet
  facet normal -0.99881 -0.0487806 0
    outer loop
      vertex 144.4 24 0
      vertex 144.355 24.9214 2.1
      vertex 144.355 24.9214 0
    endloop
  endfacet
  facet normal -0.99881 -0.0487806 0
    outer loop
      vertex 144.355 24.9214 2.1
      vertex 144.4 24 0
      vertex 144.4 24 2.1
    endloop
  endfacet
  facet normal -0.989201 -0.146562 0
    outer loop
      vertex 144.219 25.8338 0
      vertex 144.298 25.3006 2
      vertex 144.219 25.8338 2
    endloop
  endfacet
  facet normal -0.989073 -0.147429 -0.000236103
    outer loop
      vertex 144.355 24.9214 0
      vertex 144.298 25.3006 2
      vertex 144.219 25.8338 0
    endloop
  endfacet
  facet normal -0.98889 -0.148646 -0
    outer loop
      vertex 144.355 24.9214 2.1
      vertex 144.298 25.3006 2
      vertex 144.355 24.9214 0
    endloop
  endfacet
  facet normal -0.98889 -0.148646 0
    outer loop
      vertex 144.298 25.3006 2
      vertex 144.355 24.9214 2.1
      vertex 144.298 25.3006 2.1
    endloop
  endfacet
  facet normal -0.970072 -0.242816 0
    outer loop
      vertex 144.219 25.8338 0
      vertex 143.995 26.7287 2
      vertex 143.995 26.7287 0
    endloop
  endfacet
  facet normal -0.970072 -0.242816 0
    outer loop
      vertex 143.995 26.7287 2
      vertex 144.219 25.8338 0
      vertex 144.219 25.8338 2
    endloop
  endfacet
  facet normal -0.94146 -0.337126 0
    outer loop
      vertex 143.995 26.7287 0
      vertex 143.684 27.5972 2
      vertex 143.684 27.5972 0
    endloop
  endfacet
  facet normal -0.94146 -0.337126 0
    outer loop
      vertex 143.684 27.5972 2
      vertex 143.995 26.7287 0
      vertex 143.995 26.7287 2
    endloop
  endfacet
  facet normal -0.904159 -0.427196 0
    outer loop
      vertex 143.684 27.5972 0
      vertex 143.29 28.4311 2
      vertex 143.29 28.4311 0
    endloop
  endfacet
  facet normal -0.904159 -0.427196 0
    outer loop
      vertex 143.29 28.4311 2
      vertex 143.684 27.5972 0
      vertex 143.684 27.5972 2
    endloop
  endfacet
  facet normal -0.857866 -0.513874 0
    outer loop
      vertex 143.29 28.4311 0
      vertex 142.816 29.2224 2
      vertex 142.816 29.2224 0
    endloop
  endfacet
  facet normal -0.857866 -0.513874 0
    outer loop
      vertex 142.816 29.2224 2
      vertex 143.29 28.4311 0
      vertex 143.29 28.4311 2
    endloop
  endfacet
  facet normal -0.802942 -0.596057 0
    outer loop
      vertex 142.816 29.2224 0
      vertex 142.266 29.9633 2
      vertex 142.266 29.9633 0
    endloop
  endfacet
  facet normal -0.802942 -0.596057 0
    outer loop
      vertex 142.266 29.9633 2
      vertex 142.816 29.2224 0
      vertex 142.816 29.2224 2
    endloop
  endfacet
  facet normal -0.743294 -0.668965 0
    outer loop
      vertex 142.266 29.9633 0
      vertex 142.185 30.0533 2
      vertex 142.185 30.0533 0
    endloop
  endfacet
  facet normal -0.743294 -0.668965 0
    outer loop
      vertex 142.185 30.0533 2
      vertex 142.266 29.9633 0
      vertex 142.266 29.9633 2
    endloop
  endfacet
  facet normal 0.707107 -0.707107 0
    outer loop
      vertex 141.194 29.0623 2
      vertex 142.185 30.0533 0
      vertex 142.185 30.0533 2
    endloop
  endfacet
  facet normal 0.707107 -0.707107 0
    outer loop
      vertex 142.185 30.0533 0
      vertex 141.194 29.0623 2
      vertex 141.194 29.0623 0
    endloop
  endfacet
  facet normal 0.803327 0.595538 0
    outer loop
      vertex 141.652 28.4445 2
      vertex 141.194 29.0623 0
      vertex 141.194 29.0623 2
    endloop
  endfacet
  facet normal 0.803327 0.595538 0
    outer loop
      vertex 141.194 29.0623 0
      vertex 141.652 28.4445 2
      vertex 141.652 28.4445 0
    endloop
  endfacet
  facet normal 0.858043 0.513577 0
    outer loop
      vertex 142.055 27.7712 2
      vertex 141.652 28.4445 0
      vertex 141.652 28.4445 2
    endloop
  endfacet
  facet normal 0.858043 0.513577 0
    outer loop
      vertex 141.652 28.4445 0
      vertex 142.055 27.7712 2
      vertex 142.055 27.7712 0
    endloop
  endfacet
  facet normal 0.903823 0.427906 0
    outer loop
      vertex 142.391 27.0615 2
      vertex 142.055 27.7712 0
      vertex 142.055 27.7712 2
    endloop
  endfacet
  facet normal 0.903823 0.427906 0
    outer loop
      vertex 142.055 27.7712 0
      vertex 142.391 27.0615 2
      vertex 142.391 27.0615 0
    endloop
  endfacet
  facet normal 0.941338 0.337466 0
    outer loop
      vertex 142.656 26.3223 2
      vertex 142.391 27.0615 0
      vertex 142.391 27.0615 2
    endloop
  endfacet
  facet normal 0.941338 0.337466 0
    outer loop
      vertex 142.391 27.0615 0
      vertex 142.656 26.3223 2
      vertex 142.656 26.3223 0
    endloop
  endfacet
  facet normal 0.970262 0.242056 0
    outer loop
      vertex 142.846 25.5607 2
      vertex 142.656 26.3223 0
      vertex 142.656 26.3223 2
    endloop
  endfacet
  facet normal 0.970262 0.242056 0
    outer loop
      vertex 142.656 26.3223 0
      vertex 142.846 25.5607 2
      vertex 142.846 25.5607 0
    endloop
  endfacet
  facet normal 0.989213 0.146484 0
    outer loop
      vertex 142.961 24.7841 2
      vertex 142.846 25.5607 0
      vertex 142.846 25.5607 2
    endloop
  endfacet
  facet normal 0.989213 0.146484 0
    outer loop
      vertex 142.846 25.5607 0
      vertex 142.961 24.7841 2
      vertex 142.961 24.7841 0
    endloop
  endfacet
  facet normal 0.998765 0.0496771 0
    outer loop
      vertex 143 24 2
      vertex 142.961 24.7841 0
      vertex 142.961 24.7841 2
    endloop
  endfacet
  facet normal 0.998765 0.0496771 0
    outer loop
      vertex 142.961 24.7841 0
      vertex 143 24 2
      vertex 143 24 0
    endloop
  endfacet
  facet normal 0.998765 -0.0496771 0
    outer loop
      vertex 142.961 23.2159 2
      vertex 143 24 0
      vertex 143 24 2
    endloop
  endfacet
  facet normal 0.998765 -0.0496771 0
    outer loop
      vertex 143 24 0
      vertex 142.961 23.2159 2
      vertex 142.961 23.2159 0
    endloop
  endfacet
  facet normal 0.989213 -0.146484 0
    outer loop
      vertex 142.846 22.4393 2
      vertex 142.961 23.2159 0
      vertex 142.961 23.2159 2
    endloop
  endfacet
  facet normal 0.989213 -0.146484 0
    outer loop
      vertex 142.961 23.2159 0
      vertex 142.846 22.4393 2
      vertex 142.846 22.4393 0
    endloop
  endfacet
  facet normal 0.970262 -0.242056 0
    outer loop
      vertex 142.656 21.6777 2
      vertex 142.846 22.4393 0
      vertex 142.846 22.4393 2
    endloop
  endfacet
  facet normal 0.970262 -0.242056 0
    outer loop
      vertex 142.846 22.4393 0
      vertex 142.656 21.6777 2
      vertex 142.656 21.6777 0
    endloop
  endfacet
  facet normal 0.941338 -0.337466 0
    outer loop
      vertex 142.391 20.9385 2
      vertex 142.656 21.6777 0
      vertex 142.656 21.6777 2
    endloop
  endfacet
  facet normal 0.941338 -0.337466 0
    outer loop
      vertex 142.656 21.6777 0
      vertex 142.391 20.9385 2
      vertex 142.391 20.9385 0
    endloop
  endfacet
  facet normal 0.903823 -0.427906 0
    outer loop
      vertex 142.055 20.2288 2
      vertex 142.391 20.9385 0
      vertex 142.391 20.9385 2
    endloop
  endfacet
  facet normal 0.903823 -0.427906 0
    outer loop
      vertex 142.391 20.9385 0
      vertex 142.055 20.2288 2
      vertex 142.055 20.2288 0
    endloop
  endfacet
  facet normal 0.858043 -0.513577 0
    outer loop
      vertex 141.652 19.5555 2
      vertex 142.055 20.2288 0
      vertex 142.055 20.2288 2
    endloop
  endfacet
  facet normal 0.858043 -0.513577 0
    outer loop
      vertex 142.055 20.2288 0
      vertex 141.652 19.5555 2
      vertex 141.652 19.5555 0
    endloop
  endfacet
  facet normal 0.803327 -0.595538 0
    outer loop
      vertex 141.194 18.9377 2
      vertex 141.652 19.5555 0
      vertex 141.652 19.5555 2
    endloop
  endfacet
  facet normal 0.803327 -0.595538 0
    outer loop
      vertex 141.652 19.5555 0
      vertex 141.194 18.9377 2
      vertex 141.194 18.9377 0
    endloop
  endfacet
  facet normal 0.707107 0.707107 0
    outer loop
      vertex 142.185 17.9467 2
      vertex 141.194 18.9377 0
      vertex 141.194 18.9377 2
    endloop
  endfacet
  facet normal 0.707107 0.707107 0
    outer loop
      vertex 141.194 18.9377 0
      vertex 142.185 17.9467 2
      vertex 142.185 17.9467 0
    endloop
  endfacet
  facet normal -0.743294 0.668965 0
    outer loop
      vertex 142.185 17.9467 0
      vertex 142.266 18.0367 2
      vertex 142.266 18.0367 0
    endloop
  endfacet
  facet normal -0.743294 0.668965 0
    outer loop
      vertex 142.266 18.0367 2
      vertex 142.185 17.9467 0
      vertex 142.185 17.9467 2
    endloop
  endfacet
  facet normal -0.80252 -0.596625 0
    outer loop
      vertex 130.663 20.7941 0
      vertex 130.51 20.9999 2
      vertex 130.51 20.9999 0
    endloop
  endfacet
  facet normal -0.80252 -0.596625 0
    outer loop
      vertex 130.51 20.9999 2
      vertex 130.663 20.7941 0
      vertex 130.663 20.7941 2
    endloop
  endfacet
  facet normal -0.858125 -0.513441 0
    outer loop
      vertex 130.51 20.9999 0
      vertex 130.238 21.4545 2
      vertex 130.238 21.4545 0
    endloop
  endfacet
  facet normal -0.858125 -0.513441 0
    outer loop
      vertex 130.238 21.4545 2
      vertex 130.51 20.9999 0
      vertex 130.51 20.9999 2
    endloop
  endfacet
  facet normal -0.903661 -0.428249 0
    outer loop
      vertex 130.238 21.4545 0
      vertex 130.011 21.9335 2
      vertex 130.011 21.9335 0
    endloop
  endfacet
  facet normal -0.903661 -0.428249 0
    outer loop
      vertex 130.011 21.9335 2
      vertex 130.238 21.4545 0
      vertex 130.238 21.4545 2
    endloop
  endfacet
  facet normal -0.94187 -0.335978 0
    outer loop
      vertex 130.011 21.9335 0
      vertex 129.833 22.4325 2
      vertex 129.833 22.4325 0
    endloop
  endfacet
  facet normal -0.94187 -0.335978 0
    outer loop
      vertex 129.833 22.4325 2
      vertex 130.011 21.9335 0
      vertex 130.011 21.9335 2
    endloop
  endfacet
  facet normal -0.96992 -0.243424 0
    outer loop
      vertex 129.833 22.4325 0
      vertex 129.704 22.9465 2
      vertex 129.704 22.9465 0
    endloop
  endfacet
  facet normal -0.96992 -0.243424 0
    outer loop
      vertex 129.704 22.9465 2
      vertex 129.833 22.4325 0
      vertex 129.833 22.4325 2
    endloop
  endfacet
  facet normal -0.98911 -0.147178 0
    outer loop
      vertex 129.704 22.9465 0
      vertex 129.626 23.4707 2
      vertex 129.626 23.4707 0
    endloop
  endfacet
  facet normal -0.98911 -0.147178 0
    outer loop
      vertex 129.626 23.4707 2
      vertex 129.704 22.9465 0
      vertex 129.704 22.9465 2
    endloop
  endfacet
  facet normal -0.998796 -0.0490623 0
    outer loop
      vertex 129.626 23.4707 0
      vertex 129.6 24 2
      vertex 129.6 24 0
    endloop
  endfacet
  facet normal -0.998796 -0.0490623 0
    outer loop
      vertex 129.6 24 2
      vertex 129.626 23.4707 0
      vertex 129.626 23.4707 2
    endloop
  endfacet
  facet normal -0.998796 0.0490623 0
    outer loop
      vertex 129.6 24 0
      vertex 129.626 24.5293 2
      vertex 129.626 24.5293 0
    endloop
  endfacet
  facet normal -0.998796 0.0490623 0
    outer loop
      vertex 129.626 24.5293 2
      vertex 129.6 24 0
      vertex 129.6 24 2
    endloop
  endfacet
  facet normal -0.98911 0.147178 0
    outer loop
      vertex 129.626 24.5293 0
      vertex 129.704 25.0535 2
      vertex 129.704 25.0535 0
    endloop
  endfacet
  facet normal -0.98911 0.147178 0
    outer loop
      vertex 129.704 25.0535 2
      vertex 129.626 24.5293 0
      vertex 129.626 24.5293 2
    endloop
  endfacet
  facet normal -0.96992 0.243424 0
    outer loop
      vertex 129.704 25.0535 0
      vertex 129.833 25.5675 2
      vertex 129.833 25.5675 0
    endloop
  endfacet
  facet normal -0.96992 0.243424 0
    outer loop
      vertex 129.833 25.5675 2
      vertex 129.704 25.0535 0
      vertex 129.704 25.0535 2
    endloop
  endfacet
  facet normal -0.94187 0.335978 0
    outer loop
      vertex 129.833 25.5675 0
      vertex 130.011 26.0665 2
      vertex 130.011 26.0665 0
    endloop
  endfacet
  facet normal -0.94187 0.335978 0
    outer loop
      vertex 130.011 26.0665 2
      vertex 129.833 25.5675 0
      vertex 129.833 25.5675 2
    endloop
  endfacet
  facet normal -0.903661 0.428249 0
    outer loop
      vertex 130.011 26.0665 0
      vertex 130.238 26.5455 2
      vertex 130.238 26.5455 0
    endloop
  endfacet
  facet normal -0.903661 0.428249 0
    outer loop
      vertex 130.238 26.5455 2
      vertex 130.011 26.0665 0
      vertex 130.011 26.0665 2
    endloop
  endfacet
  facet normal -0.858125 0.513441 0
    outer loop
      vertex 130.238 26.5455 0
      vertex 130.51 27.0001 2
      vertex 130.51 27.0001 0
    endloop
  endfacet
  facet normal -0.858125 0.513441 0
    outer loop
      vertex 130.51 27.0001 2
      vertex 130.238 26.5455 0
      vertex 130.238 26.5455 2
    endloop
  endfacet
  facet normal -0.80252 0.596625 0
    outer loop
      vertex 130.51 27.0001 0
      vertex 130.663 27.2059 2
      vertex 130.663 27.2059 0
    endloop
  endfacet
  facet normal -0.80252 0.596625 0
    outer loop
      vertex 130.663 27.2059 2
      vertex 130.51 27.0001 0
      vertex 130.51 27.0001 2
    endloop
  endfacet
  facet normal -0.706965 -0.707248 0
    outer loop
      vertex 129.663 28.2055 0
      vertex 130.663 27.2059 2
      vertex 129.663 28.2055 2
    endloop
  endfacet
  facet normal -0.706965 -0.707248 -0
    outer loop
      vertex 130.663 27.2059 2
      vertex 129.663 28.2055 0
      vertex 130.663 27.2059 0
    endloop
  endfacet
  facet normal 0.803324 -0.595542 0
    outer loop
      vertex 129.346 27.7779 2
      vertex 129.663 28.2055 0
      vertex 129.663 28.2055 2
    endloop
  endfacet
  facet normal 0.803324 -0.595542 0
    outer loop
      vertex 129.663 28.2055 0
      vertex 129.346 27.7779 2
      vertex 129.346 27.7779 0
    endloop
  endfacet
  facet normal 0.857784 -0.514011 0
    outer loop
      vertex 129.003 27.2055 2
      vertex 129.346 27.7779 0
      vertex 129.346 27.7779 2
    endloop
  endfacet
  facet normal 0.857784 -0.514011 0
    outer loop
      vertex 129.346 27.7779 0
      vertex 129.003 27.2055 2
      vertex 129.003 27.2055 0
    endloop
  endfacet
  facet normal 0.904186 -0.427139 0
    outer loop
      vertex 128.718 26.6022 2
      vertex 129.003 27.2055 0
      vertex 129.003 27.2055 2
    endloop
  endfacet
  facet normal 0.904186 -0.427139 0
    outer loop
      vertex 129.003 27.2055 0
      vertex 128.718 26.6022 2
      vertex 128.718 26.6022 0
    endloop
  endfacet
  facet normal 0.941453 -0.337143 0
    outer loop
      vertex 128.493 25.9739 2
      vertex 128.718 26.6022 0
      vertex 128.718 26.6022 2
    endloop
  endfacet
  facet normal 0.941453 -0.337143 0
    outer loop
      vertex 128.718 26.6022 0
      vertex 128.493 25.9739 2
      vertex 128.493 25.9739 0
    endloop
  endfacet
  facet normal 0.970081 -0.242782 0
    outer loop
      vertex 128.331 25.3266 2
      vertex 128.493 25.9739 0
      vertex 128.493 25.9739 2
    endloop
  endfacet
  facet normal 0.970081 -0.242782 0
    outer loop
      vertex 128.493 25.9739 0
      vertex 128.331 25.3266 2
      vertex 128.331 25.3266 0
    endloop
  endfacet
  facet normal 0.989158 -0.146853 0
    outer loop
      vertex 128.233 24.6665 2
      vertex 128.331 25.3266 0
      vertex 128.331 25.3266 2
    endloop
  endfacet
  facet normal 0.989158 -0.146853 0
    outer loop
      vertex 128.331 25.3266 0
      vertex 128.233 24.6665 2
      vertex 128.233 24.6665 0
    endloop
  endfacet
  facet normal 0.998777 -0.0494518 0
    outer loop
      vertex 128.2 24 2
      vertex 128.233 24.6665 0
      vertex 128.233 24.6665 2
    endloop
  endfacet
  facet normal 0.998777 -0.0494518 0
    outer loop
      vertex 128.233 24.6665 0
      vertex 128.2 24 2
      vertex 128.2 24 0
    endloop
  endfacet
  facet normal 0.998777 0.0494518 0
    outer loop
      vertex 128.233 23.3335 2
      vertex 128.2 24 0
      vertex 128.2 24 2
    endloop
  endfacet
  facet normal 0.998777 0.0494518 0
    outer loop
      vertex 128.2 24 0
      vertex 128.233 23.3335 2
      vertex 128.233 23.3335 0
    endloop
  endfacet
  facet normal 0.989158 0.146853 0
    outer loop
      vertex 128.331 22.6734 2
      vertex 128.233 23.3335 0
      vertex 128.233 23.3335 2
    endloop
  endfacet
  facet normal 0.989158 0.146853 0
    outer loop
      vertex 128.233 23.3335 0
      vertex 128.331 22.6734 2
      vertex 128.331 22.6734 0
    endloop
  endfacet
  facet normal 0.970081 0.242782 0
    outer loop
      vertex 128.493 22.0261 2
      vertex 128.331 22.6734 0
      vertex 128.331 22.6734 2
    endloop
  endfacet
  facet normal 0.970081 0.242782 0
    outer loop
      vertex 128.331 22.6734 0
      vertex 128.493 22.0261 2
      vertex 128.493 22.0261 0
    endloop
  endfacet
  facet normal 0.941453 0.337143 0
    outer loop
      vertex 128.718 21.3978 2
      vertex 128.493 22.0261 0
      vertex 128.493 22.0261 2
    endloop
  endfacet
  facet normal 0.941453 0.337143 0
    outer loop
      vertex 128.493 22.0261 0
      vertex 128.718 21.3978 2
      vertex 128.718 21.3978 0
    endloop
  endfacet
  facet normal 0.904186 0.427139 0
    outer loop
      vertex 129.003 20.7945 2
      vertex 128.718 21.3978 0
      vertex 128.718 21.3978 2
    endloop
  endfacet
  facet normal 0.904186 0.427139 0
    outer loop
      vertex 128.718 21.3978 0
      vertex 129.003 20.7945 2
      vertex 129.003 20.7945 0
    endloop
  endfacet
  facet normal 0.857784 0.514011 0
    outer loop
      vertex 129.346 20.2221 2
      vertex 129.003 20.7945 0
      vertex 129.003 20.7945 2
    endloop
  endfacet
  facet normal 0.857784 0.514011 0
    outer loop
      vertex 129.003 20.7945 0
      vertex 129.346 20.2221 2
      vertex 129.346 20.2221 0
    endloop
  endfacet
  facet normal 0.803324 0.595542 0
    outer loop
      vertex 129.663 19.7945 2
      vertex 129.346 20.2221 0
      vertex 129.346 20.2221 2
    endloop
  endfacet
  facet normal 0.803324 0.595542 0
    outer loop
      vertex 129.346 20.2221 0
      vertex 129.663 19.7945 2
      vertex 129.663 19.7945 0
    endloop
  endfacet
  facet normal -0.706965 0.707248 0
    outer loop
      vertex 130.663 20.7941 0
      vertex 129.663 19.7945 2
      vertex 130.663 20.7941 2
    endloop
  endfacet
  facet normal -0.706965 0.707248 0
    outer loop
      vertex 129.663 19.7945 2
      vertex 130.663 20.7941 0
      vertex 129.663 19.7945 0
    endloop
  endfacet
  facet normal -0.857784 0.514011 0
    outer loop
      vertex 140.654 20.2221 0
      vertex 140.997 20.7945 2
      vertex 140.997 20.7945 0
    endloop
  endfacet
  facet normal -0.857784 0.514011 0
    outer loop
      vertex 140.997 20.7945 2
      vertex 140.654 20.2221 0
      vertex 140.654 20.2221 2
    endloop
  endfacet
  facet normal -0.904186 0.427139 0
    outer loop
      vertex 140.997 20.7945 0
      vertex 141.282 21.3978 2
      vertex 141.282 21.3978 0
    endloop
  endfacet
  facet normal -0.904186 0.427139 0
    outer loop
      vertex 141.282 21.3978 2
      vertex 140.997 20.7945 0
      vertex 140.997 20.7945 2
    endloop
  endfacet
  facet normal -0.941453 0.337143 0
    outer loop
      vertex 141.282 21.3978 0
      vertex 141.507 22.0261 2
      vertex 141.507 22.0261 0
    endloop
  endfacet
  facet normal -0.941453 0.337143 0
    outer loop
      vertex 141.507 22.0261 2
      vertex 141.282 21.3978 0
      vertex 141.282 21.3978 2
    endloop
  endfacet
  facet normal -0.970081 0.242782 0
    outer loop
      vertex 141.507 22.0261 0
      vertex 141.669 22.6734 2
      vertex 141.669 22.6734 0
    endloop
  endfacet
  facet normal -0.970081 0.242782 0
    outer loop
      vertex 141.669 22.6734 2
      vertex 141.507 22.0261 0
      vertex 141.507 22.0261 2
    endloop
  endfacet
  facet normal -0.989158 0.146853 0
    outer loop
      vertex 141.669 22.6734 0
      vertex 141.767 23.3335 2
      vertex 141.767 23.3335 0
    endloop
  endfacet
  facet normal -0.989158 0.146853 0
    outer loop
      vertex 141.767 23.3335 2
      vertex 141.669 22.6734 0
      vertex 141.669 22.6734 2
    endloop
  endfacet
  facet normal -0.998777 0.0494518 0
    outer loop
      vertex 141.767 23.3335 0
      vertex 141.8 24 2
      vertex 141.8 24 0
    endloop
  endfacet
  facet normal -0.998777 0.0494518 0
    outer loop
      vertex 141.8 24 2
      vertex 141.767 23.3335 0
      vertex 141.767 23.3335 2
    endloop
  endfacet
  facet normal -0.998777 -0.0494518 0
    outer loop
      vertex 141.8 24 0
      vertex 141.767 24.6665 2
      vertex 141.767 24.6665 0
    endloop
  endfacet
  facet normal -0.998777 -0.0494518 0
    outer loop
      vertex 141.767 24.6665 2
      vertex 141.8 24 0
      vertex 141.8 24 2
    endloop
  endfacet
  facet normal -0.989158 -0.146853 0
    outer loop
      vertex 141.767 24.6665 0
      vertex 141.669 25.3266 2
      vertex 141.669 25.3266 0
    endloop
  endfacet
  facet normal -0.989158 -0.146853 0
    outer loop
      vertex 141.669 25.3266 2
      vertex 141.767 24.6665 0
      vertex 141.767 24.6665 2
    endloop
  endfacet
  facet normal -0.970081 -0.242782 0
    outer loop
      vertex 141.669 25.3266 0
      vertex 141.507 25.9739 2
      vertex 141.507 25.9739 0
    endloop
  endfacet
  facet normal -0.970081 -0.242782 0
    outer loop
      vertex 141.507 25.9739 2
      vertex 141.669 25.3266 0
      vertex 141.669 25.3266 2
    endloop
  endfacet
  facet normal -0.941453 -0.337143 0
    outer loop
      vertex 141.507 25.9739 0
      vertex 141.282 26.6022 2
      vertex 141.282 26.6022 0
    endloop
  endfacet
  facet normal -0.941453 -0.337143 0
    outer loop
      vertex 141.282 26.6022 2
      vertex 141.507 25.9739 0
      vertex 141.507 25.9739 2
    endloop
  endfacet
  facet normal -0.904186 -0.427139 0
    outer loop
      vertex 141.282 26.6022 0
      vertex 140.997 27.2055 2
      vertex 140.997 27.2055 0
    endloop
  endfacet
  facet normal -0.904186 -0.427139 0
    outer loop
      vertex 140.997 27.2055 2
      vertex 141.282 26.6022 0
      vertex 141.282 26.6022 2
    endloop
  endfacet
  facet normal -0.857784 -0.514011 0
    outer loop
      vertex 140.997 27.2055 0
      vertex 140.654 27.7779 2
      vertex 140.654 27.7779 0
    endloop
  endfacet
  facet normal -0.857784 -0.514011 0
    outer loop
      vertex 140.654 27.7779 2
      vertex 140.997 27.2055 0
      vertex 140.997 27.2055 2
    endloop
  endfacet
  facet normal -0.803324 -0.595542 0
    outer loop
      vertex 140.654 27.7779 0
      vertex 140.337 28.2055 2
      vertex 140.337 28.2055 0
    endloop
  endfacet
  facet normal -0.803324 -0.595542 0
    outer loop
      vertex 140.337 28.2055 2
      vertex 140.654 27.7779 0
      vertex 140.654 27.7779 2
    endloop
  endfacet
  facet normal 0.706965 -0.707248 0
    outer loop
      vertex 139.337 27.2059 0
      vertex 140.337 28.2055 2
      vertex 139.337 27.2059 2
    endloop
  endfacet
  facet normal 0.706965 -0.707248 0
    outer loop
      vertex 140.337 28.2055 2
      vertex 139.337 27.2059 0
      vertex 140.337 28.2055 0
    endloop
  endfacet
  facet normal 0.80252 0.596625 0
    outer loop
      vertex 139.49 27.0001 2
      vertex 139.337 27.2059 0
      vertex 139.337 27.2059 2
    endloop
  endfacet
  facet normal 0.80252 0.596625 0
    outer loop
      vertex 139.337 27.2059 0
      vertex 139.49 27.0001 2
      vertex 139.49 27.0001 0
    endloop
  endfacet
  facet normal 0.858125 0.513441 0
    outer loop
      vertex 139.762 26.5455 2
      vertex 139.49 27.0001 0
      vertex 139.49 27.0001 2
    endloop
  endfacet
  facet normal 0.858125 0.513441 0
    outer loop
      vertex 139.49 27.0001 0
      vertex 139.762 26.5455 2
      vertex 139.762 26.5455 0
    endloop
  endfacet
  facet normal 0.903661 0.428249 0
    outer loop
      vertex 139.989 26.0665 2
      vertex 139.762 26.5455 0
      vertex 139.762 26.5455 2
    endloop
  endfacet
  facet normal 0.903661 0.428249 0
    outer loop
      vertex 139.762 26.5455 0
      vertex 139.989 26.0665 2
      vertex 139.989 26.0665 0
    endloop
  endfacet
  facet normal 0.94187 0.335978 0
    outer loop
      vertex 140.167 25.5675 2
      vertex 139.989 26.0665 0
      vertex 139.989 26.0665 2
    endloop
  endfacet
  facet normal 0.94187 0.335978 0
    outer loop
      vertex 139.989 26.0665 0
      vertex 140.167 25.5675 2
      vertex 140.167 25.5675 0
    endloop
  endfacet
  facet normal 0.96992 0.243424 0
    outer loop
      vertex 140.296 25.0535 2
      vertex 140.167 25.5675 0
      vertex 140.167 25.5675 2
    endloop
  endfacet
  facet normal 0.96992 0.243424 0
    outer loop
      vertex 140.167 25.5675 0
      vertex 140.296 25.0535 2
      vertex 140.296 25.0535 0
    endloop
  endfacet
  facet normal 0.98911 0.147178 0
    outer loop
      vertex 140.374 24.5293 2
      vertex 140.296 25.0535 0
      vertex 140.296 25.0535 2
    endloop
  endfacet
  facet normal 0.98911 0.147178 0
    outer loop
      vertex 140.296 25.0535 0
      vertex 140.374 24.5293 2
      vertex 140.374 24.5293 0
    endloop
  endfacet
  facet normal 0.998796 0.0490623 0
    outer loop
      vertex 140.4 24 2
      vertex 140.374 24.5293 0
      vertex 140.374 24.5293 2
    endloop
  endfacet
  facet normal 0.998796 0.0490623 0
    outer loop
      vertex 140.374 24.5293 0
      vertex 140.4 24 2
      vertex 140.4 24 0
    endloop
  endfacet
  facet normal 0.998796 -0.0490623 0
    outer loop
      vertex 140.374 23.4707 2
      vertex 140.4 24 0
      vertex 140.4 24 2
    endloop
  endfacet
  facet normal 0.998796 -0.0490623 0
    outer loop
      vertex 140.4 24 0
      vertex 140.374 23.4707 2
      vertex 140.374 23.4707 0
    endloop
  endfacet
  facet normal 0.98911 -0.147178 0
    outer loop
      vertex 140.296 22.9465 2
      vertex 140.374 23.4707 0
      vertex 140.374 23.4707 2
    endloop
  endfacet
  facet normal 0.98911 -0.147178 0
    outer loop
      vertex 140.374 23.4707 0
      vertex 140.296 22.9465 2
      vertex 140.296 22.9465 0
    endloop
  endfacet
  facet normal 0.96992 -0.243424 0
    outer loop
      vertex 140.167 22.4325 2
      vertex 140.296 22.9465 0
      vertex 140.296 22.9465 2
    endloop
  endfacet
  facet normal 0.96992 -0.243424 0
    outer loop
      vertex 140.296 22.9465 0
      vertex 140.167 22.4325 2
      vertex 140.167 22.4325 0
    endloop
  endfacet
  facet normal 0.94187 -0.335978 0
    outer loop
      vertex 139.989 21.9335 2
      vertex 140.167 22.4325 0
      vertex 140.167 22.4325 2
    endloop
  endfacet
  facet normal 0.94187 -0.335978 0
    outer loop
      vertex 140.167 22.4325 0
      vertex 139.989 21.9335 2
      vertex 139.989 21.9335 0
    endloop
  endfacet
  facet normal 0.903661 -0.428249 0
    outer loop
      vertex 139.762 21.4545 2
      vertex 139.989 21.9335 0
      vertex 139.989 21.9335 2
    endloop
  endfacet
  facet normal 0.903661 -0.428249 0
    outer loop
      vertex 139.989 21.9335 0
      vertex 139.762 21.4545 2
      vertex 139.762 21.4545 0
    endloop
  endfacet
  facet normal 0.858125 -0.513441 0
    outer loop
      vertex 139.49 20.9999 2
      vertex 139.762 21.4545 0
      vertex 139.762 21.4545 2
    endloop
  endfacet
  facet normal 0.858125 -0.513441 0
    outer loop
      vertex 139.762 21.4545 0
      vertex 139.49 20.9999 2
      vertex 139.49 20.9999 0
    endloop
  endfacet
  facet normal 0.80252 -0.596625 0
    outer loop
      vertex 139.337 20.7941 2
      vertex 139.49 20.9999 0
      vertex 139.49 20.9999 2
    endloop
  endfacet
  facet normal 0.80252 -0.596625 0
    outer loop
      vertex 139.49 20.9999 0
      vertex 139.337 20.7941 2
      vertex 139.337 20.7941 0
    endloop
  endfacet
  facet normal 0.706965 0.707248 -0
    outer loop
      vertex 140.337 19.7945 0
      vertex 139.337 20.7941 2
      vertex 140.337 19.7945 2
    endloop
  endfacet
  facet normal 0.706965 0.707248 0
    outer loop
      vertex 139.337 20.7941 2
      vertex 140.337 19.7945 0
      vertex 139.337 20.7941 0
    endloop
  endfacet
  facet normal -0.803324 0.595542 0
    outer loop
      vertex 140.337 19.7945 0
      vertex 140.654 20.2221 2
      vertex 140.654 20.2221 0
    endloop
  endfacet
  facet normal -0.803324 0.595542 0
    outer loop
      vertex 140.654 20.2221 2
      vertex 140.337 19.7945 0
      vertex 140.337 19.7945 2
    endloop
  endfacet
  facet normal -0.146728 0.989177 0
    outer loop
      vertex 136.327 17.3307 0
      vertex 135.667 17.2328 2
      vertex 136.327 17.3307 2
    endloop
  endfacet
  facet normal -0.146728 0.989177 0
    outer loop
      vertex 135.667 17.2328 2
      vertex 136.327 17.3307 0
      vertex 135.667 17.2328 0
    endloop
  endfacet
  facet normal -0.243029 0.970019 0
    outer loop
      vertex 136.974 17.4928 0
      vertex 136.327 17.3307 2
      vertex 136.974 17.4928 2
    endloop
  endfacet
  facet normal -0.243029 0.970019 0
    outer loop
      vertex 136.327 17.3307 2
      vertex 136.974 17.4928 0
      vertex 136.327 17.3307 0
    endloop
  endfacet
  facet normal -0.33702 0.941497 0
    outer loop
      vertex 137.602 17.7176 0
      vertex 136.974 17.4928 2
      vertex 137.602 17.7176 2
    endloop
  endfacet
  facet normal -0.33702 0.941497 0
    outer loop
      vertex 136.974 17.4928 2
      vertex 137.602 17.7176 0
      vertex 136.974 17.4928 0
    endloop
  endfacet
  facet normal -0.42768 0.90393 0
    outer loop
      vertex 138.205 18.0029 0
      vertex 137.602 17.7176 2
      vertex 138.205 18.0029 2
    endloop
  endfacet
  facet normal -0.42768 0.90393 0
    outer loop
      vertex 137.602 17.7176 2
      vertex 138.205 18.0029 0
      vertex 137.602 17.7176 0
    endloop
  endfacet
  facet normal -0.513725 0.857955 0
    outer loop
      vertex 138.778 18.346 0
      vertex 138.205 18.0029 2
      vertex 138.778 18.346 2
    endloop
  endfacet
  facet normal -0.513725 0.857955 0
    outer loop
      vertex 138.205 18.0029 2
      vertex 138.778 18.346 0
      vertex 138.205 18.0029 0
    endloop
  endfacet
  facet normal -0.596203 0.802834 0
    outer loop
      vertex 139.205 18.6631 0
      vertex 138.778 18.346 2
      vertex 139.205 18.6631 2
    endloop
  endfacet
  facet normal -0.596203 0.802834 0
    outer loop
      vertex 138.778 18.346 2
      vertex 139.205 18.6631 0
      vertex 138.778 18.346 0
    endloop
  endfacet
  facet normal -0.707319 -0.706894 0
    outer loop
      vertex 139.205 18.6631 0
      vertex 138.206 19.6627 2
      vertex 138.206 19.6627 0
    endloop
  endfacet
  facet normal -0.707319 -0.706894 0
    outer loop
      vertex 138.206 19.6627 2
      vertex 139.205 18.6631 0
      vertex 139.205 18.6631 2
    endloop
  endfacet
  facet normal 0.595246 -0.803543 0
    outer loop
      vertex 138 19.5101 0
      vertex 138.206 19.6627 2
      vertex 138 19.5101 2
    endloop
  endfacet
  facet normal 0.595246 -0.803543 0
    outer loop
      vertex 138.206 19.6627 2
      vertex 138 19.5101 0
      vertex 138.206 19.6627 0
    endloop
  endfacet
  facet normal 0.514635 -0.85741 0
    outer loop
      vertex 137.546 19.2376 0
      vertex 138 19.5101 2
      vertex 137.546 19.2376 2
    endloop
  endfacet
  facet normal 0.514635 -0.85741 0
    outer loop
      vertex 138 19.5101 2
      vertex 137.546 19.2376 0
      vertex 138 19.5101 0
    endloop
  endfacet
  facet normal 0.42675 -0.90437 0
    outer loop
      vertex 137.066 19.0111 0
      vertex 137.546 19.2376 2
      vertex 137.066 19.0111 2
    endloop
  endfacet
  facet normal 0.42675 -0.90437 0
    outer loop
      vertex 137.546 19.2376 2
      vertex 137.066 19.0111 0
      vertex 137.546 19.2376 0
    endloop
  endfacet
  facet normal 0.337581 -0.941296 0
    outer loop
      vertex 136.568 18.8325 0
      vertex 137.066 19.0111 2
      vertex 136.568 18.8325 2
    endloop
  endfacet
  facet normal 0.337581 -0.941296 0
    outer loop
      vertex 137.066 19.0111 2
      vertex 136.568 18.8325 0
      vertex 137.066 19.0111 0
    endloop
  endfacet
  facet normal 0.242447 -0.970165 0
    outer loop
      vertex 136.053 18.7038 0
      vertex 136.568 18.8325 2
      vertex 136.053 18.7038 2
    endloop
  endfacet
  facet normal 0.242447 -0.970165 0
    outer loop
      vertex 136.568 18.8325 2
      vertex 136.053 18.7038 0
      vertex 136.568 18.8325 0
    endloop
  endfacet
  facet normal 0.146863 -0.989157 0
    outer loop
      vertex 135.529 18.626 0
      vertex 136.053 18.7038 2
      vertex 135.529 18.626 2
    endloop
  endfacet
  facet normal 0.146863 -0.989157 0
    outer loop
      vertex 136.053 18.7038 2
      vertex 135.529 18.626 0
      vertex 136.053 18.7038 0
    endloop
  endfacet
  facet normal 0.0490901 -0.998794 0
    outer loop
      vertex 135 18.6 0
      vertex 135.529 18.626 2
      vertex 135 18.6 2
    endloop
  endfacet
  facet normal 0.0490901 -0.998794 0
    outer loop
      vertex 135.529 18.626 2
      vertex 135 18.6 0
      vertex 135.529 18.626 0
    endloop
  endfacet
  facet normal -0.0490901 -0.998794 0
    outer loop
      vertex 134.471 18.626 0
      vertex 135 18.6 2
      vertex 134.471 18.626 2
    endloop
  endfacet
  facet normal -0.0490901 -0.998794 -0
    outer loop
      vertex 135 18.6 2
      vertex 134.471 18.626 0
      vertex 135 18.6 0
    endloop
  endfacet
  facet normal -0.146863 -0.989157 0
    outer loop
      vertex 133.947 18.7038 0
      vertex 134.471 18.626 2
      vertex 133.947 18.7038 2
    endloop
  endfacet
  facet normal -0.146863 -0.989157 -0
    outer loop
      vertex 134.471 18.626 2
      vertex 133.947 18.7038 0
      vertex 134.471 18.626 0
    endloop
  endfacet
  facet normal -0.242447 -0.970165 0
    outer loop
      vertex 133.432 18.8325 0
      vertex 133.947 18.7038 2
      vertex 133.432 18.8325 2
    endloop
  endfacet
  facet normal -0.242447 -0.970165 -0
    outer loop
      vertex 133.947 18.7038 2
      vertex 133.432 18.8325 0
      vertex 133.947 18.7038 0
    endloop
  endfacet
  facet normal -0.337581 -0.941296 0
    outer loop
      vertex 132.934 19.0111 0
      vertex 133.432 18.8325 2
      vertex 132.934 19.0111 2
    endloop
  endfacet
  facet normal -0.337581 -0.941296 -0
    outer loop
      vertex 133.432 18.8325 2
      vertex 132.934 19.0111 0
      vertex 133.432 18.8325 0
    endloop
  endfacet
  facet normal -0.42675 -0.90437 0
    outer loop
      vertex 132.454 19.2376 0
      vertex 132.934 19.0111 2
      vertex 132.454 19.2376 2
    endloop
  endfacet
  facet normal -0.42675 -0.90437 -0
    outer loop
      vertex 132.934 19.0111 2
      vertex 132.454 19.2376 0
      vertex 132.934 19.0111 0
    endloop
  endfacet
  facet normal -0.514635 -0.85741 0
    outer loop
      vertex 132 19.5101 0
      vertex 132.454 19.2376 2
      vertex 132 19.5101 2
    endloop
  endfacet
  facet normal -0.514635 -0.85741 -0
    outer loop
      vertex 132.454 19.2376 2
      vertex 132 19.5101 0
      vertex 132.454 19.2376 0
    endloop
  endfacet
  facet normal -0.595246 -0.803543 0
    outer loop
      vertex 131.794 19.6627 0
      vertex 132 19.5101 2
      vertex 131.794 19.6627 2
    endloop
  endfacet
  facet normal -0.595246 -0.803543 -0
    outer loop
      vertex 132 19.5101 2
      vertex 131.794 19.6627 0
      vertex 132 19.5101 0
    endloop
  endfacet
  facet normal 0.707319 -0.706894 0
    outer loop
      vertex 130.795 18.6631 2
      vertex 131.794 19.6627 0
      vertex 131.794 19.6627 2
    endloop
  endfacet
  facet normal 0.707319 -0.706894 0
    outer loop
      vertex 131.794 19.6627 0
      vertex 130.795 18.6631 2
      vertex 130.795 18.6631 0
    endloop
  endfacet
  facet normal 0.596203 0.802834 -0
    outer loop
      vertex 131.222 18.346 0
      vertex 130.795 18.6631 2
      vertex 131.222 18.346 2
    endloop
  endfacet
  facet normal 0.596203 0.802834 0
    outer loop
      vertex 130.795 18.6631 2
      vertex 131.222 18.346 0
      vertex 130.795 18.6631 0
    endloop
  endfacet
  facet normal 0.513725 0.857955 -0
    outer loop
      vertex 131.795 18.0029 0
      vertex 131.222 18.346 2
      vertex 131.795 18.0029 2
    endloop
  endfacet
  facet normal 0.513725 0.857955 0
    outer loop
      vertex 131.222 18.346 2
      vertex 131.795 18.0029 0
      vertex 131.222 18.346 0
    endloop
  endfacet
  facet normal 0.42768 0.90393 -0
    outer loop
      vertex 132.398 17.7176 0
      vertex 131.795 18.0029 2
      vertex 132.398 17.7176 2
    endloop
  endfacet
  facet normal 0.42768 0.90393 0
    outer loop
      vertex 131.795 18.0029 2
      vertex 132.398 17.7176 0
      vertex 131.795 18.0029 0
    endloop
  endfacet
  facet normal 0.33702 0.941497 -0
    outer loop
      vertex 133.026 17.4928 0
      vertex 132.398 17.7176 2
      vertex 133.026 17.4928 2
    endloop
  endfacet
  facet normal 0.33702 0.941497 0
    outer loop
      vertex 132.398 17.7176 2
      vertex 133.026 17.4928 0
      vertex 132.398 17.7176 0
    endloop
  endfacet
  facet normal 0.243029 0.970019 -0
    outer loop
      vertex 133.673 17.3307 0
      vertex 133.026 17.4928 2
      vertex 133.673 17.3307 2
    endloop
  endfacet
  facet normal 0.243029 0.970019 0
    outer loop
      vertex 133.026 17.4928 2
      vertex 133.673 17.3307 0
      vertex 133.026 17.4928 0
    endloop
  endfacet
  facet normal 0.146728 0.989177 -0
    outer loop
      vertex 134.333 17.2328 0
      vertex 133.673 17.3307 2
      vertex 134.333 17.2328 2
    endloop
  endfacet
  facet normal 0.146728 0.989177 0
    outer loop
      vertex 133.673 17.3307 2
      vertex 134.333 17.2328 0
      vertex 133.673 17.3307 0
    endloop
  endfacet
  facet normal 0.0491161 0.998793 -0
    outer loop
      vertex 135 17.2 0
      vertex 134.333 17.2328 2
      vertex 135 17.2 2
    endloop
  endfacet
  facet normal 0.0491161 0.998793 0
    outer loop
      vertex 134.333 17.2328 2
      vertex 135 17.2 0
      vertex 134.333 17.2328 0
    endloop
  endfacet
  facet normal -0.0491161 0.998793 0
    outer loop
      vertex 135.667 17.2328 0
      vertex 135 17.2 2
      vertex 135.667 17.2328 2
    endloop
  endfacet
  facet normal -0.0491161 0.998793 0
    outer loop
      vertex 135 17.2 2
      vertex 135.667 17.2328 0
      vertex 135 17.2 0
    endloop
  endfacet
  facet normal -0.146592 0.989197 0
    outer loop
      vertex 136.834 14.7806 0
      vertex 135.921 14.6453 2
      vertex 136.834 14.7806 2
    endloop
  endfacet
  facet normal -0.146592 0.989197 0
    outer loop
      vertex 135.921 14.6453 2
      vertex 136.834 14.7806 0
      vertex 135.921 14.6453 0
    endloop
  endfacet
  facet normal -0.242995 0.970028 0
    outer loop
      vertex 137.729 15.0048 0
      vertex 136.834 14.7806 2
      vertex 137.729 15.0048 2
    endloop
  endfacet
  facet normal -0.242995 0.970028 0
    outer loop
      vertex 136.834 14.7806 2
      vertex 137.729 15.0048 0
      vertex 136.834 14.7806 0
    endloop
  endfacet
  facet normal -0.33701 0.941501 0
    outer loop
      vertex 138.597 15.3155 0
      vertex 137.729 15.0048 2
      vertex 138.597 15.3155 2
    endloop
  endfacet
  facet normal -0.33701 0.941501 0
    outer loop
      vertex 137.729 15.0048 2
      vertex 138.597 15.3155 0
      vertex 137.729 15.0048 0
    endloop
  endfacet
  facet normal -0.427508 0.904011 0
    outer loop
      vertex 139.431 15.7099 0
      vertex 138.597 15.3155 2
      vertex 139.431 15.7099 2
    endloop
  endfacet
  facet normal -0.427508 0.904011 0
    outer loop
      vertex 138.597 15.3155 2
      vertex 139.431 15.7099 0
      vertex 138.597 15.3155 0
    endloop
  endfacet
  facet normal -0.514257 0.857636 0
    outer loop
      vertex 140.222 16.1842 0
      vertex 139.431 15.7099 2
      vertex 140.222 16.1842 2
    endloop
  endfacet
  facet normal -0.514257 0.857636 0
    outer loop
      vertex 139.431 15.7099 2
      vertex 140.222 16.1842 0
      vertex 139.431 15.7099 0
    endloop
  endfacet
  facet normal -0.595655 0.80324 0
    outer loop
      vertex 140.963 16.7337 0
      vertex 140.222 16.1842 2
      vertex 140.963 16.7337 2
    endloop
  endfacet
  facet normal -0.595655 0.80324 0
    outer loop
      vertex 140.222 16.1842 2
      vertex 140.963 16.7337 0
      vertex 140.222 16.1842 0
    endloop
  endfacet
  facet normal -0.671689 0.740833 0
    outer loop
      vertex 141.053 16.8153 0
      vertex 140.963 16.7337 2
      vertex 141.053 16.8153 2
    endloop
  endfacet
  facet normal -0.671689 0.740833 0
    outer loop
      vertex 140.963 16.7337 2
      vertex 141.053 16.8153 0
      vertex 140.963 16.7337 0
    endloop
  endfacet
  facet normal -0.707142 -0.707071 0
    outer loop
      vertex 140.062 17.8064 0
      vertex 141.053 16.8153 2
      vertex 140.062 17.8064 2
    endloop
  endfacet
  facet normal -0.707142 -0.707071 -0
    outer loop
      vertex 141.053 16.8153 2
      vertex 140.062 17.8064 0
      vertex 141.053 16.8153 0
    endloop
  endfacet
  facet normal 0.59612 -0.802895 0
    outer loop
      vertex 139.445 17.3483 0
      vertex 140.062 17.8064 2
      vertex 139.445 17.3483 2
    endloop
  endfacet
  facet normal 0.59612 -0.802895 0
    outer loop
      vertex 140.062 17.8064 2
      vertex 139.445 17.3483 0
      vertex 140.062 17.8064 0
    endloop
  endfacet
  facet normal 0.51384 -0.857886 0
    outer loop
      vertex 138.771 16.9446 0
      vertex 139.445 17.3483 2
      vertex 138.771 16.9446 2
    endloop
  endfacet
  facet normal 0.51384 -0.857886 0
    outer loop
      vertex 139.445 17.3483 2
      vertex 138.771 16.9446 0
      vertex 139.445 17.3483 0
    endloop
  endfacet
  facet normal 0.427342 -0.90409 0
    outer loop
      vertex 138.061 16.609 0
      vertex 138.771 16.9446 2
      vertex 138.061 16.609 2
    endloop
  endfacet
  facet normal 0.427342 -0.90409 0
    outer loop
      vertex 138.771 16.9446 2
      vertex 138.061 16.609 0
      vertex 138.771 16.9446 0
    endloop
  endfacet
  facet normal 0.336982 -0.941511 0
    outer loop
      vertex 137.322 16.3445 0
      vertex 138.061 16.609 2
      vertex 137.322 16.3445 2
    endloop
  endfacet
  facet normal 0.336982 -0.941511 0
    outer loop
      vertex 138.061 16.609 2
      vertex 137.322 16.3445 0
      vertex 138.061 16.609 0
    endloop
  endfacet
  facet normal 0.243195 -0.969977 0
    outer loop
      vertex 136.561 16.1537 0
      vertex 137.322 16.3445 2
      vertex 136.561 16.1537 2
    endloop
  endfacet
  facet normal 0.243195 -0.969977 0
    outer loop
      vertex 137.322 16.3445 2
      vertex 136.561 16.1537 0
      vertex 137.322 16.3445 0
    endloop
  endfacet
  facet normal 0.146659 -0.989187 0
    outer loop
      vertex 135.784 16.0385 0
      vertex 136.561 16.1537 2
      vertex 135.784 16.0385 2
    endloop
  endfacet
  facet normal 0.146659 -0.989187 0
    outer loop
      vertex 136.561 16.1537 2
      vertex 135.784 16.0385 0
      vertex 136.561 16.1537 0
    endloop
  endfacet
  facet normal 0.049048 -0.998796 0
    outer loop
      vertex 135 16 0
      vertex 135.784 16.0385 2
      vertex 135 16 2
    endloop
  endfacet
  facet normal 0.049048 -0.998796 0
    outer loop
      vertex 135.784 16.0385 2
      vertex 135 16 0
      vertex 135.784 16.0385 0
    endloop
  endfacet
  facet normal -0.049048 -0.998796 0
    outer loop
      vertex 134.216 16.0385 0
      vertex 135 16 2
      vertex 134.216 16.0385 2
    endloop
  endfacet
  facet normal -0.049048 -0.998796 -0
    outer loop
      vertex 135 16 2
      vertex 134.216 16.0385 0
      vertex 135 16 0
    endloop
  endfacet
  facet normal -0.146659 -0.989187 0
    outer loop
      vertex 133.439 16.1537 0
      vertex 134.216 16.0385 2
      vertex 133.439 16.1537 2
    endloop
  endfacet
  facet normal -0.146659 -0.989187 -0
    outer loop
      vertex 134.216 16.0385 2
      vertex 133.439 16.1537 0
      vertex 134.216 16.0385 0
    endloop
  endfacet
  facet normal -0.243195 -0.969977 0
    outer loop
      vertex 132.678 16.3445 0
      vertex 133.439 16.1537 2
      vertex 132.678 16.3445 2
    endloop
  endfacet
  facet normal -0.243195 -0.969977 -0
    outer loop
      vertex 133.439 16.1537 2
      vertex 132.678 16.3445 0
      vertex 133.439 16.1537 0
    endloop
  endfacet
  facet normal -0.336982 -0.941511 0
    outer loop
      vertex 131.939 16.609 0
      vertex 132.678 16.3445 2
      vertex 131.939 16.609 2
    endloop
  endfacet
  facet normal -0.336982 -0.941511 -0
    outer loop
      vertex 132.678 16.3445 2
      vertex 131.939 16.609 0
      vertex 132.678 16.3445 0
    endloop
  endfacet
  facet normal -0.427342 -0.90409 0
    outer loop
      vertex 131.229 16.9446 0
      vertex 131.939 16.609 2
      vertex 131.229 16.9446 2
    endloop
  endfacet
  facet normal -0.427342 -0.90409 -0
    outer loop
      vertex 131.939 16.609 2
      vertex 131.229 16.9446 0
      vertex 131.939 16.609 0
    endloop
  endfacet
  facet normal -0.51384 -0.857886 0
    outer loop
      vertex 130.555 17.3483 0
      vertex 131.229 16.9446 2
      vertex 130.555 17.3483 2
    endloop
  endfacet
  facet normal -0.51384 -0.857886 -0
    outer loop
      vertex 131.229 16.9446 2
      vertex 130.555 17.3483 0
      vertex 131.229 16.9446 0
    endloop
  endfacet
  facet normal -0.59612 -0.802895 0
    outer loop
      vertex 129.938 17.8064 0
      vertex 130.555 17.3483 2
      vertex 129.938 17.8064 2
    endloop
  endfacet
  facet normal -0.59612 -0.802895 -0
    outer loop
      vertex 130.555 17.3483 2
      vertex 129.938 17.8064 0
      vertex 130.555 17.3483 0
    endloop
  endfacet
  facet normal 0.707142 -0.707071 0
    outer loop
      vertex 128.947 16.8153 0
      vertex 129.938 17.8064 2
      vertex 128.947 16.8153 2
    endloop
  endfacet
  facet normal 0.707142 -0.707071 0
    outer loop
      vertex 129.938 17.8064 2
      vertex 128.947 16.8153 0
      vertex 129.938 17.8064 0
    endloop
  endfacet
  facet normal 0.671689 0.740833 -0
    outer loop
      vertex 129.037 16.7337 0
      vertex 128.947 16.8153 2
      vertex 129.037 16.7337 2
    endloop
  endfacet
  facet normal 0.671689 0.740833 0
    outer loop
      vertex 128.947 16.8153 2
      vertex 129.037 16.7337 0
      vertex 128.947 16.8153 0
    endloop
  endfacet
  facet normal 0.595655 0.80324 -0
    outer loop
      vertex 129.778 16.1842 0
      vertex 129.037 16.7337 2
      vertex 129.778 16.1842 2
    endloop
  endfacet
  facet normal 0.595655 0.80324 0
    outer loop
      vertex 129.037 16.7337 2
      vertex 129.778 16.1842 0
      vertex 129.037 16.7337 0
    endloop
  endfacet
  facet normal 0.514257 0.857636 -0
    outer loop
      vertex 130.569 15.7099 0
      vertex 129.778 16.1842 2
      vertex 130.569 15.7099 2
    endloop
  endfacet
  facet normal 0.514257 0.857636 0
    outer loop
      vertex 129.778 16.1842 2
      vertex 130.569 15.7099 0
      vertex 129.778 16.1842 0
    endloop
  endfacet
  facet normal 0.427508 0.904011 -0
    outer loop
      vertex 131.403 15.3155 0
      vertex 130.569 15.7099 2
      vertex 131.403 15.3155 2
    endloop
  endfacet
  facet normal 0.427508 0.904011 0
    outer loop
      vertex 130.569 15.7099 2
      vertex 131.403 15.3155 0
      vertex 130.569 15.7099 0
    endloop
  endfacet
  facet normal 0.33701 0.941501 -0
    outer loop
      vertex 132.271 15.0048 0
      vertex 131.403 15.3155 2
      vertex 132.271 15.0048 2
    endloop
  endfacet
  facet normal 0.33701 0.941501 0
    outer loop
      vertex 131.403 15.3155 2
      vertex 132.271 15.0048 0
      vertex 131.403 15.3155 0
    endloop
  endfacet
  facet normal 0.242995 0.970028 -0
    outer loop
      vertex 133.166 14.7806 0
      vertex 132.271 15.0048 2
      vertex 133.166 14.7806 2
    endloop
  endfacet
  facet normal 0.242995 0.970028 0
    outer loop
      vertex 132.271 15.0048 2
      vertex 133.166 14.7806 0
      vertex 132.271 15.0048 0
    endloop
  endfacet
  facet normal 0.146592 0.989197 -0
    outer loop
      vertex 134.079 14.6453 0
      vertex 133.166 14.7806 2
      vertex 134.079 14.6453 2
    endloop
  endfacet
  facet normal 0.146592 0.989197 0
    outer loop
      vertex 133.166 14.7806 2
      vertex 134.079 14.6453 0
      vertex 133.166 14.7806 0
    endloop
  endfacet
  facet normal 0.0491263 0.998793 -0
    outer loop
      vertex 135 14.6 0
      vertex 134.079 14.6453 2
      vertex 135 14.6 2
    endloop
  endfacet
  facet normal 0.0491263 0.998793 0
    outer loop
      vertex 134.079 14.6453 2
      vertex 135 14.6 0
      vertex 134.079 14.6453 0
    endloop
  endfacet
  facet normal -0.0491263 0.998793 0
    outer loop
      vertex 135.921 14.6453 0
      vertex 135 14.6 2
      vertex 135.921 14.6453 2
    endloop
  endfacet
  facet normal -0.0491263 0.998793 0
    outer loop
      vertex 135 14.6 2
      vertex 135.921 14.6453 0
      vertex 135 14.6 0
    endloop
  endfacet
  facet normal -0.146721 0.989178 0
    outer loop
      vertex 137.341 12.2306 0
      vertex 136.176 12.0578 2
      vertex 137.341 12.2306 2
    endloop
  endfacet
  facet normal -0.146721 0.989178 0
    outer loop
      vertex 136.176 12.0578 2
      vertex 137.341 12.2306 0
      vertex 136.176 12.0578 0
    endloop
  endfacet
  facet normal -0.243015 0.970022 0
    outer loop
      vertex 138.483 12.5167 0
      vertex 137.341 12.2306 2
      vertex 138.483 12.5167 2
    endloop
  endfacet
  facet normal -0.243015 0.970022 0
    outer loop
      vertex 137.341 12.2306 2
      vertex 138.483 12.5167 0
      vertex 137.341 12.2306 0
    endloop
  endfacet
  facet normal -0.336885 0.941546 0
    outer loop
      vertex 139.592 12.9135 0
      vertex 138.483 12.5167 2
      vertex 139.592 12.9135 2
    endloop
  endfacet
  facet normal -0.336885 0.941546 0
    outer loop
      vertex 138.483 12.5167 2
      vertex 139.592 12.9135 0
      vertex 138.483 12.5167 0
    endloop
  endfacet
  facet normal -0.427342 0.90409 0
    outer loop
      vertex 140.657 13.4169 0
      vertex 139.592 12.9135 2
      vertex 140.657 13.4169 2
    endloop
  endfacet
  facet normal -0.427342 0.90409 0
    outer loop
      vertex 139.592 12.9135 2
      vertex 140.657 13.4169 0
      vertex 139.592 12.9135 0
    endloop
  endfacet
  facet normal -0.514184 0.85768 0
    outer loop
      vertex 141.667 14.0224 0
      vertex 140.657 13.4169 2
      vertex 141.667 14.0224 2
    endloop
  endfacet
  facet normal -0.514184 0.85768 0
    outer loop
      vertex 140.657 13.4169 2
      vertex 141.667 14.0224 0
      vertex 140.657 13.4169 0
    endloop
  endfacet
  facet normal -0.595644 0.803249 0
    outer loop
      vertex 142.613 14.7239 0
      vertex 141.667 14.0224 2
      vertex 142.613 14.7239 2
    endloop
  endfacet
  facet normal -0.595644 0.803249 0
    outer loop
      vertex 141.667 14.0224 2
      vertex 142.613 14.7239 0
      vertex 141.667 14.0224 0
    endloop
  endfacet
  facet normal -0.671601 0.740913 0
    outer loop
      vertex 142.892 14.9768 0
      vertex 142.613 14.7239 2
      vertex 142.892 14.9768 2
    endloop
  endfacet
  facet normal -0.671601 0.740913 0
    outer loop
      vertex 142.613 14.7239 2
      vertex 142.892 14.9768 0
      vertex 142.613 14.7239 0
    endloop
  endfacet
  facet normal -0.707107 -0.707107 0
    outer loop
      vertex 142.892 14.9768 0
      vertex 141.902 15.9668 2
      vertex 141.902 15.9668 0
    endloop
  endfacet
  facet normal -0.707107 -0.707107 0
    outer loop
      vertex 141.902 15.9668 2
      vertex 142.892 14.9768 0
      vertex 142.892 14.9768 2
    endloop
  endfacet
  facet normal 0.672194 -0.740375 0
    outer loop
      vertex 141.725 15.8061 0
      vertex 141.902 15.9668 2
      vertex 141.725 15.8061 2
    endloop
  endfacet
  facet normal 0.672194 -0.740375 0
    outer loop
      vertex 141.902 15.9668 2
      vertex 141.725 15.8061 0
      vertex 141.902 15.9668 0
    endloop
  endfacet
  facet normal 0.595501 -0.803355 0
    outer loop
      vertex 140.889 15.1864 0
      vertex 141.725 15.8061 2
      vertex 140.889 15.1864 2
    endloop
  endfacet
  facet normal 0.595501 -0.803355 0
    outer loop
      vertex 141.725 15.8061 2
      vertex 140.889 15.1864 0
      vertex 141.725 15.8061 0
    endloop
  endfacet
  facet normal 0.514213 -0.857663 0
    outer loop
      vertex 139.997 14.6516 0
      vertex 140.889 15.1864 2
      vertex 139.997 14.6516 2
    endloop
  endfacet
  facet normal 0.514213 -0.857663 0
    outer loop
      vertex 140.889 15.1864 2
      vertex 139.997 14.6516 0
      vertex 140.889 15.1864 0
    endloop
  endfacet
  facet normal 0.427273 -0.904123 0
    outer loop
      vertex 139.056 14.2069 0
      vertex 139.997 14.6516 2
      vertex 139.056 14.2069 2
    endloop
  endfacet
  facet normal 0.427273 -0.904123 0
    outer loop
      vertex 139.997 14.6516 2
      vertex 139.056 14.2069 0
      vertex 139.997 14.6516 0
    endloop
  endfacet
  facet normal 0.337067 -0.941481 0
    outer loop
      vertex 138.077 13.8564 0
      vertex 139.056 14.2069 2
      vertex 138.077 13.8564 2
    endloop
  endfacet
  facet normal 0.337067 -0.941481 0
    outer loop
      vertex 139.056 14.2069 2
      vertex 138.077 13.8564 0
      vertex 139.056 14.2069 0
    endloop
  endfacet
  facet normal 0.242943 -0.970041 0
    outer loop
      vertex 137.068 13.6037 0
      vertex 138.077 13.8564 2
      vertex 137.068 13.6037 2
    endloop
  endfacet
  facet normal 0.242943 -0.970041 0
    outer loop
      vertex 138.077 13.8564 2
      vertex 137.068 13.6037 0
      vertex 138.077 13.8564 0
    endloop
  endfacet
  facet normal 0.146789 -0.989168 0
    outer loop
      vertex 136.039 13.451 0
      vertex 137.068 13.6037 2
      vertex 136.039 13.451 2
    endloop
  endfacet
  facet normal 0.146789 -0.989168 0
    outer loop
      vertex 137.068 13.6037 2
      vertex 136.039 13.451 0
      vertex 137.068 13.6037 0
    endloop
  endfacet
  facet normal 0.0490266 -0.998797 0
    outer loop
      vertex 135 13.4 0
      vertex 136.039 13.451 2
      vertex 135 13.4 2
    endloop
  endfacet
  facet normal 0.0490266 -0.998797 0
    outer loop
      vertex 136.039 13.451 2
      vertex 135 13.4 0
      vertex 136.039 13.451 0
    endloop
  endfacet
  facet normal -0.0490266 -0.998797 0
    outer loop
      vertex 133.961 13.451 0
      vertex 135 13.4 2
      vertex 133.961 13.451 2
    endloop
  endfacet
  facet normal -0.0490266 -0.998797 -0
    outer loop
      vertex 135 13.4 2
      vertex 133.961 13.451 0
      vertex 135 13.4 0
    endloop
  endfacet
  facet normal -0.146789 -0.989168 0
    outer loop
      vertex 132.932 13.6037 0
      vertex 133.961 13.451 2
      vertex 132.932 13.6037 2
    endloop
  endfacet
  facet normal -0.146789 -0.989168 -0
    outer loop
      vertex 133.961 13.451 2
      vertex 132.932 13.6037 0
      vertex 133.961 13.451 0
    endloop
  endfacet
  facet normal -0.242943 -0.970041 0
    outer loop
      vertex 131.923 13.8564 0
      vertex 132.932 13.6037 2
      vertex 131.923 13.8564 2
    endloop
  endfacet
  facet normal -0.242943 -0.970041 -0
    outer loop
      vertex 132.932 13.6037 2
      vertex 131.923 13.8564 0
      vertex 132.932 13.6037 0
    endloop
  endfacet
  facet normal -0.337067 -0.941481 0
    outer loop
      vertex 130.944 14.2069 0
      vertex 131.923 13.8564 2
      vertex 130.944 14.2069 2
    endloop
  endfacet
  facet normal -0.337067 -0.941481 -0
    outer loop
      vertex 131.923 13.8564 2
      vertex 130.944 14.2069 0
      vertex 131.923 13.8564 0
    endloop
  endfacet
  facet normal -0.427273 -0.904123 0
    outer loop
      vertex 130.003 14.6516 0
      vertex 130.944 14.2069 2
      vertex 130.003 14.6516 2
    endloop
  endfacet
  facet normal -0.427273 -0.904123 -0
    outer loop
      vertex 130.944 14.2069 2
      vertex 130.003 14.6516 0
      vertex 130.944 14.2069 0
    endloop
  endfacet
  facet normal -0.514213 -0.857663 0
    outer loop
      vertex 129.111 15.1864 0
      vertex 130.003 14.6516 2
      vertex 129.111 15.1864 2
    endloop
  endfacet
  facet normal -0.514213 -0.857663 -0
    outer loop
      vertex 130.003 14.6516 2
      vertex 129.111 15.1864 0
      vertex 130.003 14.6516 0
    endloop
  endfacet
  facet normal -0.595501 -0.803355 0
    outer loop
      vertex 128.275 15.8061 0
      vertex 129.111 15.1864 2
      vertex 128.275 15.8061 2
    endloop
  endfacet
  facet normal -0.595501 -0.803355 -0
    outer loop
      vertex 129.111 15.1864 2
      vertex 128.275 15.8061 0
      vertex 129.111 15.1864 0
    endloop
  endfacet
  facet normal -0.672194 -0.740375 0
    outer loop
      vertex 128.098 15.9668 0
      vertex 128.275 15.8061 2
      vertex 128.098 15.9668 2
    endloop
  endfacet
  facet normal -0.672194 -0.740375 -0
    outer loop
      vertex 128.275 15.8061 2
      vertex 128.098 15.9668 0
      vertex 128.275 15.8061 0
    endloop
  endfacet
  facet normal 0.707107 -0.707107 0
    outer loop
      vertex 127.108 14.9768 2
      vertex 128.098 15.9668 0
      vertex 128.098 15.9668 2
    endloop
  endfacet
  facet normal 0.707107 -0.707107 0
    outer loop
      vertex 128.098 15.9668 0
      vertex 127.108 14.9768 2
      vertex 127.108 14.9768 0
    endloop
  endfacet
  facet normal 0.671601 0.740913 -0
    outer loop
      vertex 127.387 14.7239 0
      vertex 127.108 14.9768 2
      vertex 127.387 14.7239 2
    endloop
  endfacet
  facet normal 0.671601 0.740913 0
    outer loop
      vertex 127.108 14.9768 2
      vertex 127.387 14.7239 0
      vertex 127.108 14.9768 0
    endloop
  endfacet
  facet normal 0.595644 0.803249 -0
    outer loop
      vertex 128.333 14.0224 0
      vertex 127.387 14.7239 2
      vertex 128.333 14.0224 2
    endloop
  endfacet
  facet normal 0.595644 0.803249 0
    outer loop
      vertex 127.387 14.7239 2
      vertex 128.333 14.0224 0
      vertex 127.387 14.7239 0
    endloop
  endfacet
  facet normal 0.514184 0.85768 -0
    outer loop
      vertex 129.343 13.4169 0
      vertex 128.333 14.0224 2
      vertex 129.343 13.4169 2
    endloop
  endfacet
  facet normal 0.514184 0.85768 0
    outer loop
      vertex 128.333 14.0224 2
      vertex 129.343 13.4169 0
      vertex 128.333 14.0224 0
    endloop
  endfacet
  facet normal 0.427342 0.90409 -0
    outer loop
      vertex 130.408 12.9135 0
      vertex 129.343 13.4169 2
      vertex 130.408 12.9135 2
    endloop
  endfacet
  facet normal 0.427342 0.90409 0
    outer loop
      vertex 129.343 13.4169 2
      vertex 130.408 12.9135 0
      vertex 129.343 13.4169 0
    endloop
  endfacet
  facet normal 0.336885 0.941546 -0
    outer loop
      vertex 131.517 12.5167 0
      vertex 130.408 12.9135 2
      vertex 131.517 12.5167 2
    endloop
  endfacet
  facet normal 0.336885 0.941546 0
    outer loop
      vertex 130.408 12.9135 2
      vertex 131.517 12.5167 0
      vertex 130.408 12.9135 0
    endloop
  endfacet
  facet normal 0.243015 0.970022 -0
    outer loop
      vertex 132.659 12.2306 0
      vertex 131.517 12.5167 2
      vertex 132.659 12.2306 2
    endloop
  endfacet
  facet normal 0.243015 0.970022 0
    outer loop
      vertex 131.517 12.5167 2
      vertex 132.659 12.2306 0
      vertex 131.517 12.5167 0
    endloop
  endfacet
  facet normal 0.146721 0.989178 -0
    outer loop
      vertex 133.824 12.0578 0
      vertex 132.659 12.2306 2
      vertex 133.824 12.0578 2
    endloop
  endfacet
  facet normal 0.146721 0.989178 0
    outer loop
      vertex 132.659 12.2306 2
      vertex 133.824 12.0578 0
      vertex 132.659 12.2306 0
    endloop
  endfacet
  facet normal 0.0490904 0.998794 -0
    outer loop
      vertex 135 12 0
      vertex 133.824 12.0578 2
      vertex 135 12 2
    endloop
  endfacet
  facet normal 0.0490904 0.998794 0
    outer loop
      vertex 133.824 12.0578 2
      vertex 135 12 0
      vertex 133.824 12.0578 0
    endloop
  endfacet
  facet normal -0.0490904 0.998794 0
    outer loop
      vertex 136.176 12.0578 0
      vertex 135 12 2
      vertex 136.176 12.0578 2
    endloop
  endfacet
  facet normal -0.0490904 0.998794 0
    outer loop
      vertex 135 12 2
      vertex 136.176 12.0578 0
      vertex 135 12 0
    endloop
  endfacet
  facet normal 0.609035 0.793144 -0
    outer loop
      vertex 134 22.2679 0
      vertex 133.586 22.5858 2
      vertex 134 22.2679 2
    endloop
  endfacet
  facet normal 0.609035 0.793144 0
    outer loop
      vertex 133.586 22.5858 2
      vertex 134 22.2679 0
      vertex 133.586 22.5858 0
    endloop
  endfacet
  facet normal -0.923755 -0.382983 0
    outer loop
      vertex 136.932 24.5176 0
      vertex 136.732 25 2
      vertex 136.732 25 0
    endloop
  endfacet
  facet normal -0.923755 -0.382983 0
    outer loop
      vertex 136.732 25 2
      vertex 136.932 24.5176 0
      vertex 136.932 24.5176 2
    endloop
  endfacet
  facet normal -0.99148 -0.130256 0
    outer loop
      vertex 137 24 0
      vertex 136.932 24.5176 2
      vertex 136.932 24.5176 0
    endloop
  endfacet
  facet normal -0.99148 -0.130256 0
    outer loop
      vertex 136.932 24.5176 2
      vertex 137 24 0
      vertex 137 24 2
    endloop
  endfacet
  facet normal -0.793193 -0.60897 0
    outer loop
      vertex 136.732 25 0
      vertex 136.414 25.4142 2
      vertex 136.414 25.4142 0
    endloop
  endfacet
  facet normal -0.793193 -0.60897 0
    outer loop
      vertex 136.414 25.4142 2
      vertex 136.732 25 0
      vertex 136.732 25 2
    endloop
  endfacet
  facet normal -0.608914 -0.793236 0
    outer loop
      vertex 136 25.732 0
      vertex 136.414 25.4142 2
      vertex 136 25.732 2
    endloop
  endfacet
  facet normal -0.608914 -0.793236 -0
    outer loop
      vertex 136.414 25.4142 2
      vertex 136 25.732 0
      vertex 136.414 25.4142 0
    endloop
  endfacet
  facet normal 0.130346 -0.991469 0
    outer loop
      vertex 134.482 25.9319 0
      vertex 135 26 2
      vertex 134.482 25.9319 2
    endloop
  endfacet
  facet normal 0.130346 -0.991469 0
    outer loop
      vertex 135 26 2
      vertex 134.482 25.9319 0
      vertex 135 26 0
    endloop
  endfacet
  facet normal -0.383091 -0.923711 0
    outer loop
      vertex 135.518 25.9319 0
      vertex 136 25.732 2
      vertex 135.518 25.9319 2
    endloop
  endfacet
  facet normal -0.383091 -0.923711 -0
    outer loop
      vertex 136 25.732 2
      vertex 135.518 25.9319 0
      vertex 136 25.732 0
    endloop
  endfacet
  facet normal -0.793193 0.60897 0
    outer loop
      vertex 136.414 22.5858 0
      vertex 136.732 23 2
      vertex 136.732 23 0
    endloop
  endfacet
  facet normal -0.793193 0.60897 0
    outer loop
      vertex 136.732 23 2
      vertex 136.414 22.5858 0
      vertex 136.414 22.5858 2
    endloop
  endfacet
  facet normal 0.793193 -0.60897 0
    outer loop
      vertex 133.268 25 2
      vertex 133.586 25.4142 0
      vertex 133.586 25.4142 2
    endloop
  endfacet
  facet normal 0.793193 -0.60897 0
    outer loop
      vertex 133.586 25.4142 0
      vertex 133.268 25 2
      vertex 133.268 25 0
    endloop
  endfacet
  facet normal -0.130346 -0.991469 0
    outer loop
      vertex 135 26 0
      vertex 135.518 25.9319 2
      vertex 135 26 2
    endloop
  endfacet
  facet normal -0.130346 -0.991469 -0
    outer loop
      vertex 135.518 25.9319 2
      vertex 135 26 0
      vertex 135.518 25.9319 0
    endloop
  endfacet
  facet normal 0.99148 -0.130256 0
    outer loop
      vertex 133 24 2
      vertex 133.068 24.5176 0
      vertex 133.068 24.5176 2
    endloop
  endfacet
  facet normal 0.99148 -0.130256 0
    outer loop
      vertex 133.068 24.5176 0
      vertex 133 24 2
      vertex 133 24 0
    endloop
  endfacet
  facet normal -0.99148 0.130256 0
    outer loop
      vertex 136.932 23.4824 0
      vertex 137 24 2
      vertex 137 24 0
    endloop
  endfacet
  facet normal -0.99148 0.130256 0
    outer loop
      vertex 137 24 2
      vertex 136.932 23.4824 0
      vertex 136.932 23.4824 2
    endloop
  endfacet
  facet normal 0.608914 -0.793236 0
    outer loop
      vertex 133.586 25.4142 0
      vertex 134 25.732 2
      vertex 133.586 25.4142 2
    endloop
  endfacet
  facet normal 0.608914 -0.793236 0
    outer loop
      vertex 134 25.732 2
      vertex 133.586 25.4142 0
      vertex 134 25.732 0
    endloop
  endfacet
  facet normal 0.130346 0.991469 -0
    outer loop
      vertex 135 22 0
      vertex 134.482 22.0681 2
      vertex 135 22 2
    endloop
  endfacet
  facet normal 0.130346 0.991469 0
    outer loop
      vertex 134.482 22.0681 2
      vertex 135 22 0
      vertex 134.482 22.0681 0
    endloop
  endfacet
  facet normal -0.130346 0.991469 0
    outer loop
      vertex 135.518 22.0681 0
      vertex 135 22 2
      vertex 135.518 22.0681 2
    endloop
  endfacet
  facet normal -0.130346 0.991469 0
    outer loop
      vertex 135 22 2
      vertex 135.518 22.0681 0
      vertex 135 22 0
    endloop
  endfacet
  facet normal -0.382927 0.923778 0
    outer loop
      vertex 136 22.2679 0
      vertex 135.518 22.0681 2
      vertex 136 22.2679 2
    endloop
  endfacet
  facet normal -0.382927 0.923778 0
    outer loop
      vertex 135.518 22.0681 2
      vertex 136 22.2679 0
      vertex 135.518 22.0681 0
    endloop
  endfacet
  facet normal 0.793193 0.60897 0
    outer loop
      vertex 133.586 22.5858 2
      vertex 133.268 23 0
      vertex 133.268 23 2
    endloop
  endfacet
  facet normal 0.793193 0.60897 0
    outer loop
      vertex 133.268 23 0
      vertex 133.586 22.5858 2
      vertex 133.586 22.5858 0
    endloop
  endfacet
  facet normal -0.609035 0.793144 0
    outer loop
      vertex 136.414 22.5858 0
      vertex 136 22.2679 2
      vertex 136.414 22.5858 2
    endloop
  endfacet
  facet normal -0.609035 0.793144 0
    outer loop
      vertex 136 22.2679 2
      vertex 136.414 22.5858 0
      vertex 136 22.2679 0
    endloop
  endfacet
  facet normal 0.99148 0.130256 0
    outer loop
      vertex 133.068 23.4824 2
      vertex 133 24 0
      vertex 133 24 2
    endloop
  endfacet
  facet normal 0.99148 0.130256 0
    outer loop
      vertex 133 24 0
      vertex 133.068 23.4824 2
      vertex 133.068 23.4824 0
    endloop
  endfacet
  facet normal 0.923755 -0.382983 0
    outer loop
      vertex 133.068 24.5176 2
      vertex 133.268 25 0
      vertex 133.268 25 2
    endloop
  endfacet
  facet normal 0.923755 -0.382983 0
    outer loop
      vertex 133.268 25 0
      vertex 133.068 24.5176 2
      vertex 133.068 24.5176 0
    endloop
  endfacet
  facet normal 0.382927 0.923778 -0
    outer loop
      vertex 134.482 22.0681 0
      vertex 134 22.2679 2
      vertex 134.482 22.0681 2
    endloop
  endfacet
  facet normal 0.382927 0.923778 0
    outer loop
      vertex 134 22.2679 2
      vertex 134.482 22.0681 0
      vertex 134 22.2679 0
    endloop
  endfacet
  facet normal 0.923755 0.382983 0
    outer loop
      vertex 133.268 23 2
      vertex 133.068 23.4824 0
      vertex 133.068 23.4824 2
    endloop
  endfacet
  facet normal 0.923755 0.382983 0
    outer loop
      vertex 133.068 23.4824 0
      vertex 133.268 23 2
      vertex 133.268 23 0
    endloop
  endfacet
  facet normal 0.383091 -0.923711 0
    outer loop
      vertex 134 25.732 0
      vertex 134.482 25.9319 2
      vertex 134 25.732 2
    endloop
  endfacet
  facet normal 0.383091 -0.923711 0
    outer loop
      vertex 134.482 25.9319 2
      vertex 134 25.732 0
      vertex 134.482 25.9319 0
    endloop
  endfacet
  facet normal -0.923755 0.382983 0
    outer loop
      vertex 136.732 23 0
      vertex 136.932 23.4824 2
      vertex 136.932 23.4824 0
    endloop
  endfacet
  facet normal -0.923755 0.382983 0
    outer loop
      vertex 136.932 23.4824 2
      vertex 136.732 23 0
      vertex 136.732 23 2
    endloop
  endfacet
endsolid OpenSCAD_Model
