solid OpenSCAD_Model
  facet normal -1 0 0
    outer loop
      vertex 27.8182 71 9.75
      vertex 27.8182 72.9708 11.25
      vertex 27.8182 72.9708 9.75
    endloop
  endfacet
  facet normal -1 -0 0
    outer loop
      vertex 27.8182 72.9708 11.25
      vertex 27.8182 71 9.75
      vertex 27.8182 71 11.25
    endloop
  endfacet
  facet normal 0 0 -1
    outer loop
      vertex 12.8182 71 11.25
      vertex 27.8182 72.9708 11.25
      vertex 27.8182 71 11.25
    endloop
  endfacet
  facet normal -0 0 -1
    outer loop
      vertex 27.8182 72.9708 11.25
      vertex 12.8182 71 11.25
      vertex 12.8182 72.9708 11.25
    endloop
  endfacet
  facet normal -0 0 1
    outer loop
      vertex 12.8182 72.9708 9.75
      vertex 27.8182 71 9.75
      vertex 27.8182 72.9708 9.75
    endloop
  endfacet
  facet normal 0 0 1
    outer loop
      vertex 27.8182 71 9.75
      vertex 12.8182 72.9708 9.75
      vertex 12.8182 71 9.75
    endloop
  endfacet
  facet normal 1 -0 0
    outer loop
      vertex 12.8182 71 11.25
      vertex 12.8182 72.9708 9.75
      vertex 12.8182 72.9708 11.25
    endloop
  endfacet
  facet normal 1 0 0
    outer loop
      vertex 12.8182 72.9708 9.75
      vertex 12.8182 71 11.25
      vertex 12.8182 71 9.75
    endloop
  endfacet
  facet normal -1 0 0
    outer loop
      vertex 53.6364 71 9.75
      vertex 53.6364 72.9708 11.25
      vertex 53.6364 72.9708 9.75
    endloop
  endfacet
  facet normal -1 -0 0
    outer loop
      vertex 53.6364 72.9708 11.25
      vertex 53.6364 71 9.75
      vertex 53.6364 71 11.25
    endloop
  endfacet
  facet normal 0 0 -1
    outer loop
      vertex 38.6364 71 11.25
      vertex 53.6364 72.9708 11.25
      vertex 53.6364 71 11.25
    endloop
  endfacet
  facet normal -0 0 -1
    outer loop
      vertex 53.6364 72.9708 11.25
      vertex 38.6364 71 11.25
      vertex 38.6364 72.9708 11.25
    endloop
  endfacet
  facet normal -0 0 1
    outer loop
      vertex 38.6364 72.9708 9.75
      vertex 53.6364 71 9.75
      vertex 53.6364 72.9708 9.75
    endloop
  endfacet
  facet normal 0 0 1
    outer loop
      vertex 53.6364 71 9.75
      vertex 38.6364 72.9708 9.75
      vertex 38.6364 71 9.75
    endloop
  endfacet
  facet normal 1 -0 0
    outer loop
      vertex 38.6364 71 11.25
      vertex 38.6364 72.9708 9.75
      vertex 38.6364 72.9708 11.25
    endloop
  endfacet
  facet normal 1 0 0
    outer loop
      vertex 38.6364 72.9708 9.75
      vertex 38.6364 71 11.25
      vertex 38.6364 71 9.75
    endloop
  endfacet
  facet normal -1 0 0
    outer loop
      vertex 79.4545 71 9.75
      vertex 79.4545 72.9708 11.25
      vertex 79.4545 72.9708 9.75
    endloop
  endfacet
  facet normal -1 -0 0
    outer loop
      vertex 79.4545 72.9708 11.25
      vertex 79.4545 71 9.75
      vertex 79.4545 71 11.25
    endloop
  endfacet
  facet normal 0 0 -1
    outer loop
      vertex 64.4545 71 11.25
      vertex 79.4545 72.9708 11.25
      vertex 79.4545 71 11.25
    endloop
  endfacet
  facet normal -0 0 -1
    outer loop
      vertex 79.4545 72.9708 11.25
      vertex 64.4545 71 11.25
      vertex 64.4545 72.9708 11.25
    endloop
  endfacet
  facet normal -0 0 1
    outer loop
      vertex 64.4545 72.9708 9.75
      vertex 79.4545 71 9.75
      vertex 79.4545 72.9708 9.75
    endloop
  endfacet
  facet normal 0 0 1
    outer loop
      vertex 79.4545 71 9.75
      vertex 64.4545 72.9708 9.75
      vertex 64.4545 71 9.75
    endloop
  endfacet
  facet normal 1 -0 0
    outer loop
      vertex 64.4545 71 11.25
      vertex 64.4545 72.9708 9.75
      vertex 64.4545 72.9708 11.25
    endloop
  endfacet
  facet normal 1 0 0
    outer loop
      vertex 64.4545 72.9708 9.75
      vertex 64.4545 71 11.25
      vertex 64.4545 71 9.75
    endloop
  endfacet
  facet normal -1 0 0
    outer loop
      vertex 105.273 71 9.75
      vertex 105.273 72.9708 11.25
      vertex 105.273 72.9708 9.75
    endloop
  endfacet
  facet normal -1 -0 0
    outer loop
      vertex 105.273 72.9708 11.25
      vertex 105.273 71 9.75
      vertex 105.273 71 11.25
    endloop
  endfacet
  facet normal 0 0 -1
    outer loop
      vertex 90.2727 71 11.25
      vertex 105.273 72.9708 11.25
      vertex 105.273 71 11.25
    endloop
  endfacet
  facet normal -0 0 -1
    outer loop
      vertex 105.273 72.9708 11.25
      vertex 90.2727 71 11.25
      vertex 90.2727 72.9708 11.25
    endloop
  endfacet
  facet normal -0 0 1
    outer loop
      vertex 90.2727 72.9708 9.75
      vertex 105.273 71 9.75
      vertex 105.273 72.9708 9.75
    endloop
  endfacet
  facet normal 0 0 1
    outer loop
      vertex 105.273 71 9.75
      vertex 90.2727 72.9708 9.75
      vertex 90.2727 71 9.75
    endloop
  endfacet
  facet normal 1 -0 0
    outer loop
      vertex 90.2727 71 11.25
      vertex 90.2727 72.9708 9.75
      vertex 90.2727 72.9708 11.25
    endloop
  endfacet
  facet normal 1 0 0
    outer loop
      vertex 90.2727 72.9708 9.75
      vertex 90.2727 71 11.25
      vertex 90.2727 71 9.75
    endloop
  endfacet
  facet normal 0 0 -1
    outer loop
      vertex 116.091 71 11.25
      vertex 118 72.9708 11.25
      vertex 118 71 11.25
    endloop
  endfacet
  facet normal -0 0 -1
    outer loop
      vertex 118 72.9708 11.25
      vertex 116.091 71 11.25
      vertex 116.091 72.9708 11.25
    endloop
  endfacet
  facet normal -0 0 1
    outer loop
      vertex 116.091 72.9708 9.75
      vertex 118 71 9.75
      vertex 118 72.9708 9.75
    endloop
  endfacet
  facet normal 0 0 1
    outer loop
      vertex 118 71 9.75
      vertex 116.091 72.9708 9.75
      vertex 116.091 71 9.75
    endloop
  endfacet
  facet normal 1 -0 0
    outer loop
      vertex 116.091 71 11.25
      vertex 116.091 72.9708 9.75
      vertex 116.091 72.9708 11.25
    endloop
  endfacet
  facet normal 1 0 0
    outer loop
      vertex 116.091 72.9708 9.75
      vertex 116.091 71 11.25
      vertex 116.091 71 9.75
    endloop
  endfacet
  facet normal -1 0 0
    outer loop
      vertex 156.909 71 9.75
      vertex 156.909 72.9708 11.25
      vertex 156.909 72.9708 9.75
    endloop
  endfacet
  facet normal -1 -0 0
    outer loop
      vertex 156.909 72.9708 11.25
      vertex 156.909 71 9.75
      vertex 156.909 71 11.25
    endloop
  endfacet
  facet normal 0 0 -1
    outer loop
      vertex 152 71 11.25
      vertex 156.909 72.9708 11.25
      vertex 156.909 71 11.25
    endloop
  endfacet
  facet normal -0 0 -1
    outer loop
      vertex 156.909 72.9708 11.25
      vertex 152 71 11.25
      vertex 152 72.9708 11.25
    endloop
  endfacet
  facet normal -0 0 1
    outer loop
      vertex 152 72.9708 9.75
      vertex 156.909 71 9.75
      vertex 156.909 72.9708 9.75
    endloop
  endfacet
  facet normal 0 0 1
    outer loop
      vertex 156.909 71 9.75
      vertex 152 72.9708 9.75
      vertex 152 71 9.75
    endloop
  endfacet
  facet normal -1 0 0
    outer loop
      vertex 182.727 71 9.75
      vertex 182.727 72.9708 11.25
      vertex 182.727 72.9708 9.75
    endloop
  endfacet
  facet normal -1 -0 0
    outer loop
      vertex 182.727 72.9708 11.25
      vertex 182.727 71 9.75
      vertex 182.727 71 11.25
    endloop
  endfacet
  facet normal 0 0 -1
    outer loop
      vertex 167.727 71 11.25
      vertex 182.727 72.9708 11.25
      vertex 182.727 71 11.25
    endloop
  endfacet
  facet normal -0 0 -1
    outer loop
      vertex 182.727 72.9708 11.25
      vertex 167.727 71 11.25
      vertex 167.727 72.9708 11.25
    endloop
  endfacet
  facet normal -0 0 1
    outer loop
      vertex 167.727 72.9708 9.75
      vertex 182.727 71 9.75
      vertex 182.727 72.9708 9.75
    endloop
  endfacet
  facet normal 0 0 1
    outer loop
      vertex 182.727 71 9.75
      vertex 167.727 72.9708 9.75
      vertex 167.727 71 9.75
    endloop
  endfacet
  facet normal 1 -0 0
    outer loop
      vertex 167.727 71 11.25
      vertex 167.727 72.9708 9.75
      vertex 167.727 72.9708 11.25
    endloop
  endfacet
  facet normal 1 0 0
    outer loop
      vertex 167.727 72.9708 9.75
      vertex 167.727 71 11.25
      vertex 167.727 71 9.75
    endloop
  endfacet
  facet normal -1 0 0
    outer loop
      vertex 208.545 71 9.75
      vertex 208.545 72.9708 11.25
      vertex 208.545 72.9708 9.75
    endloop
  endfacet
  facet normal -1 -0 0
    outer loop
      vertex 208.545 72.9708 11.25
      vertex 208.545 71 9.75
      vertex 208.545 71 11.25
    endloop
  endfacet
  facet normal 0 0 -1
    outer loop
      vertex 193.545 71 11.25
      vertex 208.545 72.9708 11.25
      vertex 208.545 71 11.25
    endloop
  endfacet
  facet normal -0 0 -1
    outer loop
      vertex 208.545 72.9708 11.25
      vertex 193.545 71 11.25
      vertex 193.545 72.9708 11.25
    endloop
  endfacet
  facet normal -0 0 1
    outer loop
      vertex 193.545 72.9708 9.75
      vertex 208.545 71 9.75
      vertex 208.545 72.9708 9.75
    endloop
  endfacet
  facet normal 0 0 1
    outer loop
      vertex 208.545 71 9.75
      vertex 193.545 72.9708 9.75
      vertex 193.545 71 9.75
    endloop
  endfacet
  facet normal 1 -0 0
    outer loop
      vertex 193.545 71 11.25
      vertex 193.545 72.9708 9.75
      vertex 193.545 72.9708 11.25
    endloop
  endfacet
  facet normal 1 0 0
    outer loop
      vertex 193.545 72.9708 9.75
      vertex 193.545 71 11.25
      vertex 193.545 71 9.75
    endloop
  endfacet
  facet normal -1 0 0
    outer loop
      vertex 234.364 71 9.75
      vertex 234.364 72.9708 11.25
      vertex 234.364 72.9708 9.75
    endloop
  endfacet
  facet normal -1 -0 0
    outer loop
      vertex 234.364 72.9708 11.25
      vertex 234.364 71 9.75
      vertex 234.364 71 11.25
    endloop
  endfacet
  facet normal 0 0 -1
    outer loop
      vertex 219.364 71 11.25
      vertex 234.364 72.9708 11.25
      vertex 234.364 71 11.25
    endloop
  endfacet
  facet normal -0 0 -1
    outer loop
      vertex 234.364 72.9708 11.25
      vertex 219.364 71 11.25
      vertex 219.364 72.9708 11.25
    endloop
  endfacet
  facet normal -0 0 1
    outer loop
      vertex 219.364 72.9708 9.75
      vertex 234.364 71 9.75
      vertex 234.364 72.9708 9.75
    endloop
  endfacet
  facet normal 0 0 1
    outer loop
      vertex 234.364 71 9.75
      vertex 219.364 72.9708 9.75
      vertex 219.364 71 9.75
    endloop
  endfacet
  facet normal 1 -0 0
    outer loop
      vertex 219.364 71 11.25
      vertex 219.364 72.9708 9.75
      vertex 219.364 72.9708 11.25
    endloop
  endfacet
  facet normal 1 0 0
    outer loop
      vertex 219.364 72.9708 9.75
      vertex 219.364 71 11.25
      vertex 219.364 71 9.75
    endloop
  endfacet
  facet normal -1 0 0
    outer loop
      vertex 260.182 71 9.75
      vertex 260.182 72.9708 11.25
      vertex 260.182 72.9708 9.75
    endloop
  endfacet
  facet normal -1 -0 0
    outer loop
      vertex 260.182 72.9708 11.25
      vertex 260.182 71 9.75
      vertex 260.182 71 11.25
    endloop
  endfacet
  facet normal 0 0 -1
    outer loop
      vertex 245.182 71 11.25
      vertex 260.182 72.9708 11.25
      vertex 260.182 71 11.25
    endloop
  endfacet
  facet normal -0 0 -1
    outer loop
      vertex 260.182 72.9708 11.25
      vertex 245.182 71 11.25
      vertex 245.182 72.9708 11.25
    endloop
  endfacet
  facet normal -0 0 1
    outer loop
      vertex 245.182 72.9708 9.75
      vertex 260.182 71 9.75
      vertex 260.182 72.9708 9.75
    endloop
  endfacet
  facet normal 0 0 1
    outer loop
      vertex 260.182 71 9.75
      vertex 245.182 72.9708 9.75
      vertex 245.182 71 9.75
    endloop
  endfacet
  facet normal 1 -0 0
    outer loop
      vertex 245.182 71 11.25
      vertex 245.182 72.9708 9.75
      vertex 245.182 72.9708 11.25
    endloop
  endfacet
  facet normal 1 0 0
    outer loop
      vertex 245.182 72.9708 9.75
      vertex 245.182 71 11.25
      vertex 245.182 71 9.75
    endloop
  endfacet
  facet normal -1 0 0
    outer loop
      vertex 58.3333 0.0291643 9.75
      vertex 58.3333 2 11.25
      vertex 58.3333 2 9.75
    endloop
  endfacet
  facet normal -1 -0 0
    outer loop
      vertex 58.3333 2 11.25
      vertex 58.3333 0.0291643 9.75
      vertex 58.3333 0.0291643 11.25
    endloop
  endfacet
  facet normal 0 0 -1
    outer loop
      vertex 43.3333 0.0291643 11.25
      vertex 58.3333 2 11.25
      vertex 58.3333 0.0291643 11.25
    endloop
  endfacet
  facet normal -0 0 -1
    outer loop
      vertex 58.3333 2 11.25
      vertex 43.3333 0.0291643 11.25
      vertex 43.3333 2 11.25
    endloop
  endfacet
  facet normal -0 0 1
    outer loop
      vertex 43.3333 2 9.75
      vertex 58.3333 0.0291643 9.75
      vertex 58.3333 2 9.75
    endloop
  endfacet
  facet normal 0 0 1
    outer loop
      vertex 58.3333 0.0291643 9.75
      vertex 43.3333 2 9.75
      vertex 43.3333 0.0291643 9.75
    endloop
  endfacet
  facet normal 1 -0 0
    outer loop
      vertex 43.3333 0.0291643 11.25
      vertex 43.3333 2 9.75
      vertex 43.3333 2 11.25
    endloop
  endfacet
  facet normal 1 0 0
    outer loop
      vertex 43.3333 2 9.75
      vertex 43.3333 0.0291643 11.25
      vertex 43.3333 0.0291643 9.75
    endloop
  endfacet
  facet normal -1 0 0
    outer loop
      vertex 84 0.0291643 9.75
      vertex 84 2 11.25
      vertex 84 2 9.75
    endloop
  endfacet
  facet normal -1 -0 0
    outer loop
      vertex 84 2 11.25
      vertex 84 0.0291643 9.75
      vertex 84 0.0291643 11.25
    endloop
  endfacet
  facet normal 0 0 -1
    outer loop
      vertex 69 0.0291643 11.25
      vertex 84 2 11.25
      vertex 84 0.0291643 11.25
    endloop
  endfacet
  facet normal -0 0 -1
    outer loop
      vertex 84 2 11.25
      vertex 69 0.0291643 11.25
      vertex 69 2 11.25
    endloop
  endfacet
  facet normal -0 0 1
    outer loop
      vertex 69 2 9.75
      vertex 84 0.0291643 9.75
      vertex 84 2 9.75
    endloop
  endfacet
  facet normal 0 0 1
    outer loop
      vertex 84 0.0291643 9.75
      vertex 69 2 9.75
      vertex 69 0.0291643 9.75
    endloop
  endfacet
  facet normal 1 -0 0
    outer loop
      vertex 69 0.0291643 11.25
      vertex 69 2 9.75
      vertex 69 2 11.25
    endloop
  endfacet
  facet normal 1 0 0
    outer loop
      vertex 69 2 9.75
      vertex 69 0.0291643 11.25
      vertex 69 0.0291643 9.75
    endloop
  endfacet
  facet normal -1 0 0
    outer loop
      vertex 109.667 0.0291643 9.75
      vertex 109.667 2 11.25
      vertex 109.667 2 9.75
    endloop
  endfacet
  facet normal -1 -0 0
    outer loop
      vertex 109.667 2 11.25
      vertex 109.667 0.0291643 9.75
      vertex 109.667 0.0291643 11.25
    endloop
  endfacet
  facet normal 0 0 -1
    outer loop
      vertex 94.6667 0.0291643 11.25
      vertex 109.667 2 11.25
      vertex 109.667 0.0291643 11.25
    endloop
  endfacet
  facet normal -0 0 -1
    outer loop
      vertex 109.667 2 11.25
      vertex 94.6667 0.0291643 11.25
      vertex 94.6667 2 11.25
    endloop
  endfacet
  facet normal -0 0 1
    outer loop
      vertex 94.6667 2 9.75
      vertex 109.667 0.0291643 9.75
      vertex 109.667 2 9.75
    endloop
  endfacet
  facet normal 0 0 1
    outer loop
      vertex 109.667 0.0291643 9.75
      vertex 94.6667 2 9.75
      vertex 94.6667 0.0291643 9.75
    endloop
  endfacet
  facet normal 1 -0 0
    outer loop
      vertex 94.6667 0.0291643 11.25
      vertex 94.6667 2 9.75
      vertex 94.6667 2 11.25
    endloop
  endfacet
  facet normal 1 0 0
    outer loop
      vertex 94.6667 2 9.75
      vertex 94.6667 0.0291643 11.25
      vertex 94.6667 0.0291643 9.75
    endloop
  endfacet
  facet normal -1 0 0
    outer loop
      vertex 176.333 0.0291643 9.75
      vertex 176.333 2 11.25
      vertex 176.333 2 9.75
    endloop
  endfacet
  facet normal -1 -0 0
    outer loop
      vertex 176.333 2 11.25
      vertex 176.333 0.0291643 9.75
      vertex 176.333 0.0291643 11.25
    endloop
  endfacet
  facet normal 0 0 -1
    outer loop
      vertex 161.333 0.0291643 11.25
      vertex 176.333 2 11.25
      vertex 176.333 0.0291643 11.25
    endloop
  endfacet
  facet normal -0 0 -1
    outer loop
      vertex 176.333 2 11.25
      vertex 161.333 0.0291643 11.25
      vertex 161.333 2 11.25
    endloop
  endfacet
  facet normal -0 0 1
    outer loop
      vertex 161.333 2 9.75
      vertex 176.333 0.0291643 9.75
      vertex 176.333 2 9.75
    endloop
  endfacet
  facet normal 0 0 1
    outer loop
      vertex 176.333 0.0291643 9.75
      vertex 161.333 2 9.75
      vertex 161.333 0.0291643 9.75
    endloop
  endfacet
  facet normal 1 -0 0
    outer loop
      vertex 161.333 0.0291643 11.25
      vertex 161.333 2 9.75
      vertex 161.333 2 11.25
    endloop
  endfacet
  facet normal 1 0 0
    outer loop
      vertex 161.333 2 9.75
      vertex 161.333 0.0291643 11.25
      vertex 161.333 0.0291643 9.75
    endloop
  endfacet
  facet normal -1 0 0
    outer loop
      vertex 200 0.0291643 9.75
      vertex 200 2 11.25
      vertex 200 2 9.75
    endloop
  endfacet
  facet normal -1 -0 0
    outer loop
      vertex 200 2 11.25
      vertex 200 0.0291643 9.75
      vertex 200 0.0291643 11.25
    endloop
  endfacet
  facet normal 0 0 -1
    outer loop
      vertex 185 0.0291643 11.25
      vertex 200 2 11.25
      vertex 200 0.0291643 11.25
    endloop
  endfacet
  facet normal -0 0 -1
    outer loop
      vertex 200 2 11.25
      vertex 185 0.0291643 11.25
      vertex 185 2 11.25
    endloop
  endfacet
  facet normal -0 0 1
    outer loop
      vertex 185 2 9.75
      vertex 200 0.0291643 9.75
      vertex 200 2 9.75
    endloop
  endfacet
  facet normal 0 0 1
    outer loop
      vertex 200 0.0291643 9.75
      vertex 185 2 9.75
      vertex 185 0.0291643 9.75
    endloop
  endfacet
  facet normal 1 -0 0
    outer loop
      vertex 185 0.0291643 11.25
      vertex 185 2 9.75
      vertex 185 2 11.25
    endloop
  endfacet
  facet normal 1 0 0
    outer loop
      vertex 185 2 9.75
      vertex 185 0.0291643 11.25
      vertex 185 0.0291643 9.75
    endloop
  endfacet
  facet normal -1 0 0
    outer loop
      vertex 223.667 0.0291643 9.75
      vertex 223.667 2 11.25
      vertex 223.667 2 9.75
    endloop
  endfacet
  facet normal -1 -0 0
    outer loop
      vertex 223.667 2 11.25
      vertex 223.667 0.0291643 9.75
      vertex 223.667 0.0291643 11.25
    endloop
  endfacet
  facet normal 0 0 -1
    outer loop
      vertex 208.667 0.0291643 11.25
      vertex 223.667 2 11.25
      vertex 223.667 0.0291643 11.25
    endloop
  endfacet
  facet normal -0 0 -1
    outer loop
      vertex 223.667 2 11.25
      vertex 208.667 0.0291643 11.25
      vertex 208.667 2 11.25
    endloop
  endfacet
  facet normal -0 0 1
    outer loop
      vertex 208.667 2 9.75
      vertex 223.667 0.0291643 9.75
      vertex 223.667 2 9.75
    endloop
  endfacet
  facet normal 0 0 1
    outer loop
      vertex 223.667 0.0291643 9.75
      vertex 208.667 2 9.75
      vertex 208.667 0.0291643 9.75
    endloop
  endfacet
  facet normal 1 -0 0
    outer loop
      vertex 208.667 0.0291643 11.25
      vertex 208.667 2 9.75
      vertex 208.667 2 11.25
    endloop
  endfacet
  facet normal 1 0 0
    outer loop
      vertex 208.667 2 9.75
      vertex 208.667 0.0291643 11.25
      vertex 208.667 0.0291643 9.75
    endloop
  endfacet
  facet normal -1 0 0
    outer loop
      vertex 17.5 0.0291643 9.75
      vertex 17.5 2 11.25
      vertex 17.5 2 9.75
    endloop
  endfacet
  facet normal -1 -0 0
    outer loop
      vertex 17.5 2 11.25
      vertex 17.5 0.0291643 9.75
      vertex 17.5 0.0291643 11.25
    endloop
  endfacet
  facet normal 0 0 -1
    outer loop
      vertex 17.5 0.0291643 11.25
      vertex 7.9 2 11.25
      vertex 17.5 2 11.25
    endloop
  endfacet
  facet normal 0 0 -1
    outer loop
      vertex 4.5 0.0291643 11.25
      vertex 7.9 2 11.25
      vertex 17.5 0.0291643 11.25
    endloop
  endfacet
  facet normal -0 0 -1
    outer loop
      vertex 7.9 2 11.25
      vertex 4.5 0.0291643 11.25
      vertex 6.1 2 11.25
    endloop
  endfacet
  facet normal -0 0 -1
    outer loop
      vertex 6.1 2 11.25
      vertex 4.5 0.0291643 11.25
      vertex 4.5 2 11.25
    endloop
  endfacet
  facet normal -0 0 1
    outer loop
      vertex 7.9 2 9.75
      vertex 17.5 0.0291643 9.75
      vertex 17.5 2 9.75
    endloop
  endfacet
  facet normal 0 0 1
    outer loop
      vertex 4.5 0.0291643 9.75
      vertex 7.9 2 9.75
      vertex 6.1 2 9.75
    endloop
  endfacet
  facet normal 0 0 1
    outer loop
      vertex 4.5 0.0291643 9.75
      vertex 6.1 2 9.75
      vertex 4.5 2 9.75
    endloop
  endfacet
  facet normal 0 0 1
    outer loop
      vertex 7.9 2 9.75
      vertex 4.5 0.0291643 9.75
      vertex 17.5 0.0291643 9.75
    endloop
  endfacet
  facet normal 1 -0 0
    outer loop
      vertex 4.5 0.0291643 11.25
      vertex 4.5 2 9.75
      vertex 4.5 2 11.25
    endloop
  endfacet
  facet normal 1 0 0
    outer loop
      vertex 4.5 2 9.75
      vertex 4.5 0.0291643 11.25
      vertex 4.5 0.0291643 9.75
    endloop
  endfacet
  facet normal -1 0 0
    outer loop
      vertex 264 0.0291643 9.75
      vertex 264 2 11.25
      vertex 264 2 9.75
    endloop
  endfacet
  facet normal -1 -0 0
    outer loop
      vertex 264 2 11.25
      vertex 264 0.0291643 9.75
      vertex 264 0.0291643 11.25
    endloop
  endfacet
  facet normal 0 0 -1
    outer loop
      vertex 249 0.0291643 11.25
      vertex 264 2 11.25
      vertex 264 0.0291643 11.25
    endloop
  endfacet
  facet normal -0 0 -1
    outer loop
      vertex 264 2 11.25
      vertex 249 0.0291643 11.25
      vertex 249 2 11.25
    endloop
  endfacet
  facet normal -0 0 1
    outer loop
      vertex 249 2 9.75
      vertex 264 0.0291643 9.75
      vertex 264 2 9.75
    endloop
  endfacet
  facet normal 0 0 1
    outer loop
      vertex 264 0.0291643 9.75
      vertex 249 2 9.75
      vertex 249 0.0291643 9.75
    endloop
  endfacet
  facet normal 1 -0 0
    outer loop
      vertex 249 0.0291643 11.25
      vertex 249 2 9.75
      vertex 249 2 11.25
    endloop
  endfacet
  facet normal 1 0 0
    outer loop
      vertex 249 2 9.75
      vertex 249 0.0291643 11.25
      vertex 249 0.0291643 9.75
    endloop
  endfacet
  facet normal -1 0 0
    outer loop
      vertex 152 71 6.5
      vertex 152 72.9708 9.75
      vertex 152 72.9708 6.5
    endloop
  endfacet
  facet normal -1 -0 0
    outer loop
      vertex 152 72.9708 9.75
      vertex 152 71 6.5
      vertex 152 71 9.75
    endloop
  endfacet
  facet normal -1 0 0
    outer loop
      vertex 152 71 11.25
      vertex 152 72.9708 14.5
      vertex 152 72.9708 11.25
    endloop
  endfacet
  facet normal -1 -0 0
    outer loop
      vertex 152 72.9708 14.5
      vertex 152 71 11.25
      vertex 152 71 14.5
    endloop
  endfacet
  facet normal 0 0 -1
    outer loop
      vertex 118 71 14.5
      vertex 152 72.9708 14.5
      vertex 152 71 14.5
    endloop
  endfacet
  facet normal -0 0 -1
    outer loop
      vertex 152 72.9708 14.5
      vertex 118 71 14.5
      vertex 118 72.9708 14.5
    endloop
  endfacet
  facet normal -0 0 1
    outer loop
      vertex 118 72.9708 6.5
      vertex 152 71 6.5
      vertex 152 72.9708 6.5
    endloop
  endfacet
  facet normal 0 0 1
    outer loop
      vertex 152 71 6.5
      vertex 118 72.9708 6.5
      vertex 118 71 6.5
    endloop
  endfacet
  facet normal 1 -0 0
    outer loop
      vertex 118 71 9.75
      vertex 118 72.9708 6.5
      vertex 118 72.9708 9.75
    endloop
  endfacet
  facet normal 1 0 0
    outer loop
      vertex 118 72.9708 6.5
      vertex 118 71 9.75
      vertex 118 71 6.5
    endloop
  endfacet
  facet normal 1 -0 0
    outer loop
      vertex 118 71 14.5
      vertex 118 72.9708 11.25
      vertex 118 72.9708 14.5
    endloop
  endfacet
  facet normal 1 0 0
    outer loop
      vertex 118 72.9708 11.25
      vertex 118 71 14.5
      vertex 118 71 11.25
    endloop
  endfacet
  facet normal 0.354624 0.935009 -0
    outer loop
      vertex 271.272 72.2919 0
      vertex 269.482 72.9708 17
      vertex 271.272 72.2919 17
    endloop
  endfacet
  facet normal 0.354624 0.935009 0
    outer loop
      vertex 269.482 72.9708 17
      vertex 271.272 72.2919 0
      vertex 269.482 72.9708 0
    endloop
  endfacet
  facet normal -0.568075 0.822977 0
    outer loop
      vertex 2.58158 72.7401 0
      vertex 1.00596 71.6525 17
      vertex 2.58158 72.7401 17
    endloop
  endfacet
  facet normal -0.568075 0.822977 0
    outer loop
      vertex 1.00596 71.6525 17
      vertex 2.58158 72.7401 0
      vertex 1.00596 71.6525 0
    endloop
  endfacet
  facet normal -0.885455 -0.464724 0
    outer loop
      vertex 1.00596 1.34751 0
      vertex 0.116232 3.04274 17
      vertex 0.116232 3.04274 0
    endloop
  endfacet
  facet normal -0.885455 -0.464724 0
    outer loop
      vertex 0.116232 3.04274 17
      vertex 1.00596 1.34751 0
      vertex 1.00596 1.34751 17
    endloop
  endfacet
  facet normal 0 1 -0
    outer loop
      vertex 118 72.9708 6.5
      vertex 116.091 72.9708 9.75
      vertex 118 72.9708 9.75
    endloop
  endfacet
  facet normal 0 1 0
    outer loop
      vertex 116.091 72.9708 9.75
      vertex 118 72.9708 6.5
      vertex 105.273 72.9708 9.75
    endloop
  endfacet
  facet normal 0 1 0
    outer loop
      vertex 105.273 72.9708 9.75
      vertex 118 72.9708 6.5
      vertex 90.2727 72.9708 9.75
    endloop
  endfacet
  facet normal 0 1 0
    outer loop
      vertex 90.2727 72.9708 9.75
      vertex 118 72.9708 6.5
      vertex 79.4545 72.9708 9.75
    endloop
  endfacet
  facet normal 0 1 0
    outer loop
      vertex 4.48215 72.9708 0
      vertex 79.4545 72.9708 9.75
      vertex 118 72.9708 6.5
    endloop
  endfacet
  facet normal 0 1 0
    outer loop
      vertex 79.4545 72.9708 9.75
      vertex 4.48215 72.9708 0
      vertex 64.4545 72.9708 9.75
    endloop
  endfacet
  facet normal 0 1 0
    outer loop
      vertex 64.4545 72.9708 9.75
      vertex 4.48215 72.9708 0
      vertex 53.6364 72.9708 9.75
    endloop
  endfacet
  facet normal 0 1 0
    outer loop
      vertex 53.6364 72.9708 9.75
      vertex 4.48215 72.9708 0
      vertex 38.6364 72.9708 9.75
    endloop
  endfacet
  facet normal 0 1 0
    outer loop
      vertex 38.6364 72.9708 9.75
      vertex 4.48215 72.9708 0
      vertex 27.8182 72.9708 9.75
    endloop
  endfacet
  facet normal 0 1 -0
    outer loop
      vertex 38.6364 72.9708 9.75
      vertex 27.8182 72.9708 11.25
      vertex 38.6364 72.9708 11.25
    endloop
  endfacet
  facet normal 0 1 0
    outer loop
      vertex 27.8182 72.9708 11.25
      vertex 38.6364 72.9708 9.75
      vertex 27.8182 72.9708 9.75
    endloop
  endfacet
  facet normal 0 1 -0
    outer loop
      vertex 64.4545 72.9708 9.75
      vertex 53.6364 72.9708 11.25
      vertex 64.4545 72.9708 11.25
    endloop
  endfacet
  facet normal 0 1 0
    outer loop
      vertex 53.6364 72.9708 11.25
      vertex 64.4545 72.9708 9.75
      vertex 53.6364 72.9708 9.75
    endloop
  endfacet
  facet normal 0 1 -0
    outer loop
      vertex 90.2727 72.9708 9.75
      vertex 79.4545 72.9708 11.25
      vertex 90.2727 72.9708 11.25
    endloop
  endfacet
  facet normal 0 1 0
    outer loop
      vertex 79.4545 72.9708 11.25
      vertex 90.2727 72.9708 9.75
      vertex 79.4545 72.9708 9.75
    endloop
  endfacet
  facet normal 0 1 -0
    outer loop
      vertex 116.091 72.9708 9.75
      vertex 105.273 72.9708 11.25
      vertex 116.091 72.9708 11.25
    endloop
  endfacet
  facet normal 0 1 0
    outer loop
      vertex 105.273 72.9708 11.25
      vertex 116.091 72.9708 9.75
      vertex 105.273 72.9708 9.75
    endloop
  endfacet
  facet normal 0 1 -0
    outer loop
      vertex 167.727 72.9708 9.75
      vertex 156.909 72.9708 11.25
      vertex 167.727 72.9708 11.25
    endloop
  endfacet
  facet normal 0 1 0
    outer loop
      vertex 156.909 72.9708 11.25
      vertex 167.727 72.9708 9.75
      vertex 156.909 72.9708 9.75
    endloop
  endfacet
  facet normal 0 1 -0
    outer loop
      vertex 193.545 72.9708 9.75
      vertex 182.727 72.9708 11.25
      vertex 193.545 72.9708 11.25
    endloop
  endfacet
  facet normal 0 1 0
    outer loop
      vertex 182.727 72.9708 11.25
      vertex 193.545 72.9708 9.75
      vertex 182.727 72.9708 9.75
    endloop
  endfacet
  facet normal 0 1 -0
    outer loop
      vertex 219.364 72.9708 9.75
      vertex 208.545 72.9708 11.25
      vertex 219.364 72.9708 11.25
    endloop
  endfacet
  facet normal 0 1 0
    outer loop
      vertex 208.545 72.9708 11.25
      vertex 219.364 72.9708 9.75
      vertex 208.545 72.9708 9.75
    endloop
  endfacet
  facet normal 0 1 -0
    outer loop
      vertex 245.182 72.9708 9.75
      vertex 234.364 72.9708 11.25
      vertex 245.182 72.9708 11.25
    endloop
  endfacet
  facet normal 0 1 0
    outer loop
      vertex 234.364 72.9708 11.25
      vertex 245.182 72.9708 9.75
      vertex 234.364 72.9708 9.75
    endloop
  endfacet
  facet normal 0 1 0
    outer loop
      vertex 269.482 72.9708 17
      vertex 152 72.9708 14.5
      vertex 4.48215 72.9708 17
    endloop
  endfacet
  facet normal 0 1 0
    outer loop
      vertex 245.182 72.9708 11.25
      vertex 269.482 72.9708 17
      vertex 260.182 72.9708 11.25
    endloop
  endfacet
  facet normal 0 1 0
    outer loop
      vertex 269.482 72.9708 17
      vertex 260.182 72.9708 9.75
      vertex 260.182 72.9708 11.25
    endloop
  endfacet
  facet normal 0 1 0
    outer loop
      vertex 269.482 72.9708 0
      vertex 245.182 72.9708 9.75
      vertex 260.182 72.9708 9.75
    endloop
  endfacet
  facet normal 0 1 0
    outer loop
      vertex 245.182 72.9708 9.75
      vertex 269.482 72.9708 0
      vertex 234.364 72.9708 9.75
    endloop
  endfacet
  facet normal 0 1 0
    outer loop
      vertex 234.364 72.9708 9.75
      vertex 269.482 72.9708 0
      vertex 219.364 72.9708 9.75
    endloop
  endfacet
  facet normal 0 1 0
    outer loop
      vertex 219.364 72.9708 9.75
      vertex 269.482 72.9708 0
      vertex 208.545 72.9708 9.75
    endloop
  endfacet
  facet normal 0 1 0
    outer loop
      vertex 208.545 72.9708 9.75
      vertex 269.482 72.9708 0
      vertex 193.545 72.9708 9.75
    endloop
  endfacet
  facet normal -0 1 0
    outer loop
      vertex 152 72.9708 6.5
      vertex 193.545 72.9708 9.75
      vertex 269.482 72.9708 0
    endloop
  endfacet
  facet normal 0 1 0
    outer loop
      vertex 193.545 72.9708 9.75
      vertex 152 72.9708 6.5
      vertex 182.727 72.9708 9.75
    endloop
  endfacet
  facet normal 0 1 0
    outer loop
      vertex 182.727 72.9708 9.75
      vertex 152 72.9708 6.5
      vertex 167.727 72.9708 9.75
    endloop
  endfacet
  facet normal 0 1 0
    outer loop
      vertex 156.909 72.9708 9.75
      vertex 152 72.9708 6.5
      vertex 152 72.9708 9.75
    endloop
  endfacet
  facet normal 0 1 0
    outer loop
      vertex 152 72.9708 6.5
      vertex 269.482 72.9708 0
      vertex 118 72.9708 6.5
    endloop
  endfacet
  facet normal 0 1 0
    outer loop
      vertex 167.727 72.9708 9.75
      vertex 152 72.9708 6.5
      vertex 156.909 72.9708 9.75
    endloop
  endfacet
  facet normal 0 1 -0
    outer loop
      vertex 269.482 72.9708 0
      vertex 260.182 72.9708 9.75
      vertex 269.482 72.9708 17
    endloop
  endfacet
  facet normal 0 1 -0
    outer loop
      vertex 118 72.9708 14.5
      vertex 4.48215 72.9708 17
      vertex 152 72.9708 14.5
    endloop
  endfacet
  facet normal 0 1 0
    outer loop
      vertex 116.091 72.9708 11.25
      vertex 118 72.9708 14.5
      vertex 118 72.9708 11.25
    endloop
  endfacet
  facet normal 0 1 0
    outer loop
      vertex 105.273 72.9708 11.25
      vertex 118 72.9708 14.5
      vertex 116.091 72.9708 11.25
    endloop
  endfacet
  facet normal 0 1 0
    outer loop
      vertex 90.2727 72.9708 11.25
      vertex 118 72.9708 14.5
      vertex 105.273 72.9708 11.25
    endloop
  endfacet
  facet normal 0 1 0
    outer loop
      vertex 79.4545 72.9708 11.25
      vertex 118 72.9708 14.5
      vertex 90.2727 72.9708 11.25
    endloop
  endfacet
  facet normal 0 1 0
    outer loop
      vertex 64.4545 72.9708 11.25
      vertex 118 72.9708 14.5
      vertex 79.4545 72.9708 11.25
    endloop
  endfacet
  facet normal 0 1 0
    outer loop
      vertex 118 72.9708 14.5
      vertex 64.4545 72.9708 11.25
      vertex 4.48215 72.9708 17
    endloop
  endfacet
  facet normal 0 1 -0
    outer loop
      vertex 53.6364 72.9708 11.25
      vertex 4.48215 72.9708 17
      vertex 64.4545 72.9708 11.25
    endloop
  endfacet
  facet normal 0 1 -0
    outer loop
      vertex 38.6364 72.9708 11.25
      vertex 4.48215 72.9708 17
      vertex 53.6364 72.9708 11.25
    endloop
  endfacet
  facet normal 0 1 -0
    outer loop
      vertex 27.8182 72.9708 11.25
      vertex 4.48215 72.9708 17
      vertex 38.6364 72.9708 11.25
    endloop
  endfacet
  facet normal 0 1 -0
    outer loop
      vertex 12.8182 72.9708 11.25
      vertex 4.48215 72.9708 17
      vertex 27.8182 72.9708 11.25
    endloop
  endfacet
  facet normal 0 1 -0
    outer loop
      vertex 12.8182 72.9708 9.75
      vertex 4.48215 72.9708 17
      vertex 12.8182 72.9708 11.25
    endloop
  endfacet
  facet normal 0 1 0
    outer loop
      vertex 4.48215 72.9708 0
      vertex 118 72.9708 6.5
      vertex 269.482 72.9708 0
    endloop
  endfacet
  facet normal 0 1 0
    outer loop
      vertex 12.8182 72.9708 9.75
      vertex 4.48215 72.9708 0
      vertex 4.48215 72.9708 17
    endloop
  endfacet
  facet normal 0 1 0
    outer loop
      vertex 27.8182 72.9708 9.75
      vertex 4.48215 72.9708 0
      vertex 12.8182 72.9708 9.75
    endloop
  endfacet
  facet normal 0 1 0
    outer loop
      vertex 234.364 72.9708 11.25
      vertex 269.482 72.9708 17
      vertex 245.182 72.9708 11.25
    endloop
  endfacet
  facet normal 0 1 0
    outer loop
      vertex 219.364 72.9708 11.25
      vertex 269.482 72.9708 17
      vertex 234.364 72.9708 11.25
    endloop
  endfacet
  facet normal 0 1 0
    outer loop
      vertex 208.545 72.9708 11.25
      vertex 269.482 72.9708 17
      vertex 219.364 72.9708 11.25
    endloop
  endfacet
  facet normal 0 1 0
    outer loop
      vertex 269.482 72.9708 17
      vertex 208.545 72.9708 11.25
      vertex 152 72.9708 14.5
    endloop
  endfacet
  facet normal 0 1 -0
    outer loop
      vertex 193.545 72.9708 11.25
      vertex 152 72.9708 14.5
      vertex 208.545 72.9708 11.25
    endloop
  endfacet
  facet normal 0 1 -0
    outer loop
      vertex 182.727 72.9708 11.25
      vertex 152 72.9708 14.5
      vertex 193.545 72.9708 11.25
    endloop
  endfacet
  facet normal 0 1 -0
    outer loop
      vertex 167.727 72.9708 11.25
      vertex 152 72.9708 14.5
      vertex 182.727 72.9708 11.25
    endloop
  endfacet
  facet normal 0 1 -0
    outer loop
      vertex 156.909 72.9708 11.25
      vertex 152 72.9708 14.5
      vertex 167.727 72.9708 11.25
    endloop
  endfacet
  facet normal 0 1 0
    outer loop
      vertex 152 72.9708 14.5
      vertex 156.909 72.9708 11.25
      vertex 152 72.9708 11.25
    endloop
  endfacet
  facet normal -0.1205 0.992713 0
    outer loop
      vertex 4.48215 72.9708 0
      vertex 2.58158 72.7401 17
      vertex 4.48215 72.9708 17
    endloop
  endfacet
  facet normal -0.1205 0.992713 0
    outer loop
      vertex 2.58158 72.7401 17
      vertex 4.48215 72.9708 0
      vertex 2.58158 72.7401 0
    endloop
  endfacet
  facet normal 0.970963 -0.239229 0
    outer loop
      vertex 272.542 2.14111 17
      vertex 273 4 0
      vertex 273 4 17
    endloop
  endfacet
  facet normal 0.970963 -0.239229 0
    outer loop
      vertex 273 4 0
      vertex 272.542 2.14111 17
      vertex 272.542 2.14111 0
    endloop
  endfacet
  facet normal -0.120536 -0.992709 0
    outer loop
      vertex 2.58158 0.259934 0
      vertex 4.48215 0.0291643 17
      vertex 2.58158 0.259934 17
    endloop
  endfacet
  facet normal -0.120536 -0.992709 -0
    outer loop
      vertex 4.48215 0.0291643 17
      vertex 2.58158 0.259934 0
      vertex 4.48215 0.0291643 0
    endloop
  endfacet
  facet normal 1 -0 0
    outer loop
      vertex 273 4 17
      vertex 273 69 0
      vertex 273 69 17
    endloop
  endfacet
  facet normal 1 0 0
    outer loop
      vertex 273 69 0
      vertex 273 4 17
      vertex 273 4 0
    endloop
  endfacet
  facet normal -1 0 0
    outer loop
      vertex 0.116232 3.04274 0
      vertex 0.116232 69.9573 17
      vertex 0.116232 69.9573 0
    endloop
  endfacet
  facet normal -1 -0 0
    outer loop
      vertex 0.116232 69.9573 17
      vertex 0.116232 3.04274 0
      vertex 0.116232 3.04274 17
    endloop
  endfacet
  facet normal 0 -1 0
    outer loop
      vertex 235 0.0291643 11.5
      vertex 249 0.0291643 9.75
      vertex 243 0.0291643 11.5
    endloop
  endfacet
  facet normal 0 -1 0
    outer loop
      vertex 243 0.0291643 11.5
      vertex 249 0.0291643 9.75
      vertex 249 0.0291643 11.25
    endloop
  endfacet
  facet normal 0 -1 0
    outer loop
      vertex 200 0.0291643 9.75
      vertex 208.667 0.0291643 11.25
      vertex 200 0.0291643 11.25
    endloop
  endfacet
  facet normal 0 -1 -0
    outer loop
      vertex 208.667 0.0291643 11.25
      vertex 200 0.0291643 9.75
      vertex 208.667 0.0291643 9.75
    endloop
  endfacet
  facet normal 0 -1 0
    outer loop
      vertex 176.333 0.0291643 9.75
      vertex 185 0.0291643 11.25
      vertex 176.333 0.0291643 11.25
    endloop
  endfacet
  facet normal 0 -1 -0
    outer loop
      vertex 185 0.0291643 11.25
      vertex 176.333 0.0291643 9.75
      vertex 185 0.0291643 9.75
    endloop
  endfacet
  facet normal 0 -1 0
    outer loop
      vertex 144.5 0.0291643 16.2718
      vertex 200 0.0291643 11.25
      vertex 235 0.0291643 13
    endloop
  endfacet
  facet normal 0 -1 0
    outer loop
      vertex 185 0.0291643 11.25
      vertex 144.5 0.0291643 14
      vertex 176.333 0.0291643 11.25
    endloop
  endfacet
  facet normal 0 -1 0
    outer loop
      vertex 176.333 0.0291643 11.25
      vertex 144.5 0.0291643 14
      vertex 161.333 0.0291643 11.25
    endloop
  endfacet
  facet normal 0 -1 0
    outer loop
      vertex 144.5 0.0291643 14
      vertex 161.333 0.0291643 9.75
      vertex 161.333 0.0291643 11.25
    endloop
  endfacet
  facet normal 0 -1 0
    outer loop
      vertex 144.5 0.0291643 7
      vertex 176.333 0.0291643 9.75
      vertex 161.333 0.0291643 9.75
    endloop
  endfacet
  facet normal 0 -1 -0
    outer loop
      vertex 176.333 0.0291643 9.75
      vertex 144.5 0.0291643 7
      vertex 185 0.0291643 9.75
    endloop
  endfacet
  facet normal 0 -1 0
    outer loop
      vertex 269.482 0.0291643 0
      vertex 185 0.0291643 9.75
      vertex 144.5 0.0291643 7
    endloop
  endfacet
  facet normal 0 -1 0
    outer loop
      vertex 185 0.0291643 9.75
      vertex 269.482 0.0291643 0
      vertex 200 0.0291643 9.75
    endloop
  endfacet
  facet normal 0 -1 0
    outer loop
      vertex 208.667 0.0291643 9.75
      vertex 269.482 0.0291643 0
      vertex 223.667 0.0291643 9.75
    endloop
  endfacet
  facet normal 0 -1 0
    outer loop
      vertex 223.667 0.0291643 9.75
      vertex 269.482 0.0291643 0
      vertex 249 0.0291643 9.75
    endloop
  endfacet
  facet normal 0 -1 0
    outer loop
      vertex 200 0.0291643 9.75
      vertex 269.482 0.0291643 0
      vertex 208.667 0.0291643 9.75
    endloop
  endfacet
  facet normal 0 -1 0
    outer loop
      vertex 144.5 0.0291643 7
      vertex 161.333 0.0291643 9.75
      vertex 144.5 0.0291643 14
    endloop
  endfacet
  facet normal 0 -1 0
    outer loop
      vertex 4.48215 0.0291643 17
      vertex 128.5 0.0291643 16.2718
      vertex 269.482 0.0291643 17
    endloop
  endfacet
  facet normal 0 -1 0
    outer loop
      vertex 35.5 0.0291643 13.5
      vertex 128.5 0.0291643 16.2718
      vertex 4.48215 0.0291643 17
    endloop
  endfacet
  facet normal 0 -1 0
    outer loop
      vertex 128.5 0.0291643 15.9708
      vertex 128.5 0.0291643 14
      vertex 144.5 0.0291643 15.9708
    endloop
  endfacet
  facet normal 0 -1 0
    outer loop
      vertex 69 0.0291643 11.25
      vertex 128.5 0.0291643 16.2718
      vertex 35.5 0.0291643 13.5
    endloop
  endfacet
  facet normal 0 -1 0
    outer loop
      vertex 35.5 0.0291643 13.5
      vertex 4.48215 0.0291643 17
      vertex 22.5 0.0291643 13.5
    endloop
  endfacet
  facet normal 0 -1 0
    outer loop
      vertex 17.5 0.0291643 11.25
      vertex 4.48215 0.0291643 17
      vertex 4.5 0.0291643 11.25
    endloop
  endfacet
  facet normal 0 -1 0
    outer loop
      vertex 4.48215 0.0291643 17
      vertex 4.5 0.0291643 9.75
      vertex 4.5 0.0291643 11.25
    endloop
  endfacet
  facet normal 0 -1 0
    outer loop
      vertex 4.48215 0.0291643 0
      vertex 17.5 0.0291643 9.75
      vertex 4.5 0.0291643 9.75
    endloop
  endfacet
  facet normal 0 -1 -0
    outer loop
      vertex 17.5 0.0291643 9.75
      vertex 4.48215 0.0291643 0
      vertex 43.3333 0.0291643 9.75
    endloop
  endfacet
  facet normal 0 -1 -0
    outer loop
      vertex 43.3333 0.0291643 9.75
      vertex 4.48215 0.0291643 0
      vertex 58.3333 0.0291643 9.75
    endloop
  endfacet
  facet normal 0 -1 -0
    outer loop
      vertex 58.3333 0.0291643 9.75
      vertex 4.48215 0.0291643 0
      vertex 69 0.0291643 9.75
    endloop
  endfacet
  facet normal 0 -1 -0
    outer loop
      vertex 69 0.0291643 9.75
      vertex 4.48215 0.0291643 0
      vertex 84 0.0291643 9.75
    endloop
  endfacet
  facet normal -0 -1 0
    outer loop
      vertex 128.5 0.0291643 7
      vertex 84 0.0291643 9.75
      vertex 4.48215 0.0291643 0
    endloop
  endfacet
  facet normal 0 -1 0
    outer loop
      vertex 84 0.0291643 9.75
      vertex 128.5 0.0291643 7
      vertex 94.6667 0.0291643 9.75
    endloop
  endfacet
  facet normal 0 -1 -0
    outer loop
      vertex 128.5 0.0291643 7
      vertex 4.48215 0.0291643 0
      vertex 144.5 0.0291643 7
    endloop
  endfacet
  facet normal 0 -1 0
    outer loop
      vertex 94.6667 0.0291643 9.75
      vertex 128.5 0.0291643 7
      vertex 109.667 0.0291643 9.75
    endloop
  endfacet
  facet normal 0 -1 0
    outer loop
      vertex 4.48215 0.0291643 0
      vertex 4.5 0.0291643 9.75
      vertex 4.48215 0.0291643 17
    endloop
  endfacet
  facet normal 0 -1 0
    outer loop
      vertex 144.5 0.0291643 16.2718
      vertex 269.482 0.0291643 17
      vertex 128.5 0.0291643 16.2718
    endloop
  endfacet
  facet normal 0 -1 0
    outer loop
      vertex 200 0.0291643 11.25
      vertex 144.5 0.0291643 16.2718
      vertex 144.5 0.0291643 15.9708
    endloop
  endfacet
  facet normal 0 -1 0
    outer loop
      vertex 144.5 0.0291643 14
      vertex 144.5 0.0291643 15.9708
      vertex 128.5 0.0291643 14
    endloop
  endfacet
  facet normal 0 -1 0
    outer loop
      vertex 200 0.0291643 11.25
      vertex 144.5 0.0291643 15.9708
      vertex 144.5 0.0291643 14
    endloop
  endfacet
  facet normal 0 -1 0
    outer loop
      vertex 144.5 0.0291643 16.2718
      vertex 235 0.0291643 13
      vertex 269.482 0.0291643 17
    endloop
  endfacet
  facet normal 0 -1 0
    outer loop
      vertex 243 0.0291643 13
      vertex 269.482 0.0291643 17
      vertex 235 0.0291643 13
    endloop
  endfacet
  facet normal 0 -1 0
    outer loop
      vertex 249 0.0291643 11.25
      vertex 243 0.0291643 13
      vertex 243 0.0291643 11.5
    endloop
  endfacet
  facet normal 0 -1 0
    outer loop
      vertex 200 0.0291643 11.25
      vertex 144.5 0.0291643 14
      vertex 185 0.0291643 11.25
    endloop
  endfacet
  facet normal 0 -1 0
    outer loop
      vertex 235 0.0291643 13
      vertex 200 0.0291643 11.25
      vertex 208.667 0.0291643 11.25
    endloop
  endfacet
  facet normal 0 -1 0
    outer loop
      vertex 223.667 0.0291643 11.25
      vertex 235 0.0291643 13
      vertex 208.667 0.0291643 11.25
    endloop
  endfacet
  facet normal 0 -1 -0
    outer loop
      vertex 235 0.0291643 13
      vertex 223.667 0.0291643 11.25
      vertex 235 0.0291643 11.5
    endloop
  endfacet
  facet normal 0 -1 0
    outer loop
      vertex 223.667 0.0291643 9.75
      vertex 235 0.0291643 11.5
      vertex 223.667 0.0291643 11.25
    endloop
  endfacet
  facet normal 0 -1 0
    outer loop
      vertex 249 0.0291643 9.75
      vertex 235 0.0291643 11.5
      vertex 223.667 0.0291643 9.75
    endloop
  endfacet
  facet normal 0 -1 0
    outer loop
      vertex 243 0.0291643 13
      vertex 249 0.0291643 11.25
      vertex 269.482 0.0291643 17
    endloop
  endfacet
  facet normal 0 -1 0
    outer loop
      vertex 264 0.0291643 11.25
      vertex 269.482 0.0291643 17
      vertex 249 0.0291643 11.25
    endloop
  endfacet
  facet normal 0 -1 0
    outer loop
      vertex 264 0.0291643 9.75
      vertex 269.482 0.0291643 17
      vertex 264 0.0291643 11.25
    endloop
  endfacet
  facet normal 0 -1 0
    outer loop
      vertex 269.482 0.0291643 0
      vertex 144.5 0.0291643 7
      vertex 4.48215 0.0291643 0
    endloop
  endfacet
  facet normal 0 -1 0
    outer loop
      vertex 264 0.0291643 9.75
      vertex 269.482 0.0291643 0
      vertex 269.482 0.0291643 17
    endloop
  endfacet
  facet normal 0 -1 0
    outer loop
      vertex 249 0.0291643 9.75
      vertex 269.482 0.0291643 0
      vertex 264 0.0291643 9.75
    endloop
  endfacet
  facet normal 0 -1 0
    outer loop
      vertex 84 0.0291643 11.25
      vertex 128.5 0.0291643 16.2718
      vertex 69 0.0291643 11.25
    endloop
  endfacet
  facet normal 0 -1 0
    outer loop
      vertex 58.3333 0.0291643 11.25
      vertex 35.5 0.0291643 13.5
      vertex 43.3333 0.0291643 11.25
    endloop
  endfacet
  facet normal 0 -1 0
    outer loop
      vertex 69 0.0291643 11.25
      vertex 35.5 0.0291643 13.5
      vertex 58.3333 0.0291643 11.25
    endloop
  endfacet
  facet normal 0 -1 0
    outer loop
      vertex 94.6667 0.0291643 11.25
      vertex 128.5 0.0291643 16.2718
      vertex 84 0.0291643 11.25
    endloop
  endfacet
  facet normal 0 -1 0
    outer loop
      vertex 109.667 0.0291643 11.25
      vertex 128.5 0.0291643 16.2718
      vertex 94.6667 0.0291643 11.25
    endloop
  endfacet
  facet normal 0 -1 -0
    outer loop
      vertex 128.5 0.0291643 16.2718
      vertex 109.667 0.0291643 11.25
      vertex 128.5 0.0291643 15.9708
    endloop
  endfacet
  facet normal 0 -1 -0
    outer loop
      vertex 128.5 0.0291643 15.9708
      vertex 109.667 0.0291643 11.25
      vertex 128.5 0.0291643 14
    endloop
  endfacet
  facet normal 0 -1 0
    outer loop
      vertex 109.667 0.0291643 9.75
      vertex 128.5 0.0291643 14
      vertex 109.667 0.0291643 11.25
    endloop
  endfacet
  facet normal 0 -1 -0
    outer loop
      vertex 128.5 0.0291643 14
      vertex 109.667 0.0291643 9.75
      vertex 128.5 0.0291643 7
    endloop
  endfacet
  facet normal 0 -1 0
    outer loop
      vertex 84 0.0291643 9.75
      vertex 94.6667 0.0291643 11.25
      vertex 84 0.0291643 11.25
    endloop
  endfacet
  facet normal 0 -1 -0
    outer loop
      vertex 94.6667 0.0291643 11.25
      vertex 84 0.0291643 9.75
      vertex 94.6667 0.0291643 9.75
    endloop
  endfacet
  facet normal 0 -1 0
    outer loop
      vertex 58.3333 0.0291643 9.75
      vertex 69 0.0291643 11.25
      vertex 58.3333 0.0291643 11.25
    endloop
  endfacet
  facet normal 0 -1 -0
    outer loop
      vertex 69 0.0291643 11.25
      vertex 58.3333 0.0291643 9.75
      vertex 69 0.0291643 9.75
    endloop
  endfacet
  facet normal 0 -1 0
    outer loop
      vertex 35.5 0.0291643 11
      vertex 43.3333 0.0291643 11.25
      vertex 35.5 0.0291643 13.5
    endloop
  endfacet
  facet normal 0 -1 0
    outer loop
      vertex 43.3333 0.0291643 9.75
      vertex 35.5 0.0291643 11
      vertex 17.5 0.0291643 9.75
    endloop
  endfacet
  facet normal 0 -1 0
    outer loop
      vertex 35.5 0.0291643 11
      vertex 43.3333 0.0291643 9.75
      vertex 43.3333 0.0291643 11.25
    endloop
  endfacet
  facet normal 0 -1 0
    outer loop
      vertex 4.48215 0.0291643 17
      vertex 17.5 0.0291643 11.25
      vertex 22.5 0.0291643 13.5
    endloop
  endfacet
  facet normal 0 -1 0
    outer loop
      vertex 17.5 0.0291643 11.25
      vertex 22.5 0.0291643 11
      vertex 22.5 0.0291643 13.5
    endloop
  endfacet
  facet normal 0 -1 -0
    outer loop
      vertex 22.5 0.0291643 11
      vertex 17.5 0.0291643 9.75
      vertex 35.5 0.0291643 11
    endloop
  endfacet
  facet normal 0 -1 0
    outer loop
      vertex 17.5 0.0291643 9.75
      vertex 22.5 0.0291643 11
      vertex 17.5 0.0291643 11.25
    endloop
  endfacet
  facet normal -0.885452 0.464731 0
    outer loop
      vertex 0.116232 69.9573 0
      vertex 1.00596 71.6525 17
      vertex 1.00596 71.6525 0
    endloop
  endfacet
  facet normal -0.885452 0.464731 0
    outer loop
      vertex 1.00596 71.6525 17
      vertex 0.116232 69.9573 0
      vertex 0.116232 69.9573 17
    endloop
  endfacet
  facet normal 0.354624 -0.935009 0
    outer loop
      vertex 269.482 0.0291643 0
      vertex 271.272 0.708064 17
      vertex 269.482 0.0291643 17
    endloop
  endfacet
  facet normal 0.354624 -0.935009 0
    outer loop
      vertex 271.272 0.708064 17
      vertex 269.482 0.0291643 0
      vertex 271.272 0.708064 0
    endloop
  endfacet
  facet normal 0 0 -1
    outer loop
      vertex 265 4 0
      vertex 273 4 0
      vertex 272.542 2.14111 0
    endloop
  endfacet
  facet normal 0 0 -1
    outer loop
      vertex 273 4 0
      vertex 265 65 0
      vertex 273 69 0
    endloop
  endfacet
  facet normal 0 0 -1
    outer loop
      vertex 265 4 0
      vertex 272.542 2.14111 0
      vertex 271.272 0.708064 0
    endloop
  endfacet
  facet normal 0 -0 -1
    outer loop
      vertex 269.482 72.9708 0
      vertex 273 69 0
      vertex 265 65 0
    endloop
  endfacet
  facet normal 0 0 -1
    outer loop
      vertex 265 4 0
      vertex 271.272 0.708064 0
      vertex 269.482 0.0291643 0
    endloop
  endfacet
  facet normal 0 0 -1
    outer loop
      vertex 273 69 0
      vertex 269.482 72.9708 0
      vertex 272.542 70.8589 0
    endloop
  endfacet
  facet normal 0 0 -1
    outer loop
      vertex 273 4 0
      vertex 265 4 0
      vertex 265 65 0
    endloop
  endfacet
  facet normal 0 0 -1
    outer loop
      vertex 4.48215 0.0291643 0
      vertex 265 4 0
      vertex 269.482 0.0291643 0
    endloop
  endfacet
  facet normal 0 0 -1
    outer loop
      vertex 4.48215 0.0291643 0
      vertex 4 4 0
      vertex 265 4 0
    endloop
  endfacet
  facet normal 0 0 -1
    outer loop
      vertex 1.00596 1.34751 0
      vertex 4 4 0
      vertex 2.58158 0.259934 0
    endloop
  endfacet
  facet normal 0 0 -1
    outer loop
      vertex 2.58158 0.259934 0
      vertex 4 4 0
      vertex 4.48215 0.0291643 0
    endloop
  endfacet
  facet normal 0 0 -1
    outer loop
      vertex 272.542 70.8589 0
      vertex 269.482 72.9708 0
      vertex 271.272 72.2919 0
    endloop
  endfacet
  facet normal 0 0 -1
    outer loop
      vertex 265 65 0
      vertex 4.48215 72.9708 0
      vertex 269.482 72.9708 0
    endloop
  endfacet
  facet normal 0 0 -1
    outer loop
      vertex 4 65 0
      vertex 4.48215 72.9708 0
      vertex 265 65 0
    endloop
  endfacet
  facet normal 0 0 -1
    outer loop
      vertex 4 65 0
      vertex 2.58158 72.7401 0
      vertex 4.48215 72.9708 0
    endloop
  endfacet
  facet normal -0 0 -1
    outer loop
      vertex 4 4 0
      vertex 0.116232 3.04274 0
      vertex 4 65 0
    endloop
  endfacet
  facet normal 0 0 -1
    outer loop
      vertex 4 4 0
      vertex 1.00596 1.34751 0
      vertex 0.116232 3.04274 0
    endloop
  endfacet
  facet normal 0 0 -1
    outer loop
      vertex 0.116232 69.9573 0
      vertex 4 65 0
      vertex 0.116232 3.04274 0
    endloop
  endfacet
  facet normal 0 0 -1
    outer loop
      vertex 4 65 0
      vertex 0.116232 69.9573 0
      vertex 2.58158 72.7401 0
    endloop
  endfacet
  facet normal 0 0 -1
    outer loop
      vertex 2.58158 72.7401 0
      vertex 0.116232 69.9573 0
      vertex 1.00596 71.6525 0
    endloop
  endfacet
  facet normal 0.970963 0.239228 0
    outer loop
      vertex 273 69 17
      vertex 272.542 70.8589 0
      vertex 272.542 70.8589 17
    endloop
  endfacet
  facet normal 0.970963 0.239228 0
    outer loop
      vertex 272.542 70.8589 0
      vertex 273 69 17
      vertex 273 69 0
    endloop
  endfacet
  facet normal -0 0 1
    outer loop
      vertex 7 6.5 17
      vertex 7.9 5.58416 17
      vertex 7.9 6.5 17
    endloop
  endfacet
  facet normal 0 0 1
    outer loop
      vertex 7.9 5.58416 17
      vertex 6.1 5.58416 17
      vertex 7.9 3.13313 17
    endloop
  endfacet
  facet normal 0 0 1
    outer loop
      vertex 7.9 5.58416 17
      vertex 7 6.5 17
      vertex 6.1 5.58416 17
    endloop
  endfacet
  facet normal 0 0 1
    outer loop
      vertex 8.3 6.5 17
      vertex 10.5 6.5 17
      vertex 10.4327 7.18282 17
    endloop
  endfacet
  facet normal 0 0 1
    outer loop
      vertex 8.23637 6.90172 17
      vertex 10.4327 7.18282 17
      vertex 10.2336 7.83939 17
    endloop
  endfacet
  facet normal 0 0 1
    outer loop
      vertex 10.5 6.5 17
      vertex 8.3 6.5 17
      vertex 10.4327 5.81718 17
    endloop
  endfacet
  facet normal 0 0 1
    outer loop
      vertex 8.05172 7.26412 17
      vertex 10.2336 7.83939 17
      vertex 9.91014 8.4445 17
    endloop
  endfacet
  facet normal -0 0 1
    outer loop
      vertex 8.23637 6.09828 17
      vertex 10.4327 5.81718 17
      vertex 8.3 6.5 17
    endloop
  endfacet
  facet normal 0 0 1
    outer loop
      vertex 8.05172 7.26412 17
      vertex 9.91014 8.4445 17
      vertex 9.47487 8.97487 17
    endloop
  endfacet
  facet normal 0 0 1
    outer loop
      vertex 10.4327 5.81718 17
      vertex 8.23637 6.09828 17
      vertex 10.2336 5.16061 17
    endloop
  endfacet
  facet normal 0 0 1
    outer loop
      vertex 7.76412 7.55172 17
      vertex 9.47487 8.97487 17
      vertex 8.9445 9.41014 17
    endloop
  endfacet
  facet normal -0 0 1
    outer loop
      vertex 8.05172 5.73588 17
      vertex 10.2336 5.16061 17
      vertex 8.23637 6.09828 17
    endloop
  endfacet
  facet normal 0 0 1
    outer loop
      vertex 7.76412 7.55172 17
      vertex 8.9445 9.41014 17
      vertex 8.33939 9.73358 17
    endloop
  endfacet
  facet normal 0 0 1
    outer loop
      vertex 10.2336 5.16061 17
      vertex 8.05172 5.73588 17
      vertex 9.91014 4.5555 17
    endloop
  endfacet
  facet normal 0 0 1
    outer loop
      vertex 9.91014 4.5555 17
      vertex 8.05172 5.73588 17
      vertex 9.47487 4.02513 17
    endloop
  endfacet
  facet normal 0 0 1
    outer loop
      vertex 10.4327 7.18282 17
      vertex 8.23637 6.90172 17
      vertex 8.3 6.5 17
    endloop
  endfacet
  facet normal 0 0 1
    outer loop
      vertex 10.2336 7.83939 17
      vertex 8.05172 7.26412 17
      vertex 8.23637 6.90172 17
    endloop
  endfacet
  facet normal 0 0 1
    outer loop
      vertex 9.47487 8.97487 17
      vertex 7.76412 7.55172 17
      vertex 8.05172 7.26412 17
    endloop
  endfacet
  facet normal 0 0 1
    outer loop
      vertex 7.40172 7.73637 17
      vertex 8.33939 9.73358 17
      vertex 7.68282 9.93275 17
    endloop
  endfacet
  facet normal 0 0 1
    outer loop
      vertex 8.33939 9.73358 17
      vertex 7.40172 7.73637 17
      vertex 7.76412 7.55172 17
    endloop
  endfacet
  facet normal 0 0 1
    outer loop
      vertex 7 7.8 17
      vertex 7.68282 9.93275 17
      vertex 7 10 17
    endloop
  endfacet
  facet normal 0 0 1
    outer loop
      vertex 7.68282 9.93275 17
      vertex 7 7.8 17
      vertex 7.40172 7.73637 17
    endloop
  endfacet
  facet normal -0 0 1
    outer loop
      vertex 6.31718 9.93275 17
      vertex 7 7.8 17
      vertex 7 10 17
    endloop
  endfacet
  facet normal 0 0 1
    outer loop
      vertex 7 7.8 17
      vertex 6.31718 9.93275 17
      vertex 6.59828 7.73637 17
    endloop
  endfacet
  facet normal -0 0 1
    outer loop
      vertex 5.66061 9.73358 17
      vertex 6.59828 7.73637 17
      vertex 6.31718 9.93275 17
    endloop
  endfacet
  facet normal 0 0 1
    outer loop
      vertex 6.59828 7.73637 17
      vertex 5.66061 9.73358 17
      vertex 6.23588 7.55172 17
    endloop
  endfacet
  facet normal -0 0 1
    outer loop
      vertex 5.0555 9.41014 17
      vertex 6.23588 7.55172 17
      vertex 5.66061 9.73358 17
    endloop
  endfacet
  facet normal -0 0 1
    outer loop
      vertex 7.9 5.58416 17
      vertex 9.47487 4.02513 17
      vertex 8.05172 5.73588 17
    endloop
  endfacet
  facet normal 0 0 1
    outer loop
      vertex 9.47487 4.02513 17
      vertex 7.9 5.58416 17
      vertex 8.9445 3.58986 17
    endloop
  endfacet
  facet normal 0 0 1
    outer loop
      vertex 8.9445 3.58986 17
      vertex 7.9 5.58416 17
      vertex 8.33939 3.26642 17
    endloop
  endfacet
  facet normal 0 0 1
    outer loop
      vertex 8.33939 3.26642 17
      vertex 7.9 5.58416 17
      vertex 7.9 3.13313 17
    endloop
  endfacet
  facet normal 0 0 1
    outer loop
      vertex 128.5 2 17
      vertex 7.9 2 17
      vertex 128.5 0.75736 17
    endloop
  endfacet
  facet normal 0 0 1
    outer loop
      vertex 8.3 66.5 17
      vertex 10.5 66.5 17
      vertex 10.4327 67.1828 17
    endloop
  endfacet
  facet normal 0 0 1
    outer loop
      vertex 8.23637 66.9017 17
      vertex 10.4327 67.1828 17
      vertex 10.2336 67.8394 17
    endloop
  endfacet
  facet normal 0 0 1
    outer loop
      vertex 10.5 66.5 17
      vertex 8.3 66.5 17
      vertex 10.4327 65.8172 17
    endloop
  endfacet
  facet normal 0 0 1
    outer loop
      vertex 8.05172 67.2641 17
      vertex 10.2336 67.8394 17
      vertex 9.91014 68.4445 17
    endloop
  endfacet
  facet normal -0 0 1
    outer loop
      vertex 8.23637 66.0983 17
      vertex 10.4327 65.8172 17
      vertex 8.3 66.5 17
    endloop
  endfacet
  facet normal 0 0 1
    outer loop
      vertex 8.05172 67.2641 17
      vertex 9.91014 68.4445 17
      vertex 9.47487 68.9749 17
    endloop
  endfacet
  facet normal 0 0 1
    outer loop
      vertex 10.4327 65.8172 17
      vertex 8.23637 66.0983 17
      vertex 10.2336 65.1606 17
    endloop
  endfacet
  facet normal 0 0 1
    outer loop
      vertex 7.9 67.4158 17
      vertex 9.47487 68.9749 17
      vertex 8.9445 69.4101 17
    endloop
  endfacet
  facet normal -0 0 1
    outer loop
      vertex 8.05172 65.7359 17
      vertex 10.2336 65.1606 17
      vertex 8.23637 66.0983 17
    endloop
  endfacet
  facet normal 0 0 1
    outer loop
      vertex 7.9 67.4158 17
      vertex 8.9445 69.4101 17
      vertex 8.33939 69.7336 17
    endloop
  endfacet
  facet normal 0 0 1
    outer loop
      vertex 10.2336 65.1606 17
      vertex 8.05172 65.7359 17
      vertex 9.91014 64.5555 17
    endloop
  endfacet
  facet normal 0 0 1
    outer loop
      vertex 9.91014 64.5555 17
      vertex 8.05172 65.7359 17
      vertex 9.47487 64.0251 17
    endloop
  endfacet
  facet normal 0 0 1
    outer loop
      vertex 10.4327 67.1828 17
      vertex 8.23637 66.9017 17
      vertex 8.3 66.5 17
    endloop
  endfacet
  facet normal 0 0 1
    outer loop
      vertex 10.2336 67.8394 17
      vertex 8.05172 67.2641 17
      vertex 8.23637 66.9017 17
    endloop
  endfacet
  facet normal 0 0 1
    outer loop
      vertex 7.9 67.4158 17
      vertex 8.33939 69.7336 17
      vertex 7.9 69.8669 17
    endloop
  endfacet
  facet normal 0 0 1
    outer loop
      vertex 9.47487 68.9749 17
      vertex 7.9 67.4158 17
      vertex 8.05172 67.2641 17
    endloop
  endfacet
  facet normal -0 0 1
    outer loop
      vertex 7.76412 65.4483 17
      vertex 9.47487 64.0251 17
      vertex 8.05172 65.7359 17
    endloop
  endfacet
  facet normal 0 0 1
    outer loop
      vertex 9.47487 64.0251 17
      vertex 7.76412 65.4483 17
      vertex 8.9445 63.5899 17
    endloop
  endfacet
  facet normal 0 0 1
    outer loop
      vertex 8.9445 63.5899 17
      vertex 7.76412 65.4483 17
      vertex 8.33939 63.2664 17
    endloop
  endfacet
  facet normal -0 0 1
    outer loop
      vertex 7.40172 65.2636 17
      vertex 8.33939 63.2664 17
      vertex 7.76412 65.4483 17
    endloop
  endfacet
  facet normal 0 0 1
    outer loop
      vertex 8.33939 63.2664 17
      vertex 7.40172 65.2636 17
      vertex 7.68282 63.0673 17
    endloop
  endfacet
  facet normal -0 0 1
    outer loop
      vertex 7 65.2 17
      vertex 7.68282 63.0673 17
      vertex 7.40172 65.2636 17
    endloop
  endfacet
  facet normal 0 0 1
    outer loop
      vertex 7 65.2 17
      vertex 7 63 17
      vertex 7.68282 63.0673 17
    endloop
  endfacet
  facet normal 0 0 1
    outer loop
      vertex 6.31718 63.0673 17
      vertex 7 65.2 17
      vertex 6.59828 65.2636 17
    endloop
  endfacet
  facet normal 0 0 1
    outer loop
      vertex 7 65.2 17
      vertex 6.31718 63.0673 17
      vertex 7 63 17
    endloop
  endfacet
  facet normal 0 0 1
    outer loop
      vertex 5.66061 63.2664 17
      vertex 6.59828 65.2636 17
      vertex 6.23588 65.4483 17
    endloop
  endfacet
  facet normal 0 0 1
    outer loop
      vertex 4.52513 64.0251 17
      vertex 6.23588 65.4483 17
      vertex 6.08416 65.6 17
    endloop
  endfacet
  facet normal -0 0 1
    outer loop
      vertex 4.52513 68.9749 17
      vertex 6.1 67.4158 17
      vertex 5.0555 69.4101 17
    endloop
  endfacet
  facet normal 0 0 1
    outer loop
      vertex 6.1 67.4158 17
      vertex 4.52513 68.9749 17
      vertex 6.08416 67.4 17
    endloop
  endfacet
  facet normal 0 0 1
    outer loop
      vertex 6.59828 65.2636 17
      vertex 5.66061 63.2664 17
      vertex 6.31718 63.0673 17
    endloop
  endfacet
  facet normal -0 0 1
    outer loop
      vertex 4.08986 68.4445 17
      vertex 6.08416 67.4 17
      vertex 4.52513 68.9749 17
    endloop
  endfacet
  facet normal 0 0 1
    outer loop
      vertex 6.23588 65.4483 17
      vertex 5.0555 63.5899 17
      vertex 5.66061 63.2664 17
    endloop
  endfacet
  facet normal -0 0 1
    outer loop
      vertex 3.76642 67.8394 17
      vertex 6.08416 67.4 17
      vertex 4.08986 68.4445 17
    endloop
  endfacet
  facet normal 0 0 1
    outer loop
      vertex 3.63313 65.6 17
      vertex 6.08416 65.6 17
      vertex 3.63313 67.4 17
    endloop
  endfacet
  facet normal 0 0 1
    outer loop
      vertex 3.63313 67.4 17
      vertex 6.08416 67.4 17
      vertex 3.76642 67.8394 17
    endloop
  endfacet
  facet normal 0 -0 1
    outer loop
      vertex 3.76642 65.1606 17
      vertex 6.08416 65.6 17
      vertex 3.63313 65.6 17
    endloop
  endfacet
  facet normal 0 0 1
    outer loop
      vertex 6.08416 67.4 17
      vertex 3.63313 67.4 17
      vertex 6.08416 65.6 17
    endloop
  endfacet
  facet normal 0 0 1
    outer loop
      vertex 6.23588 65.4483 17
      vertex 4.52513 64.0251 17
      vertex 5.0555 63.5899 17
    endloop
  endfacet
  facet normal 0 0 1
    outer loop
      vertex 6.08416 65.6 17
      vertex 3.76642 65.1606 17
      vertex 4.08986 64.5555 17
    endloop
  endfacet
  facet normal 0 0 1
    outer loop
      vertex 6.08416 65.6 17
      vertex 4.08986 64.5555 17
      vertex 4.52513 64.0251 17
    endloop
  endfacet
  facet normal -0 0 1
    outer loop
      vertex 2 67.4 17
      vertex 3.63313 65.6 17
      vertex 3.63313 67.4 17
    endloop
  endfacet
  facet normal 0 0 1
    outer loop
      vertex 3.63313 65.6 17
      vertex 2 67.4 17
      vertex 2 65.6 17
    endloop
  endfacet
  facet normal 0 0 1
    outer loop
      vertex 4.52513 4.02513 17
      vertex 6.1 5.58416 17
      vertex 6.08416 5.6 17
    endloop
  endfacet
  facet normal -0 0 1
    outer loop
      vertex 4.52513 8.97487 17
      vertex 6.23588 7.55172 17
      vertex 5.0555 9.41014 17
    endloop
  endfacet
  facet normal 0 0 1
    outer loop
      vertex 6.23588 7.55172 17
      vertex 4.52513 8.97487 17
      vertex 6.08416 7.4 17
    endloop
  endfacet
  facet normal -0 0 1
    outer loop
      vertex 4.08986 8.4445 17
      vertex 6.08416 7.4 17
      vertex 4.52513 8.97487 17
    endloop
  endfacet
  facet normal 0 0 1
    outer loop
      vertex 3.63313 5.6 17
      vertex 6.08416 5.6 17
      vertex 3.63313 7.4 17
    endloop
  endfacet
  facet normal 0 0 1
    outer loop
      vertex 6.1 5.58416 17
      vertex 5.66061 3.26642 17
      vertex 6.1 3.13313 17
    endloop
  endfacet
  facet normal -0 0 1
    outer loop
      vertex 3.76642 7.83939 17
      vertex 6.08416 7.4 17
      vertex 4.08986 8.4445 17
    endloop
  endfacet
  facet normal 0 -0 1
    outer loop
      vertex 3.76642 5.16061 17
      vertex 6.08416 5.6 17
      vertex 3.63313 5.6 17
    endloop
  endfacet
  facet normal 0 0 1
    outer loop
      vertex 3.63313 7.4 17
      vertex 6.08416 7.4 17
      vertex 3.76642 7.83939 17
    endloop
  endfacet
  facet normal 0 0 1
    outer loop
      vertex 6.1 5.58416 17
      vertex 5.0555 3.58986 17
      vertex 5.66061 3.26642 17
    endloop
  endfacet
  facet normal 0 0 1
    outer loop
      vertex 6.08416 7.4 17
      vertex 3.63313 7.4 17
      vertex 6.08416 5.6 17
    endloop
  endfacet
  facet normal 0 0 1
    outer loop
      vertex 6.1 5.58416 17
      vertex 4.52513 4.02513 17
      vertex 5.0555 3.58986 17
    endloop
  endfacet
  facet normal 0 0 1
    outer loop
      vertex 6.08416 5.6 17
      vertex 3.76642 5.16061 17
      vertex 4.08986 4.5555 17
    endloop
  endfacet
  facet normal 0 0 1
    outer loop
      vertex 6.08416 5.6 17
      vertex 4.08986 4.5555 17
      vertex 4.52513 4.02513 17
    endloop
  endfacet
  facet normal -0 0 1
    outer loop
      vertex 2 7.4 17
      vertex 3.63313 5.6 17
      vertex 3.63313 7.4 17
    endloop
  endfacet
  facet normal 0 0 1
    outer loop
      vertex 3.63313 5.6 17
      vertex 2 7.4 17
      vertex 2 5.6 17
    endloop
  endfacet
  facet normal -0 0 1
    outer loop
      vertex 6.08416 7.4 17
      vertex 7 6.5 17
      vertex 7 7.4 17
    endloop
  endfacet
  facet normal 0 0 1
    outer loop
      vertex 7 6.5 17
      vertex 6.08416 7.4 17
      vertex 6.1 5.6 17
    endloop
  endfacet
  facet normal 0 0 1
    outer loop
      vertex 6.1 5.6 17
      vertex 6.08416 7.4 17
      vertex 6.08416 5.6 17
    endloop
  endfacet
  facet normal -0 0 1
    outer loop
      vertex 5.66061 69.7336 17
      vertex 6.1 67.4158 17
      vertex 6.1 69.8669 17
    endloop
  endfacet
  facet normal -0 0 1
    outer loop
      vertex 5.0555 69.4101 17
      vertex 6.1 67.4158 17
      vertex 5.66061 69.7336 17
    endloop
  endfacet
  facet normal 0 0 1
    outer loop
      vertex 7.9 67.4158 17
      vertex 6.1 67.4158 17
      vertex 7 66.5 17
    endloop
  endfacet
  facet normal -0 0 1
    outer loop
      vertex 6.1 67.4 17
      vertex 7 66.5 17
      vertex 6.1 67.4158 17
    endloop
  endfacet
  facet normal 0 0 1
    outer loop
      vertex 6.08416 65.6 17
      vertex 7 66.5 17
      vertex 6.1 67.4 17
    endloop
  endfacet
  facet normal 0 0 1
    outer loop
      vertex 7 66.5 17
      vertex 6.08416 65.6 17
      vertex 7 65.6 17
    endloop
  endfacet
  facet normal 0 0 1
    outer loop
      vertex 6.08416 65.6 17
      vertex 6.1 67.4 17
      vertex 6.08416 67.4 17
    endloop
  endfacet
  facet normal 0 0 1
    outer loop
      vertex 263.525 4.02513 17
      vertex 265.1 5.58416 17
      vertex 264.948 5.73588 17
    endloop
  endfacet
  facet normal 0 0 1
    outer loop
      vertex 262.766 5.16061 17
      vertex 264.948 5.73588 17
      vertex 264.764 6.09828 17
    endloop
  endfacet
  facet normal 0 0 1
    outer loop
      vertex 262.567 5.81718 17
      vertex 264.764 6.09828 17
      vertex 264.7 6.5 17
    endloop
  endfacet
  facet normal 0 0 1
    outer loop
      vertex 265.1 5.58416 17
      vertex 264.661 3.26642 17
      vertex 265.1 3.13313 17
    endloop
  endfacet
  facet normal -0 0 1
    outer loop
      vertex 263.09 8.4445 17
      vertex 264.948 7.26412 17
      vertex 263.525 8.97487 17
    endloop
  endfacet
  facet normal -0 0 1
    outer loop
      vertex 262.766 7.83939 17
      vertex 264.948 7.26412 17
      vertex 263.09 8.4445 17
    endloop
  endfacet
  facet normal 0 0 1
    outer loop
      vertex 265.1 5.58416 17
      vertex 264.056 3.58986 17
      vertex 264.661 3.26642 17
    endloop
  endfacet
  facet normal 0 0 1
    outer loop
      vertex 264.948 7.26412 17
      vertex 262.766 7.83939 17
      vertex 264.764 6.90172 17
    endloop
  endfacet
  facet normal 0 0 1
    outer loop
      vertex 265.1 5.58416 17
      vertex 263.525 4.02513 17
      vertex 264.056 3.58986 17
    endloop
  endfacet
  facet normal -0 0 1
    outer loop
      vertex 262.567 7.18282 17
      vertex 264.764 6.90172 17
      vertex 262.766 7.83939 17
    endloop
  endfacet
  facet normal 0 0 1
    outer loop
      vertex 264.948 5.73588 17
      vertex 263.09 4.5555 17
      vertex 263.525 4.02513 17
    endloop
  endfacet
  facet normal 0 0 1
    outer loop
      vertex 264.764 6.90172 17
      vertex 262.567 7.18282 17
      vertex 264.7 6.5 17
    endloop
  endfacet
  facet normal 0 0 1
    outer loop
      vertex 264.948 5.73588 17
      vertex 262.766 5.16061 17
      vertex 263.09 4.5555 17
    endloop
  endfacet
  facet normal 0 0 1
    outer loop
      vertex 262.5 6.5 17
      vertex 264.7 6.5 17
      vertex 262.567 7.18282 17
    endloop
  endfacet
  facet normal 0 0 1
    outer loop
      vertex 264.764 6.09828 17
      vertex 262.567 5.81718 17
      vertex 262.766 5.16061 17
    endloop
  endfacet
  facet normal 0 0 1
    outer loop
      vertex 264.7 6.5 17
      vertex 262.5 6.5 17
      vertex 262.567 5.81718 17
    endloop
  endfacet
  facet normal -0 0 1
    outer loop
      vertex 264.661 69.7336 17
      vertex 265.1 67.4158 17
      vertex 265.1 69.8669 17
    endloop
  endfacet
  facet normal -0 0 1
    outer loop
      vertex 264.056 69.4101 17
      vertex 265.1 67.4158 17
      vertex 264.661 69.7336 17
    endloop
  endfacet
  facet normal -0 0 1
    outer loop
      vertex 263.525 68.9749 17
      vertex 265.1 67.4158 17
      vertex 264.056 69.4101 17
    endloop
  endfacet
  facet normal 0 0 1
    outer loop
      vertex 265.1 67.4158 17
      vertex 263.525 68.9749 17
      vertex 264.948 67.2641 17
    endloop
  endfacet
  facet normal 0 0 1
    outer loop
      vertex 265.1 67.4158 17
      vertex 266.9 67.4158 17
      vertex 265.1 69.8669 17
    endloop
  endfacet
  facet normal 0 0 1
    outer loop
      vertex 266.9 67.4158 17
      vertex 265.1 67.4158 17
      vertex 266 66.5 17
    endloop
  endfacet
  facet normal 0 0 1
    outer loop
      vertex 266 66.5 17
      vertex 265.1 67.4158 17
      vertex 265.1 66.5 17
    endloop
  endfacet
  facet normal 0 0 1
    outer loop
      vertex 266.916 7.4 17
      vertex 266.9 5.6 17
      vertex 266.916 5.6 17
    endloop
  endfacet
  facet normal 0 0 1
    outer loop
      vertex 265.1 5.58416 17
      vertex 266.9 5.58416 17
      vertex 266.9 5.6 17
    endloop
  endfacet
  facet normal 0 0 1
    outer loop
      vertex 266.9 5.58416 17
      vertex 265.1 3.13313 17
      vertex 266.9 3.13313 17
    endloop
  endfacet
  facet normal 0 0 1
    outer loop
      vertex 266.916 7.4 17
      vertex 266 6.5 17
      vertex 266.9 5.6 17
    endloop
  endfacet
  facet normal 0 0 1
    outer loop
      vertex 266 6.5 17
      vertex 266.916 7.4 17
      vertex 266 7.4 17
    endloop
  endfacet
  facet normal -0 0 1
    outer loop
      vertex 266.9 67.4 17
      vertex 266.916 65.6 17
      vertex 266.916 67.4 17
    endloop
  endfacet
  facet normal -0 0 1
    outer loop
      vertex 266 66.5 17
      vertex 266.916 65.6 17
      vertex 266.9 67.4 17
    endloop
  endfacet
  facet normal 0 0 1
    outer loop
      vertex 266.916 65.6 17
      vertex 266 66.5 17
      vertex 266 65.6 17
    endloop
  endfacet
  facet normal -0 0 1
    outer loop
      vertex 269.367 7.4 17
      vertex 271 5.6 17
      vertex 271 7.4 17
    endloop
  endfacet
  facet normal 0 0 1
    outer loop
      vertex 269.367 7.4 17
      vertex 269.367 5.6 17
      vertex 271 5.6 17
    endloop
  endfacet
  facet normal 0 0 1
    outer loop
      vertex 266.916 7.4 17
      vertex 269.367 7.4 17
      vertex 269.234 7.83939 17
    endloop
  endfacet
  facet normal 0 0 1
    outer loop
      vertex 269.367 7.4 17
      vertex 266.916 7.4 17
      vertex 269.367 5.6 17
    endloop
  endfacet
  facet normal 0 0 1
    outer loop
      vertex 266.916 7.4 17
      vertex 269.234 7.83939 17
      vertex 268.91 8.4445 17
    endloop
  endfacet
  facet normal 0 0 1
    outer loop
      vertex 266.916 5.6 17
      vertex 269.367 5.6 17
      vertex 266.916 7.4 17
    endloop
  endfacet
  facet normal 0 0 1
    outer loop
      vertex 266.916 7.4 17
      vertex 268.91 8.4445 17
      vertex 268.475 8.97487 17
    endloop
  endfacet
  facet normal 0 0 1
    outer loop
      vertex 269.367 5.6 17
      vertex 266.916 5.6 17
      vertex 269.234 5.16061 17
    endloop
  endfacet
  facet normal 0 0 1
    outer loop
      vertex 266.764 7.55172 17
      vertex 268.475 8.97487 17
      vertex 267.944 9.41014 17
    endloop
  endfacet
  facet normal 0 0 1
    outer loop
      vertex 269.234 5.16061 17
      vertex 266.916 5.6 17
      vertex 268.91 4.5555 17
    endloop
  endfacet
  facet normal 0 0 1
    outer loop
      vertex 266.764 7.55172 17
      vertex 267.944 9.41014 17
      vertex 267.339 9.73358 17
    endloop
  endfacet
  facet normal 0 0 1
    outer loop
      vertex 268.91 4.5555 17
      vertex 266.916 5.6 17
      vertex 268.475 4.02513 17
    endloop
  endfacet
  facet normal -0 0 1
    outer loop
      vertex 266.9 5.58416 17
      vertex 268.475 4.02513 17
      vertex 266.916 5.6 17
    endloop
  endfacet
  facet normal 0 0 1
    outer loop
      vertex 268.475 8.97487 17
      vertex 266.764 7.55172 17
      vertex 266.916 7.4 17
    endloop
  endfacet
  facet normal 0 0 1
    outer loop
      vertex 266.402 7.73637 17
      vertex 267.339 9.73358 17
      vertex 266.683 9.93275 17
    endloop
  endfacet
  facet normal 0 0 1
    outer loop
      vertex 267.339 9.73358 17
      vertex 266.402 7.73637 17
      vertex 266.764 7.55172 17
    endloop
  endfacet
  facet normal 0 0 1
    outer loop
      vertex 266 7.8 17
      vertex 266.683 9.93275 17
      vertex 266 10 17
    endloop
  endfacet
  facet normal 0 0 1
    outer loop
      vertex 266.683 9.93275 17
      vertex 266 7.8 17
      vertex 266.402 7.73637 17
    endloop
  endfacet
  facet normal -0 0 1
    outer loop
      vertex 265.317 9.93275 17
      vertex 266 7.8 17
      vertex 266 10 17
    endloop
  endfacet
  facet normal 0 0 1
    outer loop
      vertex 266 7.8 17
      vertex 265.317 9.93275 17
      vertex 265.598 7.73637 17
    endloop
  endfacet
  facet normal -0 0 1
    outer loop
      vertex 264.661 9.73358 17
      vertex 265.598 7.73637 17
      vertex 265.317 9.93275 17
    endloop
  endfacet
  facet normal 0 0 1
    outer loop
      vertex 265.598 7.73637 17
      vertex 264.661 9.73358 17
      vertex 265.236 7.55172 17
    endloop
  endfacet
  facet normal -0 0 1
    outer loop
      vertex 264.056 9.41014 17
      vertex 265.236 7.55172 17
      vertex 264.661 9.73358 17
    endloop
  endfacet
  facet normal 0 0 1
    outer loop
      vertex 265.236 7.55172 17
      vertex 263.525 8.97487 17
      vertex 264.948 7.26412 17
    endloop
  endfacet
  facet normal -0 0 1
    outer loop
      vertex 263.525 8.97487 17
      vertex 265.236 7.55172 17
      vertex 264.056 9.41014 17
    endloop
  endfacet
  facet normal -0 0 1
    outer loop
      vertex 269.367 67.4 17
      vertex 271 65.6 17
      vertex 271 67.4 17
    endloop
  endfacet
  facet normal 0 0 1
    outer loop
      vertex 269.367 67.4 17
      vertex 269.367 65.6 17
      vertex 271 65.6 17
    endloop
  endfacet
  facet normal 0 0 1
    outer loop
      vertex 266.916 67.4 17
      vertex 269.367 67.4 17
      vertex 269.234 67.8394 17
    endloop
  endfacet
  facet normal 0 0 1
    outer loop
      vertex 269.367 67.4 17
      vertex 266.916 67.4 17
      vertex 269.367 65.6 17
    endloop
  endfacet
  facet normal 0 0 1
    outer loop
      vertex 266.916 67.4 17
      vertex 269.234 67.8394 17
      vertex 268.91 68.4445 17
    endloop
  endfacet
  facet normal 0 0 1
    outer loop
      vertex 266.916 65.6 17
      vertex 269.367 65.6 17
      vertex 266.916 67.4 17
    endloop
  endfacet
  facet normal 0 0 1
    outer loop
      vertex 266.916 67.4 17
      vertex 268.91 68.4445 17
      vertex 268.475 68.9749 17
    endloop
  endfacet
  facet normal 0 0 1
    outer loop
      vertex 269.367 65.6 17
      vertex 266.916 65.6 17
      vertex 269.234 65.1606 17
    endloop
  endfacet
  facet normal 0 0 1
    outer loop
      vertex 266.9 67.4158 17
      vertex 268.475 68.9749 17
      vertex 267.944 69.4101 17
    endloop
  endfacet
  facet normal 0 0 1
    outer loop
      vertex 269.234 65.1606 17
      vertex 266.916 65.6 17
      vertex 268.91 64.5555 17
    endloop
  endfacet
  facet normal 0 0 1
    outer loop
      vertex 266.9 67.4158 17
      vertex 267.944 69.4101 17
      vertex 267.339 69.7336 17
    endloop
  endfacet
  facet normal 0 0 1
    outer loop
      vertex 268.91 64.5555 17
      vertex 266.916 65.6 17
      vertex 268.475 64.0251 17
    endloop
  endfacet
  facet normal -0 0 1
    outer loop
      vertex 266.764 65.4483 17
      vertex 268.475 64.0251 17
      vertex 266.916 65.6 17
    endloop
  endfacet
  facet normal 0 0 1
    outer loop
      vertex 266.9 67.4158 17
      vertex 267.339 69.7336 17
      vertex 266.9 69.8669 17
    endloop
  endfacet
  facet normal 0 0 1
    outer loop
      vertex 268.475 68.9749 17
      vertex 266.9 67.4158 17
      vertex 266.916 67.4 17
    endloop
  endfacet
  facet normal 0 0 1
    outer loop
      vertex 271 71 17
      vertex 273 69 17
      vertex 272.542 70.8589 17
    endloop
  endfacet
  facet normal 0 0 1
    outer loop
      vertex 273 69 17
      vertex 271 65.6 17
      vertex 273 4 17
    endloop
  endfacet
  facet normal -0 0 1
    outer loop
      vertex 271 71 17
      vertex 272.542 70.8589 17
      vertex 271.272 72.2919 17
    endloop
  endfacet
  facet normal -0 0 1
    outer loop
      vertex 271 7.4 17
      vertex 273 4 17
      vertex 271 65.6 17
    endloop
  endfacet
  facet normal 0 0 1
    outer loop
      vertex 273 69 17
      vertex 271 71 17
      vertex 271 67.4 17
    endloop
  endfacet
  facet normal 0 0 1
    outer loop
      vertex 269.482 72.9708 17
      vertex 271 71 17
      vertex 271.272 72.2919 17
    endloop
  endfacet
  facet normal 0 0 1
    outer loop
      vertex 269.482 72.9708 17
      vertex 266.9 71 17
      vertex 271 71 17
    endloop
  endfacet
  facet normal -0 0 1
    outer loop
      vertex 265.1 71 17
      vertex 266.9 69.8669 17
      vertex 266.9 71 17
    endloop
  endfacet
  facet normal 0 0 1
    outer loop
      vertex 265.1 69.8669 17
      vertex 266.9 69.8669 17
      vertex 265.1 71 17
    endloop
  endfacet
  facet normal 0 0 1
    outer loop
      vertex 266.9 69.8669 17
      vertex 265.1 69.8669 17
      vertex 266.9 67.4158 17
    endloop
  endfacet
  facet normal 0 0 1
    outer loop
      vertex 266.9 67.4158 17
      vertex 266 66.5 17
      vertex 266.9 67.4 17
    endloop
  endfacet
  facet normal 0 0 1
    outer loop
      vertex 269.482 72.9708 17
      vertex 265.1 71 17
      vertex 266.9 71 17
    endloop
  endfacet
  facet normal -0 0 1
    outer loop
      vertex 4.48215 72.9708 17
      vertex 265.1 71 17
      vertex 269.482 72.9708 17
    endloop
  endfacet
  facet normal -0 0 1
    outer loop
      vertex 6.1 71 17
      vertex 7.9 69.8669 17
      vertex 7.9 71 17
    endloop
  endfacet
  facet normal 0 0 1
    outer loop
      vertex 6.1 69.8669 17
      vertex 7.9 69.8669 17
      vertex 6.1 71 17
    endloop
  endfacet
  facet normal 0 0 1
    outer loop
      vertex 7.9 67.4158 17
      vertex 7 66.5 17
      vertex 7.9 66.5 17
    endloop
  endfacet
  facet normal 0 0 1
    outer loop
      vertex 6.1 67.4158 17
      vertex 7.9 67.4158 17
      vertex 6.1 69.8669 17
    endloop
  endfacet
  facet normal 0 0 1
    outer loop
      vertex 7.9 69.8669 17
      vertex 6.1 69.8669 17
      vertex 7.9 67.4158 17
    endloop
  endfacet
  facet normal 0 0 1
    outer loop
      vertex 265.1 71 17
      vertex 4.48215 72.9708 17
      vertex 7.9 71 17
    endloop
  endfacet
  facet normal 0 0 1
    outer loop
      vertex 7.9 71 17
      vertex 4.48215 72.9708 17
      vertex 6.1 71 17
    endloop
  endfacet
  facet normal 0 0 1
    outer loop
      vertex 2 71 17
      vertex 4.48215 72.9708 17
      vertex 2.58158 72.7401 17
    endloop
  endfacet
  facet normal 0 0 1
    outer loop
      vertex 4.48215 72.9708 17
      vertex 2 71 17
      vertex 6.1 71 17
    endloop
  endfacet
  facet normal -0 0 1
    outer loop
      vertex 0.116232 69.9573 17
      vertex 2 67.4 17
      vertex 2 71 17
    endloop
  endfacet
  facet normal 0 0 1
    outer loop
      vertex 2 67.4 17
      vertex 0.116232 69.9573 17
      vertex 2 65.6 17
    endloop
  endfacet
  facet normal 0 0 1
    outer loop
      vertex 2 65.6 17
      vertex 0.116232 69.9573 17
      vertex 2 7.4 17
    endloop
  endfacet
  facet normal 0 0 1
    outer loop
      vertex 0.116232 3.04274 17
      vertex 2 7.4 17
      vertex 0.116232 69.9573 17
    endloop
  endfacet
  facet normal 0 0 1
    outer loop
      vertex 0.116232 69.9573 17
      vertex 2 71 17
      vertex 1.00596 71.6525 17
    endloop
  endfacet
  facet normal -0 0 1
    outer loop
      vertex 1.00596 71.6525 17
      vertex 2 71 17
      vertex 2.58158 72.7401 17
    endloop
  endfacet
  facet normal 0 0 1
    outer loop
      vertex 273 69 17
      vertex 271 67.4 17
      vertex 271 65.6 17
    endloop
  endfacet
  facet normal -0 0 1
    outer loop
      vertex 271 5.6 17
      vertex 273 4 17
      vertex 271 7.4 17
    endloop
  endfacet
  facet normal 0 0 1
    outer loop
      vertex 271 2 17
      vertex 273 4 17
      vertex 271 5.6 17
    endloop
  endfacet
  facet normal 0 0 1
    outer loop
      vertex 273 4 17
      vertex 271 2 17
      vertex 272.542 2.14111 17
    endloop
  endfacet
  facet normal 0 0 1
    outer loop
      vertex 272.542 2.14111 17
      vertex 271 2 17
      vertex 271.272 0.708064 17
    endloop
  endfacet
  facet normal 0 0 1
    outer loop
      vertex 271 2 17
      vertex 269.482 0.0291643 17
      vertex 271.272 0.708064 17
    endloop
  endfacet
  facet normal -0 0 1
    outer loop
      vertex 266.9 2 17
      vertex 269.482 0.0291643 17
      vertex 271 2 17
    endloop
  endfacet
  facet normal 0 0 1
    outer loop
      vertex 265.1 5.58416 17
      vertex 266.9 5.6 17
      vertex 266 6.5 17
    endloop
  endfacet
  facet normal 0 0 1
    outer loop
      vertex 265.1 5.58416 17
      vertex 266 6.5 17
      vertex 265.1 6.5 17
    endloop
  endfacet
  facet normal 0 0 1
    outer loop
      vertex 266.9 5.58416 17
      vertex 265.1 5.58416 17
      vertex 265.1 3.13313 17
    endloop
  endfacet
  facet normal 0 0 1
    outer loop
      vertex 266.9 3.13313 17
      vertex 265.1 3.13313 17
      vertex 266.9 2 17
    endloop
  endfacet
  facet normal 0 0 1
    outer loop
      vertex 265.1 2 17
      vertex 266.9 2 17
      vertex 265.1 3.13313 17
    endloop
  endfacet
  facet normal 0 0 1
    outer loop
      vertex 266.9 2 17
      vertex 265.1 2 17
      vertex 269.482 0.0291643 17
    endloop
  endfacet
  facet normal 0 0 1
    outer loop
      vertex 144.5 0.75736 17
      vertex 265.1 2 17
      vertex 144.5 2 17
    endloop
  endfacet
  facet normal 0 0 1
    outer loop
      vertex 265.1 2 17
      vertex 144.5 0.75736 17
      vertex 269.482 0.0291643 17
    endloop
  endfacet
  facet normal -0 0 1
    outer loop
      vertex 128.5 0.75736 17
      vertex 269.482 0.0291643 17
      vertex 144.5 0.75736 17
    endloop
  endfacet
  facet normal 0 0 1
    outer loop
      vertex 6.1 5.58416 17
      vertex 7 6.5 17
      vertex 6.1 5.6 17
    endloop
  endfacet
  facet normal 0 0 1
    outer loop
      vertex 7.9 3.13313 17
      vertex 6.1 5.58416 17
      vertex 6.1 3.13313 17
    endloop
  endfacet
  facet normal 0 0 1
    outer loop
      vertex 7.9 3.13313 17
      vertex 6.1 3.13313 17
      vertex 7.9 2 17
    endloop
  endfacet
  facet normal 0 0 1
    outer loop
      vertex 6.1 2 17
      vertex 7.9 2 17
      vertex 6.1 3.13313 17
    endloop
  endfacet
  facet normal 0 0 1
    outer loop
      vertex 4.48215 0.0291643 17
      vertex 7.9 2 17
      vertex 6.1 2 17
    endloop
  endfacet
  facet normal 0 0 1
    outer loop
      vertex 128.5 0.75736 17
      vertex 4.48215 0.0291643 17
      vertex 269.482 0.0291643 17
    endloop
  endfacet
  facet normal 0 0 1
    outer loop
      vertex 7.9 2 17
      vertex 4.48215 0.0291643 17
      vertex 128.5 0.75736 17
    endloop
  endfacet
  facet normal -0 0 1
    outer loop
      vertex 2 2 17
      vertex 4.48215 0.0291643 17
      vertex 6.1 2 17
    endloop
  endfacet
  facet normal 0 0 1
    outer loop
      vertex 4.48215 0.0291643 17
      vertex 2 2 17
      vertex 2.58158 0.259934 17
    endloop
  endfacet
  facet normal 0 0 1
    outer loop
      vertex 2 2 17
      vertex 1.00596 1.34751 17
      vertex 2.58158 0.259934 17
    endloop
  endfacet
  facet normal 0 0 1
    outer loop
      vertex 2 7.4 17
      vertex 0.116232 3.04274 17
      vertex 2 5.6 17
    endloop
  endfacet
  facet normal 0 0 1
    outer loop
      vertex 2 5.6 17
      vertex 0.116232 3.04274 17
      vertex 2 2 17
    endloop
  endfacet
  facet normal 0 0 1
    outer loop
      vertex 2 2 17
      vertex 0.116232 3.04274 17
      vertex 1.00596 1.34751 17
    endloop
  endfacet
  facet normal 0 0 1
    outer loop
      vertex 268.475 64.0251 17
      vertex 266.764 65.4483 17
      vertex 267.944 63.5899 17
    endloop
  endfacet
  facet normal 0 0 1
    outer loop
      vertex 267.944 63.5899 17
      vertex 266.764 65.4483 17
      vertex 267.339 63.2664 17
    endloop
  endfacet
  facet normal -0 0 1
    outer loop
      vertex 266.402 65.2636 17
      vertex 267.339 63.2664 17
      vertex 266.764 65.4483 17
    endloop
  endfacet
  facet normal 0 0 1
    outer loop
      vertex 267.339 63.2664 17
      vertex 266.402 65.2636 17
      vertex 266.683 63.0673 17
    endloop
  endfacet
  facet normal -0 0 1
    outer loop
      vertex 266 65.2 17
      vertex 266.683 63.0673 17
      vertex 266.402 65.2636 17
    endloop
  endfacet
  facet normal 0 0 1
    outer loop
      vertex 266 65.2 17
      vertex 266 63 17
      vertex 266.683 63.0673 17
    endloop
  endfacet
  facet normal 0 0 1
    outer loop
      vertex 265.317 63.0673 17
      vertex 266 65.2 17
      vertex 265.598 65.2636 17
    endloop
  endfacet
  facet normal 0 0 1
    outer loop
      vertex 266 65.2 17
      vertex 265.317 63.0673 17
      vertex 266 63 17
    endloop
  endfacet
  facet normal 0 0 1
    outer loop
      vertex 264.661 63.2664 17
      vertex 265.598 65.2636 17
      vertex 265.236 65.4483 17
    endloop
  endfacet
  facet normal 0 0 1
    outer loop
      vertex 263.525 64.0251 17
      vertex 265.236 65.4483 17
      vertex 264.948 65.7359 17
    endloop
  endfacet
  facet normal 0 0 1
    outer loop
      vertex 262.766 65.1606 17
      vertex 264.948 65.7359 17
      vertex 264.764 66.0983 17
    endloop
  endfacet
  facet normal 0 0 1
    outer loop
      vertex 265.598 65.2636 17
      vertex 264.661 63.2664 17
      vertex 265.317 63.0673 17
    endloop
  endfacet
  facet normal 0 0 1
    outer loop
      vertex 262.567 65.8172 17
      vertex 264.764 66.0983 17
      vertex 264.7 66.5 17
    endloop
  endfacet
  facet normal -0 0 1
    outer loop
      vertex 263.09 68.4445 17
      vertex 264.948 67.2641 17
      vertex 263.525 68.9749 17
    endloop
  endfacet
  facet normal -0 0 1
    outer loop
      vertex 262.766 67.8394 17
      vertex 264.948 67.2641 17
      vertex 263.09 68.4445 17
    endloop
  endfacet
  facet normal 0 0 1
    outer loop
      vertex 265.236 65.4483 17
      vertex 264.056 63.5899 17
      vertex 264.661 63.2664 17
    endloop
  endfacet
  facet normal 0 0 1
    outer loop
      vertex 264.948 67.2641 17
      vertex 262.766 67.8394 17
      vertex 264.764 66.9017 17
    endloop
  endfacet
  facet normal 0 0 1
    outer loop
      vertex 265.236 65.4483 17
      vertex 263.525 64.0251 17
      vertex 264.056 63.5899 17
    endloop
  endfacet
  facet normal -0 0 1
    outer loop
      vertex 262.567 67.1828 17
      vertex 264.764 66.9017 17
      vertex 262.766 67.8394 17
    endloop
  endfacet
  facet normal 0 0 1
    outer loop
      vertex 264.948 65.7359 17
      vertex 263.09 64.5555 17
      vertex 263.525 64.0251 17
    endloop
  endfacet
  facet normal 0 0 1
    outer loop
      vertex 264.764 66.9017 17
      vertex 262.567 67.1828 17
      vertex 264.7 66.5 17
    endloop
  endfacet
  facet normal 0 0 1
    outer loop
      vertex 264.948 65.7359 17
      vertex 262.766 65.1606 17
      vertex 263.09 64.5555 17
    endloop
  endfacet
  facet normal 0 0 1
    outer loop
      vertex 262.5 66.5 17
      vertex 264.7 66.5 17
      vertex 262.567 67.1828 17
    endloop
  endfacet
  facet normal 0 0 1
    outer loop
      vertex 264.764 66.0983 17
      vertex 262.567 65.8172 17
      vertex 262.766 65.1606 17
    endloop
  endfacet
  facet normal 0 0 1
    outer loop
      vertex 264.7 66.5 17
      vertex 262.5 66.5 17
      vertex 262.567 65.8172 17
    endloop
  endfacet
  facet normal 0 0 1
    outer loop
      vertex 268.475 4.02513 17
      vertex 266.9 5.58416 17
      vertex 267.944 3.58986 17
    endloop
  endfacet
  facet normal 0 0 1
    outer loop
      vertex 267.944 3.58986 17
      vertex 266.9 5.58416 17
      vertex 267.339 3.26642 17
    endloop
  endfacet
  facet normal 0 0 1
    outer loop
      vertex 267.339 3.26642 17
      vertex 266.9 5.58416 17
      vertex 266.9 3.13313 17
    endloop
  endfacet
  facet normal 0.748399 -0.663249 0
    outer loop
      vertex 271.272 0.708064 17
      vertex 272.542 2.14111 0
      vertex 272.542 2.14111 17
    endloop
  endfacet
  facet normal 0.748399 -0.663249 0
    outer loop
      vertex 272.542 2.14111 0
      vertex 271.272 0.708064 17
      vertex 271.272 0.708064 0
    endloop
  endfacet
  facet normal 0.748388 0.663261 0
    outer loop
      vertex 272.542 70.8589 17
      vertex 271.272 72.2919 0
      vertex 271.272 72.2919 17
    endloop
  endfacet
  facet normal 0.748388 0.663261 0
    outer loop
      vertex 271.272 72.2919 0
      vertex 272.542 70.8589 17
      vertex 272.542 70.8589 0
    endloop
  endfacet
  facet normal -0.568066 -0.822983 0
    outer loop
      vertex 1.00596 1.34751 0
      vertex 2.58158 0.259934 17
      vertex 1.00596 1.34751 17
    endloop
  endfacet
  facet normal -0.568066 -0.822983 -0
    outer loop
      vertex 2.58158 0.259934 17
      vertex 1.00596 1.34751 0
      vertex 2.58158 0.259934 0
    endloop
  endfacet
  facet normal -1 0 0
    outer loop
      vertex 265 65 0
      vertex 265 63.1635 2
      vertex 265 65 2
    endloop
  endfacet
  facet normal -1 0 0
    outer loop
      vertex 265 65 0
      vertex 265 9.83653 2
      vertex 265 63.1635 2
    endloop
  endfacet
  facet normal -1 0 0
    outer loop
      vertex 265 4 0
      vertex 265 9.83653 2
      vertex 265 65 0
    endloop
  endfacet
  facet normal -1 -0 0
    outer loop
      vertex 265 9.83653 2
      vertex 265 4 0
      vertex 265 4 2
    endloop
  endfacet
  facet normal 0 0 -1
    outer loop
      vertex 9.47487 64.0251 2
      vertex 10.1477 65 2
      vertex 9.91014 64.5555 2
    endloop
  endfacet
  facet normal 0 0 -1
    outer loop
      vertex 8.9445 63.5899 2
      vertex 10.1477 65 2
      vertex 9.47487 64.0251 2
    endloop
  endfacet
  facet normal 0 0 -1
    outer loop
      vertex 8.33939 63.2664 2
      vertex 10.1477 65 2
      vertex 8.9445 63.5899 2
    endloop
  endfacet
  facet normal 0 0 -1
    outer loop
      vertex 4 65 2
      vertex 8.33939 63.2664 2
      vertex 7.68282 63.0673 2
    endloop
  endfacet
  facet normal 0 0 -1
    outer loop
      vertex 4 65 2
      vertex 7.68282 63.0673 2
      vertex 7 63 2
    endloop
  endfacet
  facet normal 0 0 -1
    outer loop
      vertex 4 65 2
      vertex 7 63 2
      vertex 6.31718 63.0673 2
    endloop
  endfacet
  facet normal 0 0 -1
    outer loop
      vertex 4 65 2
      vertex 6.31718 63.0673 2
      vertex 5.66061 63.2664 2
    endloop
  endfacet
  facet normal 0 0 -1
    outer loop
      vertex 4 65 2
      vertex 5.66061 63.2664 2
      vertex 5.0555 63.5899 2
    endloop
  endfacet
  facet normal 0 0 -1
    outer loop
      vertex 4 65 2
      vertex 5.0555 63.5899 2
      vertex 4.52513 64.0251 2
    endloop
  endfacet
  facet normal 0 0 -1
    outer loop
      vertex 4 65 2
      vertex 4.52513 64.0251 2
      vertex 4.08986 64.5555 2
    endloop
  endfacet
  facet normal 0 0 -1
    outer loop
      vertex 4 65 2
      vertex 4.08986 64.5555 2
      vertex 4 64.7236 2
    endloop
  endfacet
  facet normal 0 0 -1
    outer loop
      vertex 8.33939 63.2664 2
      vertex 4 65 2
      vertex 10.1477 65 2
    endloop
  endfacet
  facet normal 0 0 -1
    outer loop
      vertex 264.661 63.2664 2
      vertex 265 65 2
      vertex 265 63.1635 2
    endloop
  endfacet
  facet normal 0 0 -1
    outer loop
      vertex 264.056 63.5899 2
      vertex 265 65 2
      vertex 264.661 63.2664 2
    endloop
  endfacet
  facet normal 0 0 -1
    outer loop
      vertex 263.525 64.0251 2
      vertex 265 65 2
      vertex 264.056 63.5899 2
    endloop
  endfacet
  facet normal 0 0 -1
    outer loop
      vertex 263.09 64.5555 2
      vertex 265 65 2
      vertex 263.525 64.0251 2
    endloop
  endfacet
  facet normal -0 0 -1
    outer loop
      vertex 265 65 2
      vertex 263.09 64.5555 2
      vertex 262.852 65 2
    endloop
  endfacet
  facet normal 0 0 1
    outer loop
      vertex 4 4.72362 2
      vertex 3.76642 5.16061 2
      vertex 4 4 2
    endloop
  endfacet
  facet normal 0 0 1
    outer loop
      vertex 5.66061 3.26642 2
      vertex 6.1 2 2
      vertex 6.1 3.13313 2
    endloop
  endfacet
  facet normal 0 0 1
    outer loop
      vertex 5.0555 3.58986 2
      vertex 6.1 2 2
      vertex 5.66061 3.26642 2
    endloop
  endfacet
  facet normal -0 0 1
    outer loop
      vertex 4 4 2
      vertex 5.0555 3.58986 2
      vertex 4.55574 4 2
    endloop
  endfacet
  facet normal 0 0 1
    outer loop
      vertex 2 2 2
      vertex 5.0555 3.58986 2
      vertex 4 4 2
    endloop
  endfacet
  facet normal -0 0 1
    outer loop
      vertex 2 5.6 2
      vertex 3.76642 5.16061 2
      vertex 3.63313 5.6 2
    endloop
  endfacet
  facet normal 0 0 1
    outer loop
      vertex 3.76642 5.16061 2
      vertex 2 5.6 2
      vertex 4 4 2
    endloop
  endfacet
  facet normal 0 0 1
    outer loop
      vertex 2 2 2
      vertex 4 4 2
      vertex 2 5.6 2
    endloop
  endfacet
  facet normal 0 0 1
    outer loop
      vertex 5.0555 3.58986 2
      vertex 2 2 2
      vertex 6.1 2 2
    endloop
  endfacet
  facet normal 0 0 -1
    outer loop
      vertex 264.056 9.41014 2
      vertex 265 9.83653 2
      vertex 265 4 2
    endloop
  endfacet
  facet normal 0 0 -1
    outer loop
      vertex 265 9.83653 2
      vertex 264.056 9.41014 2
      vertex 264.661 9.73358 2
    endloop
  endfacet
  facet normal 0 0 -1
    outer loop
      vertex 263.525 4.02513 2
      vertex 265 4 2
      vertex 263.556 4 2
    endloop
  endfacet
  facet normal 0 0 -1
    outer loop
      vertex 265 4 2
      vertex 263.525 4.02513 2
      vertex 263.09 4.5555 2
    endloop
  endfacet
  facet normal 0 0 -1
    outer loop
      vertex 265 4 2
      vertex 263.525 8.97487 2
      vertex 264.056 9.41014 2
    endloop
  endfacet
  facet normal 0 0 -1
    outer loop
      vertex 262.766 5.16061 2
      vertex 265 4 2
      vertex 263.09 4.5555 2
    endloop
  endfacet
  facet normal 0 0 -1
    outer loop
      vertex 265 4 2
      vertex 263.09 8.4445 2
      vertex 263.525 8.97487 2
    endloop
  endfacet
  facet normal 0 0 -1
    outer loop
      vertex 262.567 5.81718 2
      vertex 265 4 2
      vertex 262.766 5.16061 2
    endloop
  endfacet
  facet normal 0 0 -1
    outer loop
      vertex 265 4 2
      vertex 262.766 7.83939 2
      vertex 263.09 8.4445 2
    endloop
  endfacet
  facet normal 0 0 -1
    outer loop
      vertex 262.5 6.5 2
      vertex 265 4 2
      vertex 262.567 5.81718 2
    endloop
  endfacet
  facet normal 0 0 -1
    outer loop
      vertex 265 4 2
      vertex 262.567 7.18282 2
      vertex 262.766 7.83939 2
    endloop
  endfacet
  facet normal 0 0 -1
    outer loop
      vertex 265 4 2
      vertex 262.5 6.5 2
      vertex 262.567 7.18282 2
    endloop
  endfacet
  facet normal -0 0 1
    outer loop
      vertex 266.9 3.13313 2
      vertex 267 2 2
      vertex 267 3.16347 2
    endloop
  endfacet
  facet normal 0 0 1
    outer loop
      vertex 267 2 2
      vertex 266.9 3.13313 2
      vertex 266.9 2 2
    endloop
  endfacet
  facet normal 0 0 1
    outer loop
      vertex 2 65.6 2
      vertex 4 64.7236 2
      vertex 3.76642 65.1606 2
    endloop
  endfacet
  facet normal 0 0 1
    outer loop
      vertex 4 64.7236 2
      vertex 2 65.6 2
      vertex 4 8.27638 2
    endloop
  endfacet
  facet normal -0 0 1
    outer loop
      vertex 2 65.6 2
      vertex 3.76642 65.1606 2
      vertex 3.63313 65.6 2
    endloop
  endfacet
  facet normal 0 0 1
    outer loop
      vertex 2 7.4 2
      vertex 4 8.27638 2
      vertex 2 65.6 2
    endloop
  endfacet
  facet normal 0 0 1
    outer loop
      vertex 4 8.27638 2
      vertex 2 7.4 2
      vertex 3.76642 7.83939 2
    endloop
  endfacet
  facet normal 0 0 1
    outer loop
      vertex 3.76642 7.83939 2
      vertex 2 7.4 2
      vertex 3.63313 7.4 2
    endloop
  endfacet
  facet normal 0 0 1
    outer loop
      vertex 264.661 3.26642 2
      vertex 265.1 2 2
      vertex 265.1 3.13313 2
    endloop
  endfacet
  facet normal 0 0 1
    outer loop
      vertex 264.056 3.58986 2
      vertex 265.1 2 2
      vertex 264.661 3.26642 2
    endloop
  endfacet
  facet normal 0 0 1
    outer loop
      vertex 263.556 4 2
      vertex 265.1 2 2
      vertex 264.056 3.58986 2
    endloop
  endfacet
  facet normal -0 0 1
    outer loop
      vertex 9.44426 4 2
      vertex 265.1 2 2
      vertex 263.556 4 2
    endloop
  endfacet
  facet normal 0 0 1
    outer loop
      vertex 7.9 2 2
      vertex 9.44426 4 2
      vertex 8.9445 3.58986 2
    endloop
  endfacet
  facet normal 0 0 1
    outer loop
      vertex 7.9 2 2
      vertex 8.9445 3.58986 2
      vertex 8.33939 3.26642 2
    endloop
  endfacet
  facet normal 0 0 1
    outer loop
      vertex 7.9 2 2
      vertex 8.33939 3.26642 2
      vertex 7.9 3.13313 2
    endloop
  endfacet
  facet normal 0 0 1
    outer loop
      vertex 9.44426 4 2
      vertex 7.9 2 2
      vertex 265.1 2 2
    endloop
  endfacet
  facet normal 0 0 -1
    outer loop
      vertex 10.4327 5.81718 2
      vertex 10.4327 7.18282 2
      vertex 10.5 6.5 2
    endloop
  endfacet
  facet normal 0 0 -1
    outer loop
      vertex 10.2336 5.16061 2
      vertex 10.4327 7.18282 2
      vertex 10.4327 5.81718 2
    endloop
  endfacet
  facet normal 0 0 -1
    outer loop
      vertex 10.2336 5.16061 2
      vertex 10.2336 7.83939 2
      vertex 10.4327 7.18282 2
    endloop
  endfacet
  facet normal 0 0 -1
    outer loop
      vertex 9.91014 4.5555 2
      vertex 10.2336 7.83939 2
      vertex 10.2336 5.16061 2
    endloop
  endfacet
  facet normal 0 0 -1
    outer loop
      vertex 9.91014 4.5555 2
      vertex 9.91014 8.4445 2
      vertex 10.2336 7.83939 2
    endloop
  endfacet
  facet normal 0 0 -1
    outer loop
      vertex 9.44426 4 2
      vertex 9.91014 4.5555 2
      vertex 9.47487 4.02513 2
    endloop
  endfacet
  facet normal -0 0 -1
    outer loop
      vertex 9.91014 4.5555 2
      vertex 9.44426 4 2
      vertex 9.91014 8.4445 2
    endloop
  endfacet
  facet normal -0 0 -1
    outer loop
      vertex 9.91014 8.4445 2
      vertex 9.44426 4 2
      vertex 9.47487 8.97487 2
    endloop
  endfacet
  facet normal 0 0 -1
    outer loop
      vertex 9.44426 4 2
      vertex 8.9445 9.41014 2
      vertex 9.47487 8.97487 2
    endloop
  endfacet
  facet normal 0 0 -1
    outer loop
      vertex 9.44426 4 2
      vertex 8.33939 9.73358 2
      vertex 8.9445 9.41014 2
    endloop
  endfacet
  facet normal 0 0 -1
    outer loop
      vertex 9.44426 4 2
      vertex 7.68282 9.93275 2
      vertex 8.33939 9.73358 2
    endloop
  endfacet
  facet normal 0 0 -1
    outer loop
      vertex 9.44426 4 2
      vertex 7 10 2
      vertex 7.68282 9.93275 2
    endloop
  endfacet
  facet normal 0 0 -1
    outer loop
      vertex 9.44426 4 2
      vertex 6.31718 9.93275 2
      vertex 7 10 2
    endloop
  endfacet
  facet normal 0 0 -1
    outer loop
      vertex 9.44426 4 2
      vertex 5.66061 9.73358 2
      vertex 6.31718 9.93275 2
    endloop
  endfacet
  facet normal 0 0 -1
    outer loop
      vertex 9.44426 4 2
      vertex 5.0555 9.41014 2
      vertex 5.66061 9.73358 2
    endloop
  endfacet
  facet normal 0 0 -1
    outer loop
      vertex 4 4.72362 2
      vertex 9.44426 4 2
      vertex 4.55574 4 2
    endloop
  endfacet
  facet normal 0 0 -1
    outer loop
      vertex 4.08986 4.5555 2
      vertex 4.55574 4 2
      vertex 4.52513 4.02513 2
    endloop
  endfacet
  facet normal 0 0 -1
    outer loop
      vertex 9.44426 4 2
      vertex 4 4.72362 2
      vertex 5.0555 9.41014 2
    endloop
  endfacet
  facet normal 0 0 -1
    outer loop
      vertex 4.55574 4 2
      vertex 4.08986 4.5555 2
      vertex 4 4.72362 2
    endloop
  endfacet
  facet normal 0 0 -1
    outer loop
      vertex 4 8.27638 2
      vertex 5.0555 9.41014 2
      vertex 4 4.72362 2
    endloop
  endfacet
  facet normal 0 0 -1
    outer loop
      vertex 5.0555 9.41014 2
      vertex 4 8.27638 2
      vertex 4.52513 8.97487 2
    endloop
  endfacet
  facet normal 0 0 -1
    outer loop
      vertex 4.52513 8.97487 2
      vertex 4 8.27638 2
      vertex 4.08986 8.4445 2
    endloop
  endfacet
  facet normal -0 0 1
    outer loop
      vertex 266.683 63.0673 2
      vertex 267 9.83653 2
      vertex 267 63.1635 2
    endloop
  endfacet
  facet normal 0 0 1
    outer loop
      vertex 266.683 63.0673 2
      vertex 266.683 9.93275 2
      vertex 267 9.83653 2
    endloop
  endfacet
  facet normal -0 0 1
    outer loop
      vertex 266 63 2
      vertex 266.683 9.93275 2
      vertex 266.683 63.0673 2
    endloop
  endfacet
  facet normal 0 0 1
    outer loop
      vertex 266 63 2
      vertex 266 10 2
      vertex 266.683 9.93275 2
    endloop
  endfacet
  facet normal 0 0 1
    outer loop
      vertex 265.317 63.0673 2
      vertex 266 10 2
      vertex 266 63 2
    endloop
  endfacet
  facet normal 0 0 1
    outer loop
      vertex 265.317 63.0673 2
      vertex 265.317 9.93275 2
      vertex 266 10 2
    endloop
  endfacet
  facet normal 0 0 1
    outer loop
      vertex 265 63.1635 2
      vertex 265.317 9.93275 2
      vertex 265.317 63.0673 2
    endloop
  endfacet
  facet normal 0 0 1
    outer loop
      vertex 265.317 9.93275 2
      vertex 265 63.1635 2
      vertex 265 9.83653 2
    endloop
  endfacet
  facet normal 0 0 1
    outer loop
      vertex 262.549 67 2
      vertex 10.5 66.5 2
      vertex 262.5 66.5 2
    endloop
  endfacet
  facet normal 0 -0 1
    outer loop
      vertex 10.5 66.5 2
      vertex 262.549 67 2
      vertex 10.4508 67 2
    endloop
  endfacet
  facet normal -0 0 1
    outer loop
      vertex 10.5 66.5 2
      vertex 262.567 65.8172 2
      vertex 262.5 66.5 2
    endloop
  endfacet
  facet normal 0 0 1
    outer loop
      vertex 10.4327 65.8172 2
      vertex 262.567 65.8172 2
      vertex 10.5 66.5 2
    endloop
  endfacet
  facet normal 0 0 1
    outer loop
      vertex 262.567 65.8172 2
      vertex 10.4327 65.8172 2
      vertex 262.766 65.1606 2
    endloop
  endfacet
  facet normal 0 0 1
    outer loop
      vertex 10.2336 65.1606 2
      vertex 262.766 65.1606 2
      vertex 10.4327 65.8172 2
    endloop
  endfacet
  facet normal 0 0 1
    outer loop
      vertex 262.766 65.1606 2
      vertex 10.2336 65.1606 2
      vertex 262.852 65 2
    endloop
  endfacet
  facet normal 0 0 1
    outer loop
      vertex 262.852 65 2
      vertex 10.2336 65.1606 2
      vertex 10.1477 65 2
    endloop
  endfacet
  facet normal 1 -0 0
    outer loop
      vertex 4 64.7236 2
      vertex 4 65 0
      vertex 4 65 2
    endloop
  endfacet
  facet normal 1 -0 0
    outer loop
      vertex 4 8.27638 2
      vertex 4 65 0
      vertex 4 64.7236 2
    endloop
  endfacet
  facet normal 1 0 0
    outer loop
      vertex 4 4 0
      vertex 4 8.27638 2
      vertex 4 4.72362 2
    endloop
  endfacet
  facet normal 1 0 0
    outer loop
      vertex 4 4 0
      vertex 4 4.72362 2
      vertex 4 4 2
    endloop
  endfacet
  facet normal 1 0 0
    outer loop
      vertex 4 8.27638 2
      vertex 4 4 0
      vertex 4 65 0
    endloop
  endfacet
  facet normal 0 -1 0
    outer loop
      vertex 4 65 0
      vertex 10.1477 65 2
      vertex 4 65 2
    endloop
  endfacet
  facet normal 0 -1 0
    outer loop
      vertex 265 65 0
      vertex 10.1477 65 2
      vertex 4 65 0
    endloop
  endfacet
  facet normal 0 -1 0
    outer loop
      vertex 10.1477 65 2
      vertex 265 65 0
      vertex 262.852 65 2
    endloop
  endfacet
  facet normal 0 -1 0
    outer loop
      vertex 262.852 65 2
      vertex 265 65 0
      vertex 265 65 2
    endloop
  endfacet
  facet normal 0 1 -0
    outer loop
      vertex 265 4 0
      vertex 263.556 4 2
      vertex 265 4 2
    endloop
  endfacet
  facet normal 0 1 0
    outer loop
      vertex 263.556 4 2
      vertex 265 4 0
      vertex 9.44426 4 2
    endloop
  endfacet
  facet normal 0 1 0
    outer loop
      vertex 4 4 0
      vertex 9.44426 4 2
      vertex 265 4 0
    endloop
  endfacet
  facet normal 0 1 0
    outer loop
      vertex 9.44426 4 2
      vertex 4 4 0
      vertex 4.55574 4 2
    endloop
  endfacet
  facet normal 0 1 0
    outer loop
      vertex 4.55574 4 2
      vertex 4 4 0
      vertex 4 4 2
    endloop
  endfacet
  facet normal -1 0 0
    outer loop
      vertex 267 2 2
      vertex 267 3.16347 6
      vertex 267 3.16347 2
    endloop
  endfacet
  facet normal -1 -0 0
    outer loop
      vertex 267 3.16347 6
      vertex 267 2 2
      vertex 267 2 6
    endloop
  endfacet
  facet normal -1 0 0
    outer loop
      vertex 267 9.83653 2
      vertex 267 63.1635 6
      vertex 267 63.1635 2
    endloop
  endfacet
  facet normal -1 -0 0
    outer loop
      vertex 267 63.1635 6
      vertex 267 9.83653 2
      vertex 267 9.83653 6
    endloop
  endfacet
  facet normal 1 -0 0
    outer loop
      vertex 2 2 17
      vertex 2 5.6 2
      vertex 2 5.6 17
    endloop
  endfacet
  facet normal 1 0 0
    outer loop
      vertex 2 5.6 2
      vertex 2 2 17
      vertex 2 2 2
    endloop
  endfacet
  facet normal 1 -0 0
    outer loop
      vertex 2 67.4 17
      vertex 2 71 6
      vertex 2 71 17
    endloop
  endfacet
  facet normal 1 0 0
    outer loop
      vertex 2 71 6
      vertex 2 67.4 17
      vertex 2 67.4 6
    endloop
  endfacet
  facet normal 1 -0 0
    outer loop
      vertex 2 7.4 17
      vertex 2 65.6 2
      vertex 2 65.6 17
    endloop
  endfacet
  facet normal 1 0 0
    outer loop
      vertex 2 65.6 2
      vertex 2 7.4 17
      vertex 2 7.4 2
    endloop
  endfacet
  facet normal 0 -1 0
    outer loop
      vertex 10.4508 67 2
      vertex 262.549 67 6
      vertex 10.4508 67 6
    endloop
  endfacet
  facet normal 0 -1 -0
    outer loop
      vertex 262.549 67 6
      vertex 10.4508 67 2
      vertex 262.549 67 2
    endloop
  endfacet
  facet normal 0 -1 0
    outer loop
      vertex 7.9 67 4
      vertex 8.1863 67 6
      vertex 7.9 67 6
    endloop
  endfacet
  facet normal 0 -1 -0
    outer loop
      vertex 8.1863 67 6
      vertex 7.9 67 4
      vertex 8.1863 67 4
    endloop
  endfacet
  facet normal 0 -1 0
    outer loop
      vertex 264.814 67 4
      vertex 265.1 67 6
      vertex 264.814 67 6
    endloop
  endfacet
  facet normal 0 -1 -0
    outer loop
      vertex 265.1 67 6
      vertex 264.814 67 4
      vertex 265.1 67 4
    endloop
  endfacet
  facet normal 0 1 -0
    outer loop
      vertex 271 2 6
      vertex 266.9 2 17
      vertex 271 2 17
    endloop
  endfacet
  facet normal 0 1 -0
    outer loop
      vertex 267 2 6
      vertex 266.9 2 17
      vertex 271 2 6
    endloop
  endfacet
  facet normal 0 1 0
    outer loop
      vertex 266.9 2 2
      vertex 267 2 6
      vertex 267 2 2
    endloop
  endfacet
  facet normal 0 1 0
    outer loop
      vertex 267 2 6
      vertex 266.9 2 2
      vertex 266.9 2 17
    endloop
  endfacet
  facet normal 0 1 0
    outer loop
      vertex 6.1 2 9.75
      vertex 6.1 2 2
      vertex 4.5 2 9.75
    endloop
  endfacet
  facet normal 0 1 0
    outer loop
      vertex 4.5 2 11.25
      vertex 6.1 2 17
      vertex 6.1 2 11.25
    endloop
  endfacet
  facet normal 0 1 0
    outer loop
      vertex 6.1 2 17
      vertex 4.5 2 11.25
      vertex 2 2 17
    endloop
  endfacet
  facet normal 0 1 -0
    outer loop
      vertex 4.5 2 9.75
      vertex 2 2 17
      vertex 4.5 2 11.25
    endloop
  endfacet
  facet normal 0 1 0
    outer loop
      vertex 2 2 2
      vertex 4.5 2 9.75
      vertex 6.1 2 2
    endloop
  endfacet
  facet normal 0 1 0
    outer loop
      vertex 4.5 2 9.75
      vertex 2 2 2
      vertex 2 2 17
    endloop
  endfacet
  facet normal 0 1 -0
    outer loop
      vertex 185 2 9.75
      vertex 176.333 2 11.25
      vertex 185 2 11.25
    endloop
  endfacet
  facet normal 0 1 0
    outer loop
      vertex 176.333 2 11.25
      vertex 185 2 9.75
      vertex 176.333 2 9.75
    endloop
  endfacet
  facet normal 0 1 -0
    outer loop
      vertex 208.667 2 9.75
      vertex 200 2 11.25
      vertex 208.667 2 11.25
    endloop
  endfacet
  facet normal 0 1 0
    outer loop
      vertex 200 2 11.25
      vertex 208.667 2 9.75
      vertex 200 2 9.75
    endloop
  endfacet
  facet normal 0 1 0
    outer loop
      vertex 223.667 2 9.75
      vertex 235 2 11.5
      vertex 249 2 9.75
    endloop
  endfacet
  facet normal 0 1 0
    outer loop
      vertex 235 2 11.5
      vertex 223.667 2 9.75
      vertex 223.667 2 11.25
    endloop
  endfacet
  facet normal 0 1 -0
    outer loop
      vertex 235 2 13
      vertex 144.5 2 17
      vertex 265.1 2 17
    endloop
  endfacet
  facet normal 0 1 0
    outer loop
      vertex 235 2 13
      vertex 265.1 2 17
      vertex 243 2 13
    endloop
  endfacet
  facet normal 0 1 -0
    outer loop
      vertex 249 2 11.25
      vertex 243 2 13
      vertex 265.1 2 17
    endloop
  endfacet
  facet normal 0 1 0
    outer loop
      vertex 243 2 13
      vertex 249 2 11.25
      vertex 243 2 11.5
    endloop
  endfacet
  facet normal 0 1 0
    outer loop
      vertex 249 2 11.25
      vertex 265.1 2 17
      vertex 264 2 11.25
    endloop
  endfacet
  facet normal 0 1 0
    outer loop
      vertex 265.1 2 17
      vertex 264 2 9.75
      vertex 264 2 11.25
    endloop
  endfacet
  facet normal 0 1 0
    outer loop
      vertex 265.1 2 2
      vertex 249 2 9.75
      vertex 264 2 9.75
    endloop
  endfacet
  facet normal 0 1 0
    outer loop
      vertex 249 2 9.75
      vertex 265.1 2 2
      vertex 223.667 2 9.75
    endloop
  endfacet
  facet normal 0 1 0
    outer loop
      vertex 223.667 2 9.75
      vertex 265.1 2 2
      vertex 208.667 2 9.75
    endloop
  endfacet
  facet normal 0 1 0
    outer loop
      vertex 208.667 2 9.75
      vertex 265.1 2 2
      vertex 200 2 9.75
    endloop
  endfacet
  facet normal 0 1 0
    outer loop
      vertex 200 2 9.75
      vertex 265.1 2 2
      vertex 185 2 9.75
    endloop
  endfacet
  facet normal -0 1 0
    outer loop
      vertex 144.5 2 7
      vertex 185 2 9.75
      vertex 265.1 2 2
    endloop
  endfacet
  facet normal 0 1 0
    outer loop
      vertex 185 2 9.75
      vertex 144.5 2 7
      vertex 176.333 2 9.75
    endloop
  endfacet
  facet normal 0 1 0
    outer loop
      vertex 144.5 2 7
      vertex 265.1 2 2
      vertex 128.5 2 7
    endloop
  endfacet
  facet normal 0 1 0
    outer loop
      vertex 176.333 2 9.75
      vertex 144.5 2 7
      vertex 161.333 2 9.75
    endloop
  endfacet
  facet normal 0 1 -0
    outer loop
      vertex 265.1 2 2
      vertex 264 2 9.75
      vertex 265.1 2 17
    endloop
  endfacet
  facet normal 0 1 -0
    outer loop
      vertex 200 2 11.25
      vertex 144.5 2 17
      vertex 235 2 13
    endloop
  endfacet
  facet normal 0 1 0
    outer loop
      vertex 223.667 2 11.25
      vertex 235 2 13
      vertex 235 2 11.5
    endloop
  endfacet
  facet normal 0 1 -0
    outer loop
      vertex 249 2 9.75
      vertex 243 2 11.5
      vertex 249 2 11.25
    endloop
  endfacet
  facet normal 0 1 0
    outer loop
      vertex 243 2 11.5
      vertex 249 2 9.75
      vertex 235 2 11.5
    endloop
  endfacet
  facet normal 0 1 0
    outer loop
      vertex 208.667 2 11.25
      vertex 235 2 13
      vertex 223.667 2 11.25
    endloop
  endfacet
  facet normal 0 1 0
    outer loop
      vertex 200 2 11.25
      vertex 235 2 13
      vertex 208.667 2 11.25
    endloop
  endfacet
  facet normal 0 1 -0
    outer loop
      vertex 185 2 11.25
      vertex 144.5 2 17
      vertex 200 2 11.25
    endloop
  endfacet
  facet normal 0 1 -0
    outer loop
      vertex 176.333 2 11.25
      vertex 144.5 2 17
      vertex 185 2 11.25
    endloop
  endfacet
  facet normal 0 1 -0
    outer loop
      vertex 161.333 2 11.25
      vertex 144.5 2 17
      vertex 176.333 2 11.25
    endloop
  endfacet
  facet normal 0 1 0
    outer loop
      vertex 144.5 2 17
      vertex 161.333 2 11.25
      vertex 144.5 2 14
    endloop
  endfacet
  facet normal 0 1 -0
    outer loop
      vertex 161.333 2 9.75
      vertex 144.5 2 14
      vertex 161.333 2 11.25
    endloop
  endfacet
  facet normal 0 1 0
    outer loop
      vertex 144.5 2 14
      vertex 161.333 2 9.75
      vertex 144.5 2 7
    endloop
  endfacet
  facet normal 0 1 -0
    outer loop
      vertex 22.5 2 11
      vertex 17.5 2 11.25
      vertex 22.5 2 13.5
    endloop
  endfacet
  facet normal 0 1 0
    outer loop
      vertex 35.5 2 11
      vertex 7.9 2 2
      vertex 22.5 2 11
    endloop
  endfacet
  facet normal 0 1 0
    outer loop
      vertex 22.5 2 11
      vertex 17.5 2 9.75
      vertex 17.5 2 11.25
    endloop
  endfacet
  facet normal 0 1 -0
    outer loop
      vertex 69 2 9.75
      vertex 58.3333 2 11.25
      vertex 69 2 11.25
    endloop
  endfacet
  facet normal 0 1 0
    outer loop
      vertex 58.3333 2 11.25
      vertex 69 2 9.75
      vertex 58.3333 2 9.75
    endloop
  endfacet
  facet normal 0 1 -0
    outer loop
      vertex 94.6667 2 9.75
      vertex 84 2 11.25
      vertex 94.6667 2 11.25
    endloop
  endfacet
  facet normal 0 1 0
    outer loop
      vertex 84 2 11.25
      vertex 94.6667 2 9.75
      vertex 84 2 9.75
    endloop
  endfacet
  facet normal 0 1 0
    outer loop
      vertex 94.6667 2 11.25
      vertex 128.5 2 17
      vertex 109.667 2 11.25
    endloop
  endfacet
  facet normal 0 1 0
    outer loop
      vertex 128.5 2 14
      vertex 109.667 2 9.75
      vertex 109.667 2 11.25
    endloop
  endfacet
  facet normal 0 1 0
    outer loop
      vertex 128.5 2 7
      vertex 94.6667 2 9.75
      vertex 109.667 2 9.75
    endloop
  endfacet
  facet normal 0 1 0
    outer loop
      vertex 94.6667 2 9.75
      vertex 128.5 2 7
      vertex 84 2 9.75
    endloop
  endfacet
  facet normal 0 1 0
    outer loop
      vertex 7.9 2 2
      vertex 84 2 9.75
      vertex 128.5 2 7
    endloop
  endfacet
  facet normal 0 1 0
    outer loop
      vertex 84 2 9.75
      vertex 7.9 2 2
      vertex 69 2 9.75
    endloop
  endfacet
  facet normal 0 1 0
    outer loop
      vertex 58.3333 2 9.75
      vertex 7.9 2 2
      vertex 43.3333 2 9.75
    endloop
  endfacet
  facet normal 0 1 0
    outer loop
      vertex 22.5 2 11
      vertex 7.9 2 2
      vertex 17.5 2 9.75
    endloop
  endfacet
  facet normal 0 1 -0
    outer loop
      vertex 128.5 2 7
      vertex 109.667 2 9.75
      vertex 128.5 2 14
    endloop
  endfacet
  facet normal 0 1 0
    outer loop
      vertex 69 2 9.75
      vertex 7.9 2 2
      vertex 58.3333 2 9.75
    endloop
  endfacet
  facet normal 0 1 0
    outer loop
      vertex 7.9 2 2
      vertex 128.5 2 7
      vertex 265.1 2 2
    endloop
  endfacet
  facet normal 0 1 0
    outer loop
      vertex 17.5 2 9.75
      vertex 7.9 2 2
      vertex 7.9 2 9.75
    endloop
  endfacet
  facet normal 0 1 0
    outer loop
      vertex 109.667 2 11.25
      vertex 128.5 2 17
      vertex 128.5 2 14
    endloop
  endfacet
  facet normal 0 1 0
    outer loop
      vertex 128.5 2 17
      vertex 35.5 2 13.5
      vertex 7.9 2 17
    endloop
  endfacet
  facet normal 0 1 -0
    outer loop
      vertex 22.5 2 13.5
      vertex 7.9 2 17
      vertex 35.5 2 13.5
    endloop
  endfacet
  facet normal 0 1 -0
    outer loop
      vertex 17.5 2 11.25
      vertex 7.9 2 17
      vertex 22.5 2 13.5
    endloop
  endfacet
  facet normal 0 1 0
    outer loop
      vertex 7.9 2 17
      vertex 17.5 2 11.25
      vertex 7.9 2 11.25
    endloop
  endfacet
  facet normal 0 1 0
    outer loop
      vertex 84 2 11.25
      vertex 128.5 2 17
      vertex 94.6667 2 11.25
    endloop
  endfacet
  facet normal 0 1 0
    outer loop
      vertex 69 2 11.25
      vertex 128.5 2 17
      vertex 84 2 11.25
    endloop
  endfacet
  facet normal 0 1 0
    outer loop
      vertex 128.5 2 17
      vertex 69 2 11.25
      vertex 35.5 2 13.5
    endloop
  endfacet
  facet normal 0 1 -0
    outer loop
      vertex 58.3333 2 11.25
      vertex 35.5 2 13.5
      vertex 69 2 11.25
    endloop
  endfacet
  facet normal 0 1 -0
    outer loop
      vertex 43.3333 2 11.25
      vertex 35.5 2 13.5
      vertex 58.3333 2 11.25
    endloop
  endfacet
  facet normal 0 1 0
    outer loop
      vertex 43.3333 2 11.25
      vertex 35.5 2 11
      vertex 35.5 2 13.5
    endloop
  endfacet
  facet normal 0 1 0
    outer loop
      vertex 7.9 2 2
      vertex 35.5 2 11
      vertex 43.3333 2 9.75
    endloop
  endfacet
  facet normal 0 1 -0
    outer loop
      vertex 43.3333 2 9.75
      vertex 35.5 2 11
      vertex 43.3333 2 11.25
    endloop
  endfacet
  facet normal 0 -1 0
    outer loop
      vertex 6.1 2 9.75
      vertex 7.9 2 11.25
      vertex 6.1 2 11.25
    endloop
  endfacet
  facet normal 0 -1 -0
    outer loop
      vertex 7.9 2 11.25
      vertex 6.1 2 9.75
      vertex 7.9 2 9.75
    endloop
  endfacet
  facet normal -1 0 0
    outer loop
      vertex 271 67.4 6
      vertex 271 71 17
      vertex 271 71 6
    endloop
  endfacet
  facet normal -1 -0 0
    outer loop
      vertex 271 71 17
      vertex 271 67.4 6
      vertex 271 67.4 17
    endloop
  endfacet
  facet normal -1 0 0
    outer loop
      vertex 271 2 6
      vertex 271 5.6 17
      vertex 271 5.6 6
    endloop
  endfacet
  facet normal -1 -0 0
    outer loop
      vertex 271 5.6 17
      vertex 271 2 6
      vertex 271 2 17
    endloop
  endfacet
  facet normal -1 0 0
    outer loop
      vertex 271 7.4 6
      vertex 271 65.6 17
      vertex 271 65.6 6
    endloop
  endfacet
  facet normal -1 -0 0
    outer loop
      vertex 271 65.6 17
      vertex 271 7.4 6
      vertex 271 7.4 17
    endloop
  endfacet
  facet normal -0 0 1
    outer loop
      vertex 268.91 68.4445 6
      vertex 271 67.4 6
      vertex 271 71 6
    endloop
  endfacet
  facet normal 0 0 1
    outer loop
      vertex 271 67.4 6
      vertex 269.234 67.8394 6
      vertex 269.367 67.4 6
    endloop
  endfacet
  facet normal 0 0 1
    outer loop
      vertex 271 67.4 6
      vertex 268.91 68.4445 6
      vertex 269.234 67.8394 6
    endloop
  endfacet
  facet normal 0 0 1
    outer loop
      vertex 271 71 6
      vertex 268.475 68.9749 6
      vertex 268.91 68.4445 6
    endloop
  endfacet
  facet normal 0 0 1
    outer loop
      vertex 271 71 6
      vertex 267.944 69.4101 6
      vertex 268.475 68.9749 6
    endloop
  endfacet
  facet normal -0 0 1
    outer loop
      vertex 266.9 71 6
      vertex 267.944 69.4101 6
      vertex 271 71 6
    endloop
  endfacet
  facet normal 0 0 1
    outer loop
      vertex 267.944 69.4101 6
      vertex 266.9 71 6
      vertex 267.339 69.7336 6
    endloop
  endfacet
  facet normal 0 0 1
    outer loop
      vertex 267.339 69.7336 6
      vertex 266.9 71 6
      vertex 266.9 69.8669 6
    endloop
  endfacet
  facet normal 0 0 1
    outer loop
      vertex 269.234 5.16061 6
      vertex 271 5.6 6
      vertex 269.367 5.6 6
    endloop
  endfacet
  facet normal 0 0 1
    outer loop
      vertex 268.91 4.5555 6
      vertex 271 5.6 6
      vertex 269.234 5.16061 6
    endloop
  endfacet
  facet normal 0 0 1
    outer loop
      vertex 271 5.6 6
      vertex 268.91 4.5555 6
      vertex 271 2 6
    endloop
  endfacet
  facet normal -0 0 1
    outer loop
      vertex 268.475 4.02513 6
      vertex 271 2 6
      vertex 268.91 4.5555 6
    endloop
  endfacet
  facet normal -0 0 1
    outer loop
      vertex 267.944 3.58986 6
      vertex 271 2 6
      vertex 268.475 4.02513 6
    endloop
  endfacet
  facet normal 0 0 1
    outer loop
      vertex 267 2 6
      vertex 267.944 3.58986 6
      vertex 267.339 3.26642 6
    endloop
  endfacet
  facet normal 0 0 1
    outer loop
      vertex 267 2 6
      vertex 267.339 3.26642 6
      vertex 267 3.16347 6
    endloop
  endfacet
  facet normal 0 0 1
    outer loop
      vertex 267.944 3.58986 6
      vertex 267 2 6
      vertex 271 2 6
    endloop
  endfacet
  facet normal 0 0 1
    outer loop
      vertex 6.1 71 6
      vertex 5.66061 69.7336 6
      vertex 6.1 69.8669 6
    endloop
  endfacet
  facet normal 0 0 1
    outer loop
      vertex 6.1 71 6
      vertex 5.0555 69.4101 6
      vertex 5.66061 69.7336 6
    endloop
  endfacet
  facet normal -0 0 1
    outer loop
      vertex 2 71 6
      vertex 5.0555 69.4101 6
      vertex 6.1 71 6
    endloop
  endfacet
  facet normal 0 0 1
    outer loop
      vertex 5.0555 69.4101 6
      vertex 2 71 6
      vertex 4.52513 68.9749 6
    endloop
  endfacet
  facet normal 0 0 1
    outer loop
      vertex 4.52513 68.9749 6
      vertex 2 71 6
      vertex 4.08986 68.4445 6
    endloop
  endfacet
  facet normal 0 0 1
    outer loop
      vertex 2 67.4 6
      vertex 4.08986 68.4445 6
      vertex 2 71 6
    endloop
  endfacet
  facet normal 0 0 1
    outer loop
      vertex 4.08986 68.4445 6
      vertex 2 67.4 6
      vertex 3.76642 67.8394 6
    endloop
  endfacet
  facet normal 0 0 1
    outer loop
      vertex 3.76642 67.8394 6
      vertex 2 67.4 6
      vertex 3.63313 67.4 6
    endloop
  endfacet
  facet normal 0 0 1
    outer loop
      vertex 265.1 71 6
      vertex 264.661 69.7336 6
      vertex 265.1 69.8669 6
    endloop
  endfacet
  facet normal 0 0 1
    outer loop
      vertex 265.1 71 6
      vertex 264.056 69.4101 6
      vertex 264.661 69.7336 6
    endloop
  endfacet
  facet normal 0 0 1
    outer loop
      vertex 265.1 71 6
      vertex 263.525 68.9749 6
      vertex 264.056 69.4101 6
    endloop
  endfacet
  facet normal 0 0 1
    outer loop
      vertex 265.1 71 6
      vertex 263.09 68.4445 6
      vertex 263.525 68.9749 6
    endloop
  endfacet
  facet normal 0 0 1
    outer loop
      vertex 262.567 67.1828 6
      vertex 10.4508 67 6
      vertex 262.549 67 6
    endloop
  endfacet
  facet normal 0 0 1
    outer loop
      vertex 10.4327 67.1828 6
      vertex 262.567 67.1828 6
      vertex 262.766 67.8394 6
    endloop
  endfacet
  facet normal 0 0 1
    outer loop
      vertex 10.2336 67.8394 6
      vertex 262.766 67.8394 6
      vertex 263.09 68.4445 6
    endloop
  endfacet
  facet normal 0 0 1
    outer loop
      vertex 9.91014 68.4445 6
      vertex 263.09 68.4445 6
      vertex 265.1 71 6
    endloop
  endfacet
  facet normal 0 0 1
    outer loop
      vertex 262.567 67.1828 6
      vertex 10.4327 67.1828 6
      vertex 10.4508 67 6
    endloop
  endfacet
  facet normal 0 0 1
    outer loop
      vertex 262.766 67.8394 6
      vertex 10.2336 67.8394 6
      vertex 10.4327 67.1828 6
    endloop
  endfacet
  facet normal 0 0 1
    outer loop
      vertex 263.09 68.4445 6
      vertex 9.91014 68.4445 6
      vertex 10.2336 67.8394 6
    endloop
  endfacet
  facet normal -0 0 1
    outer loop
      vertex 7.9 71 6
      vertex 9.91014 68.4445 6
      vertex 265.1 71 6
    endloop
  endfacet
  facet normal 0 0 1
    outer loop
      vertex 9.91014 68.4445 6
      vertex 7.9 71 6
      vertex 9.47487 68.9749 6
    endloop
  endfacet
  facet normal 0 0 1
    outer loop
      vertex 9.47487 68.9749 6
      vertex 7.9 71 6
      vertex 8.9445 69.4101 6
    endloop
  endfacet
  facet normal 0 0 1
    outer loop
      vertex 8.9445 69.4101 6
      vertex 7.9 71 6
      vertex 8.33939 69.7336 6
    endloop
  endfacet
  facet normal 0 0 1
    outer loop
      vertex 8.33939 69.7336 6
      vertex 7.9 71 6
      vertex 7.9 69.8669 6
    endloop
  endfacet
  facet normal 0 0 1
    outer loop
      vertex 269.234 65.1606 6
      vertex 271 65.6 6
      vertex 269.367 65.6 6
    endloop
  endfacet
  facet normal 0 0 1
    outer loop
      vertex 268.91 64.5555 6
      vertex 271 65.6 6
      vertex 269.234 65.1606 6
    endloop
  endfacet
  facet normal 0 0 1
    outer loop
      vertex 268.475 64.0251 6
      vertex 271 65.6 6
      vertex 268.91 64.5555 6
    endloop
  endfacet
  facet normal 0 0 1
    outer loop
      vertex 271 7.4 6
      vertex 269.234 7.83939 6
      vertex 269.367 7.4 6
    endloop
  endfacet
  facet normal 0 0 1
    outer loop
      vertex 267.944 63.5899 6
      vertex 271 65.6 6
      vertex 268.475 64.0251 6
    endloop
  endfacet
  facet normal 0 0 1
    outer loop
      vertex 271 7.4 6
      vertex 268.91 8.4445 6
      vertex 269.234 7.83939 6
    endloop
  endfacet
  facet normal 0 0 1
    outer loop
      vertex 271 65.6 6
      vertex 267.944 63.5899 6
      vertex 271 7.4 6
    endloop
  endfacet
  facet normal 0 0 1
    outer loop
      vertex 271 7.4 6
      vertex 268.475 8.97487 6
      vertex 268.91 8.4445 6
    endloop
  endfacet
  facet normal -0 0 1
    outer loop
      vertex 267.944 9.41014 6
      vertex 271 7.4 6
      vertex 267.944 63.5899 6
    endloop
  endfacet
  facet normal 0 0 1
    outer loop
      vertex 271 7.4 6
      vertex 267.944 9.41014 6
      vertex 268.475 8.97487 6
    endloop
  endfacet
  facet normal -0 0 1
    outer loop
      vertex 267.339 63.2664 6
      vertex 267.944 9.41014 6
      vertex 267.944 63.5899 6
    endloop
  endfacet
  facet normal 0 0 1
    outer loop
      vertex 267.339 63.2664 6
      vertex 267.339 9.73358 6
      vertex 267.944 9.41014 6
    endloop
  endfacet
  facet normal -0 0 1
    outer loop
      vertex 267 63.1635 6
      vertex 267.339 9.73358 6
      vertex 267.339 63.2664 6
    endloop
  endfacet
  facet normal 0 0 1
    outer loop
      vertex 267.339 9.73358 6
      vertex 267 63.1635 6
      vertex 267 9.83653 6
    endloop
  endfacet
  facet normal 0 0 1
    outer loop
      vertex 7.9 67 6
      vertex 8.05172 67.2641 6
      vertex 7.9 67.4158 6
    endloop
  endfacet
  facet normal 0 0 1
    outer loop
      vertex 8.05172 67.2641 6
      vertex 7.9 67 6
      vertex 8.1863 67 6
    endloop
  endfacet
  facet normal -0 0 1
    outer loop
      vertex 264.948 67.2641 6
      vertex 265.1 67 6
      vertex 265.1 67.4158 6
    endloop
  endfacet
  facet normal 0 0 1
    outer loop
      vertex 265.1 67 6
      vertex 264.948 67.2641 6
      vertex 264.814 67 6
    endloop
  endfacet
  facet normal 0 -0 1
    outer loop
      vertex 6.1 67.4 6
      vertex 6.1 67.4158 6
      vertex 6.08416 67.4 6
    endloop
  endfacet
  facet normal 0 0 1
    outer loop
      vertex 266.916 67.4 6
      vertex 266.9 67.4158 6
      vertex 266.9 67.4 6
    endloop
  endfacet
  facet normal 0 -1 0
    outer loop
      vertex 266.9 71 6
      vertex 271 71 17
      vertex 266.9 71 17
    endloop
  endfacet
  facet normal 0 -1 -0
    outer loop
      vertex 271 71 17
      vertex 266.9 71 6
      vertex 271 71 6
    endloop
  endfacet
  facet normal 0 -1 0
    outer loop
      vertex 2 71 6
      vertex 6.1 71 17
      vertex 2 71 17
    endloop
  endfacet
  facet normal 0 -1 -0
    outer loop
      vertex 6.1 71 17
      vertex 2 71 6
      vertex 6.1 71 6
    endloop
  endfacet
  facet normal 0 -1 0
    outer loop
      vertex 152 71 6.5
      vertex 156.909 71 9.75
      vertex 152 71 9.75
    endloop
  endfacet
  facet normal 0 -1 -0
    outer loop
      vertex 156.909 71 9.75
      vertex 152 71 6.5
      vertex 167.727 71 9.75
    endloop
  endfacet
  facet normal 0 -1 -0
    outer loop
      vertex 167.727 71 9.75
      vertex 152 71 6.5
      vertex 182.727 71 9.75
    endloop
  endfacet
  facet normal 0 -1 -0
    outer loop
      vertex 182.727 71 9.75
      vertex 152 71 6.5
      vertex 193.545 71 9.75
    endloop
  endfacet
  facet normal 0 -1 -0
    outer loop
      vertex 193.545 71 9.75
      vertex 152 71 6.5
      vertex 208.545 71 9.75
    endloop
  endfacet
  facet normal 0 -1 0
    outer loop
      vertex 265.1 71 6
      vertex 208.545 71 9.75
      vertex 152 71 6.5
    endloop
  endfacet
  facet normal 0 -1 0
    outer loop
      vertex 208.545 71 9.75
      vertex 265.1 71 6
      vertex 219.364 71 9.75
    endloop
  endfacet
  facet normal 0 -1 0
    outer loop
      vertex 219.364 71 9.75
      vertex 265.1 71 6
      vertex 234.364 71 9.75
    endloop
  endfacet
  facet normal 0 -1 0
    outer loop
      vertex 234.364 71 9.75
      vertex 265.1 71 6
      vertex 245.182 71 9.75
    endloop
  endfacet
  facet normal 0 -1 0
    outer loop
      vertex 234.364 71 9.75
      vertex 245.182 71 11.25
      vertex 234.364 71 11.25
    endloop
  endfacet
  facet normal 0 -1 -0
    outer loop
      vertex 245.182 71 11.25
      vertex 234.364 71 9.75
      vertex 245.182 71 9.75
    endloop
  endfacet
  facet normal 0 -1 0
    outer loop
      vertex 208.545 71 9.75
      vertex 219.364 71 11.25
      vertex 208.545 71 11.25
    endloop
  endfacet
  facet normal 0 -1 -0
    outer loop
      vertex 219.364 71 11.25
      vertex 208.545 71 9.75
      vertex 219.364 71 9.75
    endloop
  endfacet
  facet normal 0 -1 0
    outer loop
      vertex 182.727 71 9.75
      vertex 193.545 71 11.25
      vertex 182.727 71 11.25
    endloop
  endfacet
  facet normal 0 -1 -0
    outer loop
      vertex 193.545 71 11.25
      vertex 182.727 71 9.75
      vertex 193.545 71 9.75
    endloop
  endfacet
  facet normal 0 -1 0
    outer loop
      vertex 156.909 71 9.75
      vertex 167.727 71 11.25
      vertex 156.909 71 11.25
    endloop
  endfacet
  facet normal 0 -1 -0
    outer loop
      vertex 167.727 71 11.25
      vertex 156.909 71 9.75
      vertex 167.727 71 9.75
    endloop
  endfacet
  facet normal 0 -1 0
    outer loop
      vertex 105.273 71 9.75
      vertex 116.091 71 11.25
      vertex 105.273 71 11.25
    endloop
  endfacet
  facet normal 0 -1 -0
    outer loop
      vertex 116.091 71 11.25
      vertex 105.273 71 9.75
      vertex 116.091 71 9.75
    endloop
  endfacet
  facet normal 0 -1 0
    outer loop
      vertex 79.4545 71 9.75
      vertex 90.2727 71 11.25
      vertex 79.4545 71 11.25
    endloop
  endfacet
  facet normal 0 -1 -0
    outer loop
      vertex 90.2727 71 11.25
      vertex 79.4545 71 9.75
      vertex 90.2727 71 9.75
    endloop
  endfacet
  facet normal 0 -1 0
    outer loop
      vertex 53.6364 71 9.75
      vertex 64.4545 71 11.25
      vertex 53.6364 71 11.25
    endloop
  endfacet
  facet normal 0 -1 -0
    outer loop
      vertex 64.4545 71 11.25
      vertex 53.6364 71 9.75
      vertex 64.4545 71 9.75
    endloop
  endfacet
  facet normal 0 -1 0
    outer loop
      vertex 27.8182 71 9.75
      vertex 38.6364 71 11.25
      vertex 27.8182 71 11.25
    endloop
  endfacet
  facet normal 0 -1 -0
    outer loop
      vertex 38.6364 71 11.25
      vertex 27.8182 71 9.75
      vertex 38.6364 71 9.75
    endloop
  endfacet
  facet normal 0 -1 0
    outer loop
      vertex 7.9 71 17
      vertex 118 71 14.5
      vertex 265.1 71 17
    endloop
  endfacet
  facet normal 0 -1 0
    outer loop
      vertex 27.8182 71 11.25
      vertex 7.9 71 17
      vertex 12.8182 71 11.25
    endloop
  endfacet
  facet normal 0 -1 0
    outer loop
      vertex 7.9 71 6
      vertex 12.8182 71 11.25
      vertex 7.9 71 17
    endloop
  endfacet
  facet normal 0 -1 0
    outer loop
      vertex 7.9 71 6
      vertex 27.8182 71 9.75
      vertex 12.8182 71 9.75
    endloop
  endfacet
  facet normal 0 -1 -0
    outer loop
      vertex 27.8182 71 9.75
      vertex 7.9 71 6
      vertex 38.6364 71 9.75
    endloop
  endfacet
  facet normal 0 -1 -0
    outer loop
      vertex 38.6364 71 9.75
      vertex 7.9 71 6
      vertex 53.6364 71 9.75
    endloop
  endfacet
  facet normal 0 -1 -0
    outer loop
      vertex 53.6364 71 9.75
      vertex 7.9 71 6
      vertex 64.4545 71 9.75
    endloop
  endfacet
  facet normal -0 -1 0
    outer loop
      vertex 118 71 6.5
      vertex 64.4545 71 9.75
      vertex 7.9 71 6
    endloop
  endfacet
  facet normal 0 -1 0
    outer loop
      vertex 64.4545 71 9.75
      vertex 118 71 6.5
      vertex 79.4545 71 9.75
    endloop
  endfacet
  facet normal 0 -1 0
    outer loop
      vertex 79.4545 71 9.75
      vertex 118 71 6.5
      vertex 90.2727 71 9.75
    endloop
  endfacet
  facet normal 0 -1 0
    outer loop
      vertex 105.273 71 9.75
      vertex 118 71 6.5
      vertex 116.091 71 9.75
    endloop
  endfacet
  facet normal 0 -1 0
    outer loop
      vertex 116.091 71 9.75
      vertex 118 71 6.5
      vertex 118 71 9.75
    endloop
  endfacet
  facet normal 0 -1 -0
    outer loop
      vertex 118 71 6.5
      vertex 7.9 71 6
      vertex 152 71 6.5
    endloop
  endfacet
  facet normal 0 -1 0
    outer loop
      vertex 90.2727 71 9.75
      vertex 118 71 6.5
      vertex 105.273 71 9.75
    endloop
  endfacet
  facet normal 0 -1 -0
    outer loop
      vertex 12.8182 71 11.25
      vertex 7.9 71 6
      vertex 12.8182 71 9.75
    endloop
  endfacet
  facet normal 0 -1 0
    outer loop
      vertex 152 71 14.5
      vertex 265.1 71 17
      vertex 118 71 14.5
    endloop
  endfacet
  facet normal 0 -1 0
    outer loop
      vertex 156.909 71 11.25
      vertex 152 71 14.5
      vertex 152 71 11.25
    endloop
  endfacet
  facet normal 0 -1 0
    outer loop
      vertex 167.727 71 11.25
      vertex 152 71 14.5
      vertex 156.909 71 11.25
    endloop
  endfacet
  facet normal 0 -1 0
    outer loop
      vertex 182.727 71 11.25
      vertex 152 71 14.5
      vertex 167.727 71 11.25
    endloop
  endfacet
  facet normal 0 -1 0
    outer loop
      vertex 193.545 71 11.25
      vertex 152 71 14.5
      vertex 182.727 71 11.25
    endloop
  endfacet
  facet normal 0 -1 0
    outer loop
      vertex 152 71 14.5
      vertex 193.545 71 11.25
      vertex 265.1 71 17
    endloop
  endfacet
  facet normal 0 -1 0
    outer loop
      vertex 208.545 71 11.25
      vertex 265.1 71 17
      vertex 193.545 71 11.25
    endloop
  endfacet
  facet normal 0 -1 0
    outer loop
      vertex 219.364 71 11.25
      vertex 265.1 71 17
      vertex 208.545 71 11.25
    endloop
  endfacet
  facet normal 0 -1 0
    outer loop
      vertex 234.364 71 11.25
      vertex 265.1 71 17
      vertex 219.364 71 11.25
    endloop
  endfacet
  facet normal 0 -1 0
    outer loop
      vertex 245.182 71 11.25
      vertex 265.1 71 17
      vertex 234.364 71 11.25
    endloop
  endfacet
  facet normal 0 -1 0
    outer loop
      vertex 260.182 71 11.25
      vertex 265.1 71 17
      vertex 245.182 71 11.25
    endloop
  endfacet
  facet normal 0 -1 0
    outer loop
      vertex 265.1 71 6
      vertex 260.182 71 11.25
      vertex 260.182 71 9.75
    endloop
  endfacet
  facet normal 0 -1 0
    outer loop
      vertex 260.182 71 11.25
      vertex 265.1 71 6
      vertex 265.1 71 17
    endloop
  endfacet
  facet normal 0 -1 0
    outer loop
      vertex 245.182 71 9.75
      vertex 265.1 71 6
      vertex 260.182 71 9.75
    endloop
  endfacet
  facet normal 0 -1 0
    outer loop
      vertex 265.1 71 6
      vertex 152 71 6.5
      vertex 7.9 71 6
    endloop
  endfacet
  facet normal 0 -1 0
    outer loop
      vertex 38.6364 71 11.25
      vertex 7.9 71 17
      vertex 27.8182 71 11.25
    endloop
  endfacet
  facet normal 0 -1 0
    outer loop
      vertex 53.6364 71 11.25
      vertex 7.9 71 17
      vertex 38.6364 71 11.25
    endloop
  endfacet
  facet normal 0 -1 0
    outer loop
      vertex 64.4545 71 11.25
      vertex 7.9 71 17
      vertex 53.6364 71 11.25
    endloop
  endfacet
  facet normal 0 -1 0
    outer loop
      vertex 7.9 71 17
      vertex 64.4545 71 11.25
      vertex 118 71 14.5
    endloop
  endfacet
  facet normal 0 -1 0
    outer loop
      vertex 79.4545 71 11.25
      vertex 118 71 14.5
      vertex 64.4545 71 11.25
    endloop
  endfacet
  facet normal 0 -1 0
    outer loop
      vertex 90.2727 71 11.25
      vertex 118 71 14.5
      vertex 79.4545 71 11.25
    endloop
  endfacet
  facet normal 0 -1 0
    outer loop
      vertex 105.273 71 11.25
      vertex 118 71 14.5
      vertex 90.2727 71 11.25
    endloop
  endfacet
  facet normal 0 -1 0
    outer loop
      vertex 116.091 71 11.25
      vertex 118 71 14.5
      vertex 105.273 71 11.25
    endloop
  endfacet
  facet normal 0 -1 -0
    outer loop
      vertex 118 71 14.5
      vertex 116.091 71 11.25
      vertex 118 71 11.25
    endloop
  endfacet
  facet normal -1 0 0
    outer loop
      vertex 144.5 0.0291643 7
      vertex 144.5 2 14
      vertex 144.5 2 7
    endloop
  endfacet
  facet normal -1 -0 0
    outer loop
      vertex 144.5 2 14
      vertex 144.5 0.0291643 7
      vertex 144.5 0.0291643 14
    endloop
  endfacet
  facet normal 0 0 -1
    outer loop
      vertex 128.5 0.0291643 14
      vertex 144.5 2 14
      vertex 144.5 0.0291643 14
    endloop
  endfacet
  facet normal -0 0 -1
    outer loop
      vertex 144.5 2 14
      vertex 128.5 0.0291643 14
      vertex 128.5 2 14
    endloop
  endfacet
  facet normal -0 0 1
    outer loop
      vertex 128.5 2 7
      vertex 144.5 0.0291643 7
      vertex 144.5 2 7
    endloop
  endfacet
  facet normal 0 0 1
    outer loop
      vertex 144.5 0.0291643 7
      vertex 128.5 2 7
      vertex 128.5 0.0291643 7
    endloop
  endfacet
  facet normal 1 -0 0
    outer loop
      vertex 128.5 0.0291643 14
      vertex 128.5 2 7
      vertex 128.5 2 14
    endloop
  endfacet
  facet normal 1 0 0
    outer loop
      vertex 128.5 2 7
      vertex 128.5 0.0291643 14
      vertex 128.5 0.0291643 7
    endloop
  endfacet
  facet normal 1 0 0
    outer loop
      vertex 128.5 0.0291643 15.9708
      vertex 128.5 2 17
      vertex 128.5 0.75736 17
    endloop
  endfacet
  facet normal 1 0 0
    outer loop
      vertex 128.5 0.0291643 15.9708
      vertex 128.5 0.75736 17
      vertex 128.5 0.0291643 16.2718
    endloop
  endfacet
  facet normal 1 0 0
    outer loop
      vertex 128.5 2 17
      vertex 128.5 0.0291643 15.9708
      vertex 128.5 2 14
    endloop
  endfacet
  facet normal -1 0 0
    outer loop
      vertex 144.5 0.0291643 15.9708
      vertex 144.5 2 17
      vertex 144.5 2 14
    endloop
  endfacet
  facet normal -1 -0 0
    outer loop
      vertex 144.5 2 17
      vertex 144.5 0.0291643 15.9708
      vertex 144.5 0.75736 17
    endloop
  endfacet
  facet normal -1 0 0
    outer loop
      vertex 144.5 0.75736 17
      vertex 144.5 0.0291643 15.9708
      vertex 144.5 0.0291643 16.2718
    endloop
  endfacet
  facet normal 0 0.707109 -0.707105
    outer loop
      vertex 128.5 0.0291643 16.2718
      vertex 144.5 0.75736 17
      vertex 144.5 0.0291643 16.2718
    endloop
  endfacet
  facet normal 0 0.707109 -0.707105
    outer loop
      vertex 144.5 0.75736 17
      vertex 128.5 0.0291643 16.2718
      vertex 128.5 0.75736 17
    endloop
  endfacet
  facet normal 0 0.7071 0.707113
    outer loop
      vertex 144.5 2 14
      vertex 128.5 0.0291643 15.9708
      vertex 144.5 0.0291643 15.9708
    endloop
  endfacet
  facet normal 0 0.7071 0.707113
    outer loop
      vertex 128.5 0.0291643 15.9708
      vertex 144.5 2 14
      vertex 128.5 2 14
    endloop
  endfacet
  facet normal -1 0 0
    outer loop
      vertex 243 0.0291643 11.5
      vertex 243 2 13
      vertex 243 2 11.5
    endloop
  endfacet
  facet normal -1 -0 0
    outer loop
      vertex 243 2 13
      vertex 243 0.0291643 11.5
      vertex 243 0.0291643 13
    endloop
  endfacet
  facet normal 0 0 -1
    outer loop
      vertex 235 0.0291643 13
      vertex 243 2 13
      vertex 243 0.0291643 13
    endloop
  endfacet
  facet normal -0 0 -1
    outer loop
      vertex 243 2 13
      vertex 235 0.0291643 13
      vertex 235 2 13
    endloop
  endfacet
  facet normal -0 0 1
    outer loop
      vertex 235 2 11.5
      vertex 243 0.0291643 11.5
      vertex 243 2 11.5
    endloop
  endfacet
  facet normal 0 0 1
    outer loop
      vertex 243 0.0291643 11.5
      vertex 235 2 11.5
      vertex 235 0.0291643 11.5
    endloop
  endfacet
  facet normal 1 -0 0
    outer loop
      vertex 235 0.0291643 13
      vertex 235 2 11.5
      vertex 235 2 13
    endloop
  endfacet
  facet normal 1 0 0
    outer loop
      vertex 235 2 11.5
      vertex 235 0.0291643 13
      vertex 235 0.0291643 11.5
    endloop
  endfacet
  facet normal -1 0 0
    outer loop
      vertex 35.5 0.0291643 11
      vertex 35.5 2 13.5
      vertex 35.5 2 11
    endloop
  endfacet
  facet normal -1 -0 0
    outer loop
      vertex 35.5 2 13.5
      vertex 35.5 0.0291643 11
      vertex 35.5 0.0291643 13.5
    endloop
  endfacet
  facet normal 0 0 -1
    outer loop
      vertex 22.5 0.0291643 13.5
      vertex 35.5 2 13.5
      vertex 35.5 0.0291643 13.5
    endloop
  endfacet
  facet normal -0 0 -1
    outer loop
      vertex 35.5 2 13.5
      vertex 22.5 0.0291643 13.5
      vertex 22.5 2 13.5
    endloop
  endfacet
  facet normal -0 0 1
    outer loop
      vertex 22.5 2 11
      vertex 35.5 0.0291643 11
      vertex 35.5 2 11
    endloop
  endfacet
  facet normal 0 0 1
    outer loop
      vertex 35.5 0.0291643 11
      vertex 22.5 2 11
      vertex 22.5 0.0291643 11
    endloop
  endfacet
  facet normal 1 -0 0
    outer loop
      vertex 22.5 0.0291643 13.5
      vertex 22.5 2 11
      vertex 22.5 2 13.5
    endloop
  endfacet
  facet normal 1 0 0
    outer loop
      vertex 22.5 2 11
      vertex 22.5 0.0291643 13.5
      vertex 22.5 0.0291643 11
    endloop
  endfacet
  facet normal -0.881926 0.471389 0
    outer loop
      vertex 4 8.27638 2
      vertex 4.08986 8.4445 17
      vertex 4.08986 8.4445 2
    endloop
  endfacet
  facet normal -0.881918 0.471403 0
    outer loop
      vertex 3.76642 7.83939 17
      vertex 4 8.27638 2
      vertex 3.76642 7.83939 2
    endloop
  endfacet
  facet normal -0.88192 0.471399 -1.50429e-07
    outer loop
      vertex 4 8.27638 2
      vertex 3.76642 7.83939 17
      vertex 4.08986 8.4445 17
    endloop
  endfacet
  facet normal 0.956968 0.290193 0
    outer loop
      vertex 10.4327 7.18282 17
      vertex 10.2336 7.83939 2
      vertex 10.2336 7.83939 17
    endloop
  endfacet
  facet normal 0.956968 0.290193 0
    outer loop
      vertex 10.2336 7.83939 2
      vertex 10.4327 7.18282 17
      vertex 10.4327 7.18282 2
    endloop
  endfacet
  facet normal 0.995178 0.0980866 0
    outer loop
      vertex 10.5 6.5 17
      vertex 10.4327 7.18282 2
      vertex 10.4327 7.18282 17
    endloop
  endfacet
  facet normal 0.995178 0.0980866 0
    outer loop
      vertex 10.4327 7.18282 2
      vertex 10.5 6.5 17
      vertex 10.5 6.5 2
    endloop
  endfacet
  facet normal 0.29029 -0.956939 0
    outer loop
      vertex 7.9 3.13313 2
      vertex 8.33939 3.26642 17
      vertex 7.9 3.13313 17
    endloop
  endfacet
  facet normal 0.29029 -0.956939 0
    outer loop
      vertex 8.33939 3.26642 17
      vertex 7.9 3.13313 2
      vertex 8.33939 3.26642 2
    endloop
  endfacet
  facet normal -0.956939 -0.29029 0
    outer loop
      vertex 3.76642 5.16061 2
      vertex 3.63313 5.6 17
      vertex 3.63313 5.6 2
    endloop
  endfacet
  facet normal -0.956939 -0.29029 0
    outer loop
      vertex 3.63313 5.6 17
      vertex 3.76642 5.16061 2
      vertex 3.76642 5.16061 17
    endloop
  endfacet
  facet normal 0.773006 -0.634399 0
    outer loop
      vertex 9.47487 4.02513 17
      vertex 9.91014 4.5555 2
      vertex 9.91014 4.5555 17
    endloop
  endfacet
  facet normal 0.773006 -0.634399 0
    outer loop
      vertex 9.91014 4.5555 2
      vertex 9.47487 4.02513 17
      vertex 9.47487 4.02513 2
    endloop
  endfacet
  facet normal 0.881908 0.471422 0
    outer loop
      vertex 10.2336 7.83939 17
      vertex 9.91014 8.4445 2
      vertex 9.91014 8.4445 17
    endloop
  endfacet
  facet normal 0.881908 0.471422 0
    outer loop
      vertex 9.91014 8.4445 2
      vertex 10.2336 7.83939 17
      vertex 10.2336 7.83939 2
    endloop
  endfacet
  facet normal 0.634399 0.773006 -0
    outer loop
      vertex 9.47487 8.97487 2
      vertex 8.9445 9.41014 17
      vertex 9.47487 8.97487 17
    endloop
  endfacet
  facet normal 0.634399 0.773006 0
    outer loop
      vertex 8.9445 9.41014 17
      vertex 9.47487 8.97487 2
      vertex 8.9445 9.41014 2
    endloop
  endfacet
  facet normal 0.290287 0.95694 -0
    outer loop
      vertex 8.33939 9.73358 2
      vertex 7.68282 9.93275 17
      vertex 8.33939 9.73358 17
    endloop
  endfacet
  facet normal 0.290287 0.95694 0
    outer loop
      vertex 7.68282 9.93275 17
      vertex 8.33939 9.73358 2
      vertex 7.68282 9.93275 2
    endloop
  endfacet
  facet normal -0.881918 -0.471403 0
    outer loop
      vertex 4 4.72362 2
      vertex 3.76642 5.16061 17
      vertex 3.76642 5.16061 2
    endloop
  endfacet
  facet normal -0.881926 -0.471389 -0
    outer loop
      vertex 4.08986 4.5555 17
      vertex 4 4.72362 2
      vertex 4.08986 4.5555 2
    endloop
  endfacet
  facet normal -0.88192 -0.471399 -1.50429e-07
    outer loop
      vertex 4 4.72362 2
      vertex 4.08986 4.5555 17
      vertex 3.76642 5.16061 17
    endloop
  endfacet
  facet normal 0.773006 0.634399 0
    outer loop
      vertex 9.91014 8.4445 17
      vertex 9.47487 8.97487 2
      vertex 9.47487 8.97487 17
    endloop
  endfacet
  facet normal 0.773006 0.634399 0
    outer loop
      vertex 9.47487 8.97487 2
      vertex 9.91014 8.4445 17
      vertex 9.91014 8.4445 2
    endloop
  endfacet
  facet normal 0.0980144 0.995185 -0
    outer loop
      vertex 7.68282 9.93275 2
      vertex 7 10 17
      vertex 7.68282 9.93275 17
    endloop
  endfacet
  facet normal 0.0980144 0.995185 0
    outer loop
      vertex 7 10 17
      vertex 7.68282 9.93275 2
      vertex 7 10 2
    endloop
  endfacet
  facet normal -0.290287 0.95694 0
    outer loop
      vertex 6.31718 9.93275 2
      vertex 5.66061 9.73358 17
      vertex 6.31718 9.93275 17
    endloop
  endfacet
  facet normal -0.290287 0.95694 0
    outer loop
      vertex 5.66061 9.73358 17
      vertex 6.31718 9.93275 2
      vertex 5.66061 9.73358 2
    endloop
  endfacet
  facet normal -0.634529 -0.772899 0
    outer loop
      vertex 4.55574 4 2
      vertex 4.52513 4.02513 17
      vertex 4.52513 4.02513 2
    endloop
  endfacet
  facet normal -0.634399 -0.773006 4.45349e-07
    outer loop
      vertex 4.52513 4.02513 17
      vertex 4.55574 4 2
      vertex 5.0555 3.58986 17
    endloop
  endfacet
  facet normal -0.634391 -0.773012 -0
    outer loop
      vertex 5.0555 3.58986 17
      vertex 4.55574 4 2
      vertex 5.0555 3.58986 2
    endloop
  endfacet
  facet normal 0.471399 0.88192 -0
    outer loop
      vertex 8.9445 9.41014 2
      vertex 8.33939 9.73358 17
      vertex 8.9445 9.41014 17
    endloop
  endfacet
  facet normal 0.471399 0.88192 0
    outer loop
      vertex 8.33939 9.73358 17
      vertex 8.9445 9.41014 2
      vertex 8.33939 9.73358 2
    endloop
  endfacet
  facet normal 0.881908 -0.471422 0
    outer loop
      vertex 9.91014 4.5555 17
      vertex 10.2336 5.16061 2
      vertex 10.2336 5.16061 17
    endloop
  endfacet
  facet normal 0.881908 -0.471422 0
    outer loop
      vertex 10.2336 5.16061 2
      vertex 9.91014 4.5555 17
      vertex 9.91014 4.5555 2
    endloop
  endfacet
  facet normal 0.471399 -0.88192 0
    outer loop
      vertex 8.33939 3.26642 2
      vertex 8.9445 3.58986 17
      vertex 8.33939 3.26642 17
    endloop
  endfacet
  facet normal 0.471399 -0.88192 0
    outer loop
      vertex 8.9445 3.58986 17
      vertex 8.33939 3.26642 2
      vertex 8.9445 3.58986 2
    endloop
  endfacet
  facet normal -0.634399 0.773006 0
    outer loop
      vertex 5.0555 9.41014 2
      vertex 4.52513 8.97487 17
      vertex 5.0555 9.41014 17
    endloop
  endfacet
  facet normal -0.634399 0.773006 0
    outer loop
      vertex 4.52513 8.97487 17
      vertex 5.0555 9.41014 2
      vertex 4.52513 8.97487 2
    endloop
  endfacet
  facet normal -0.471399 0.88192 0
    outer loop
      vertex 5.66061 9.73358 2
      vertex 5.0555 9.41014 17
      vertex 5.66061 9.73358 17
    endloop
  endfacet
  facet normal -0.471399 0.88192 0
    outer loop
      vertex 5.0555 9.41014 17
      vertex 5.66061 9.73358 2
      vertex 5.0555 9.41014 2
    endloop
  endfacet
  facet normal -0.471399 -0.88192 0
    outer loop
      vertex 5.0555 3.58986 2
      vertex 5.66061 3.26642 17
      vertex 5.0555 3.58986 17
    endloop
  endfacet
  facet normal -0.471399 -0.88192 -0
    outer loop
      vertex 5.66061 3.26642 17
      vertex 5.0555 3.58986 2
      vertex 5.66061 3.26642 2
    endloop
  endfacet
  facet normal -0.956939 0.29029 0
    outer loop
      vertex 3.63313 7.4 2
      vertex 3.76642 7.83939 17
      vertex 3.76642 7.83939 2
    endloop
  endfacet
  facet normal -0.956939 0.29029 0
    outer loop
      vertex 3.76642 7.83939 17
      vertex 3.63313 7.4 2
      vertex 3.63313 7.4 17
    endloop
  endfacet
  facet normal 0.956968 -0.290193 0
    outer loop
      vertex 10.2336 5.16061 17
      vertex 10.4327 5.81718 2
      vertex 10.4327 5.81718 17
    endloop
  endfacet
  facet normal 0.956968 -0.290193 0
    outer loop
      vertex 10.4327 5.81718 2
      vertex 10.2336 5.16061 17
      vertex 10.2336 5.16061 2
    endloop
  endfacet
  facet normal -0.0980144 0.995185 0
    outer loop
      vertex 7 10 2
      vertex 6.31718 9.93275 17
      vertex 7 10 17
    endloop
  endfacet
  facet normal -0.0980144 0.995185 0
    outer loop
      vertex 6.31718 9.93275 17
      vertex 7 10 2
      vertex 6.31718 9.93275 2
    endloop
  endfacet
  facet normal -0.773006 0.634399 0
    outer loop
      vertex 4.08986 8.4445 2
      vertex 4.52513 8.97487 17
      vertex 4.52513 8.97487 2
    endloop
  endfacet
  facet normal -0.773006 0.634399 0
    outer loop
      vertex 4.52513 8.97487 17
      vertex 4.08986 8.4445 2
      vertex 4.08986 8.4445 17
    endloop
  endfacet
  facet normal 0.995178 -0.0980866 0
    outer loop
      vertex 10.4327 5.81718 17
      vertex 10.5 6.5 2
      vertex 10.5 6.5 17
    endloop
  endfacet
  facet normal 0.995178 -0.0980866 0
    outer loop
      vertex 10.5 6.5 2
      vertex 10.4327 5.81718 17
      vertex 10.4327 5.81718 2
    endloop
  endfacet
  facet normal -0.773006 -0.634399 0
    outer loop
      vertex 4.52513 4.02513 2
      vertex 4.08986 4.5555 17
      vertex 4.08986 4.5555 2
    endloop
  endfacet
  facet normal -0.773006 -0.634399 0
    outer loop
      vertex 4.08986 4.5555 17
      vertex 4.52513 4.02513 2
      vertex 4.52513 4.02513 17
    endloop
  endfacet
  facet normal 0.634399 -0.773006 0
    outer loop
      vertex 8.9445 3.58986 2
      vertex 9.47487 4.02513 17
      vertex 8.9445 3.58986 17
    endloop
  endfacet
  facet normal 0.634391 -0.773012 4.7263e-07
    outer loop
      vertex 9.44426 4 2
      vertex 9.47487 4.02513 17
      vertex 8.9445 3.58986 2
    endloop
  endfacet
  facet normal 0.634529 -0.772899 0
    outer loop
      vertex 9.47487 4.02513 17
      vertex 9.44426 4 2
      vertex 9.47487 4.02513 2
    endloop
  endfacet
  facet normal -0.29029 -0.956939 0
    outer loop
      vertex 5.66061 3.26642 2
      vertex 6.1 3.13313 17
      vertex 5.66061 3.26642 17
    endloop
  endfacet
  facet normal -0.29029 -0.956939 -0
    outer loop
      vertex 6.1 3.13313 17
      vertex 5.66061 3.26642 2
      vertex 6.1 3.13313 2
    endloop
  endfacet
  facet normal -0.891009 -0.453987 0
    outer loop
      vertex 8.23637 6.90172 4
      vertex 8.05172 7.26412 17
      vertex 8.05172 7.26412 4
    endloop
  endfacet
  facet normal -0.891009 -0.453987 0
    outer loop
      vertex 8.05172 7.26412 17
      vertex 8.23637 6.90172 4
      vertex 8.23637 6.90172 17
    endloop
  endfacet
  facet normal -0.987687 -0.156444 0
    outer loop
      vertex 8.3 6.5 4
      vertex 8.23637 6.90172 17
      vertex 8.23637 6.90172 4
    endloop
  endfacet
  facet normal -0.987687 -0.156444 0
    outer loop
      vertex 8.23637 6.90172 17
      vertex 8.3 6.5 4
      vertex 8.3 6.5 17
    endloop
  endfacet
  facet normal 0.707107 -0.707107 0
    outer loop
      vertex 6.08416 7.4 17
      vertex 6.23588 7.55172 4
      vertex 6.23588 7.55172 17
    endloop
  endfacet
  facet normal 0.707107 -0.707107 0
    outer loop
      vertex 6.23588 7.55172 4
      vertex 6.08416 7.4 17
      vertex 6.08416 7.4 4
    endloop
  endfacet
  facet normal 0.707107 0.707107 0
    outer loop
      vertex 6.1 5.58416 17
      vertex 6.08416 5.6 4
      vertex 6.08416 5.6 17
    endloop
  endfacet
  facet normal 0.707107 0.707107 0
    outer loop
      vertex 6.08416 5.6 4
      vertex 6.1 5.58416 17
      vertex 6.1 5.58416 4
    endloop
  endfacet
  facet normal -0.453987 -0.891009 0
    outer loop
      vertex 7.40172 7.73637 4
      vertex 7.76412 7.55172 17
      vertex 7.40172 7.73637 17
    endloop
  endfacet
  facet normal -0.453987 -0.891009 -0
    outer loop
      vertex 7.76412 7.55172 17
      vertex 7.40172 7.73637 4
      vertex 7.76412 7.55172 4
    endloop
  endfacet
  facet normal -0.707107 0.707107 0
    outer loop
      vertex 7.9 5.58416 4
      vertex 8.05172 5.73588 17
      vertex 8.05172 5.73588 4
    endloop
  endfacet
  facet normal -0.707107 0.707107 0
    outer loop
      vertex 8.05172 5.73588 17
      vertex 7.9 5.58416 4
      vertex 7.9 5.58416 17
    endloop
  endfacet
  facet normal -0.987687 0.156444 0
    outer loop
      vertex 8.23637 6.09828 4
      vertex 8.3 6.5 17
      vertex 8.3 6.5 4
    endloop
  endfacet
  facet normal -0.987687 0.156444 0
    outer loop
      vertex 8.3 6.5 17
      vertex 8.23637 6.09828 4
      vertex 8.23637 6.09828 17
    endloop
  endfacet
  facet normal 0.156444 -0.987687 0
    outer loop
      vertex 6.59828 7.73637 4
      vertex 7 7.8 17
      vertex 6.59828 7.73637 17
    endloop
  endfacet
  facet normal 0.156444 -0.987687 0
    outer loop
      vertex 7 7.8 17
      vertex 6.59828 7.73637 4
      vertex 7 7.8 4
    endloop
  endfacet
  facet normal 0.453987 -0.891009 0
    outer loop
      vertex 6.23588 7.55172 4
      vertex 6.59828 7.73637 17
      vertex 6.23588 7.55172 17
    endloop
  endfacet
  facet normal 0.453987 -0.891009 0
    outer loop
      vertex 6.59828 7.73637 17
      vertex 6.23588 7.55172 4
      vertex 6.59828 7.73637 4
    endloop
  endfacet
  facet normal -0.156444 -0.987687 0
    outer loop
      vertex 7 7.8 4
      vertex 7.40172 7.73637 17
      vertex 7 7.8 17
    endloop
  endfacet
  facet normal -0.156444 -0.987687 -0
    outer loop
      vertex 7.40172 7.73637 17
      vertex 7 7.8 4
      vertex 7.40172 7.73637 4
    endloop
  endfacet
  facet normal -0.891009 0.453987 0
    outer loop
      vertex 8.05172 5.73588 4
      vertex 8.23637 6.09828 17
      vertex 8.23637 6.09828 4
    endloop
  endfacet
  facet normal -0.891009 0.453987 0
    outer loop
      vertex 8.23637 6.09828 17
      vertex 8.05172 5.73588 4
      vertex 8.05172 5.73588 17
    endloop
  endfacet
  facet normal -0 0 1
    outer loop
      vertex 6.59828 7.73637 4
      vertex 7 7.4 4
      vertex 7 7.8 4
    endloop
  endfacet
  facet normal -0 0 1
    outer loop
      vertex 6.23588 7.55172 4
      vertex 7 7.4 4
      vertex 6.59828 7.73637 4
    endloop
  endfacet
  facet normal 0 0 1
    outer loop
      vertex 7 7.4 4
      vertex 6.23588 7.55172 4
      vertex 6.08416 7.4 4
    endloop
  endfacet
  facet normal 0 0 1
    outer loop
      vertex 7.9 6.5 4
      vertex 8.3 6.5 4
      vertex 8.23637 6.90172 4
    endloop
  endfacet
  facet normal 0 0 1
    outer loop
      vertex 7.9 6.5 4
      vertex 8.23637 6.90172 4
      vertex 8.05172 7.26412 4
    endloop
  endfacet
  facet normal 0 0 1
    outer loop
      vertex 8.3 6.5 4
      vertex 7.9 6.5 4
      vertex 8.23637 6.09828 4
    endloop
  endfacet
  facet normal 0 0 1
    outer loop
      vertex 8.23637 6.09828 4
      vertex 7.9 6.5 4
      vertex 8.05172 5.73588 4
    endloop
  endfacet
  facet normal 0 0 1
    outer loop
      vertex 7.76412 7.55172 4
      vertex 7.9 6.5 4
      vertex 8.05172 7.26412 4
    endloop
  endfacet
  facet normal 0 0 1
    outer loop
      vertex 7 7.4 4
      vertex 7.76412 7.55172 4
      vertex 7.40172 7.73637 4
    endloop
  endfacet
  facet normal 0 0 1
    outer loop
      vertex 7 7.4 4
      vertex 7.40172 7.73637 4
      vertex 7 7.8 4
    endloop
  endfacet
  facet normal 0 0 1
    outer loop
      vertex 7.76412 7.55172 4
      vertex 7 7.4 4
      vertex 7.9 6.5 4
    endloop
  endfacet
  facet normal 0 0 1
    outer loop
      vertex 7.9 6.5 4
      vertex 7 7.4 4
      vertex 7 6.5 4
    endloop
  endfacet
  facet normal 0 0 1
    outer loop
      vertex 8.05172 5.73588 4
      vertex 7.9 6.5 4
      vertex 7.9 5.58416 4
    endloop
  endfacet
  facet normal 0 -0 1
    outer loop
      vertex 6.1 5.58416 4
      vertex 6.1 5.6 4
      vertex 6.08416 5.6 4
    endloop
  endfacet
  facet normal -0.707107 -0.707107 0
    outer loop
      vertex 8.05172 7.26412 4
      vertex 7.76412 7.55172 17
      vertex 7.76412 7.55172 4
    endloop
  endfacet
  facet normal -0.707107 -0.707107 0
    outer loop
      vertex 7.76412 7.55172 17
      vertex 8.05172 7.26412 4
      vertex 8.05172 7.26412 17
    endloop
  endfacet
  facet normal 1 -0 0
    outer loop
      vertex 7 6.5 17
      vertex 7 7.4 4
      vertex 7 7.4 17
    endloop
  endfacet
  facet normal 1 0 0
    outer loop
      vertex 7 7.4 4
      vertex 7 6.5 17
      vertex 7 6.5 4
    endloop
  endfacet
  facet normal 0 1 -0
    outer loop
      vertex 3.63313 7.4 2
      vertex 2 7.4 17
      vertex 3.63313 7.4 17
    endloop
  endfacet
  facet normal 0 1 0
    outer loop
      vertex 2 7.4 17
      vertex 3.63313 7.4 2
      vertex 2 7.4 2
    endloop
  endfacet
  facet normal 0 1 -0
    outer loop
      vertex 7 7.4 4
      vertex 6.08416 7.4 17
      vertex 7 7.4 17
    endloop
  endfacet
  facet normal 0 1 0
    outer loop
      vertex 6.08416 7.4 17
      vertex 7 7.4 4
      vertex 6.08416 7.4 4
    endloop
  endfacet
  facet normal 0 -1 0
    outer loop
      vertex 2 5.6 2
      vertex 3.63313 5.6 17
      vertex 2 5.6 17
    endloop
  endfacet
  facet normal 0 -1 -0
    outer loop
      vertex 3.63313 5.6 17
      vertex 2 5.6 2
      vertex 3.63313 5.6 2
    endloop
  endfacet
  facet normal 0 -1 0
    outer loop
      vertex 6.08416 5.6 4
      vertex 6.1 5.6 17
      vertex 6.08416 5.6 17
    endloop
  endfacet
  facet normal 0 -1 -0
    outer loop
      vertex 6.1 5.6 17
      vertex 6.08416 5.6 4
      vertex 6.1 5.6 4
    endloop
  endfacet
  facet normal 1 -0 0
    outer loop
      vertex 7.9 5.58416 17
      vertex 7.9 6.5 4
      vertex 7.9 6.5 17
    endloop
  endfacet
  facet normal 1 0 0
    outer loop
      vertex 7.9 6.5 4
      vertex 7.9 5.58416 17
      vertex 7.9 5.58416 4
    endloop
  endfacet
  facet normal 1 0 0
    outer loop
      vertex 7.9 2 11.25
      vertex 7.9 3.13313 17
      vertex 7.9 2 17
    endloop
  endfacet
  facet normal 1 0 0
    outer loop
      vertex 7.9 2 9.75
      vertex 7.9 3.13313 17
      vertex 7.9 2 11.25
    endloop
  endfacet
  facet normal 1 0 0
    outer loop
      vertex 7.9 3.13313 17
      vertex 7.9 2 9.75
      vertex 7.9 3.13313 2
    endloop
  endfacet
  facet normal 1 0 0
    outer loop
      vertex 7.9 3.13313 2
      vertex 7.9 2 9.75
      vertex 7.9 2 2
    endloop
  endfacet
  facet normal -1 0 0
    outer loop
      vertex 6.1 2 9.75
      vertex 6.1 3.13313 2
      vertex 6.1 2 2
    endloop
  endfacet
  facet normal -1 0 0
    outer loop
      vertex 6.1 3.13313 2
      vertex 6.1 2 9.75
      vertex 6.1 3.13313 17
    endloop
  endfacet
  facet normal -1 0 0
    outer loop
      vertex 6.1 2 11.25
      vertex 6.1 3.13313 17
      vertex 6.1 2 9.75
    endloop
  endfacet
  facet normal -1 -0 0
    outer loop
      vertex 6.1 3.13313 17
      vertex 6.1 2 11.25
      vertex 6.1 2 17
    endloop
  endfacet
  facet normal -1 0 0
    outer loop
      vertex 6.1 5.58416 4
      vertex 6.1 5.6 17
      vertex 6.1 5.6 4
    endloop
  endfacet
  facet normal -1 -0 0
    outer loop
      vertex 6.1 5.6 17
      vertex 6.1 5.58416 4
      vertex 6.1 5.58416 17
    endloop
  endfacet
  facet normal 0 1 -0
    outer loop
      vertex 7.9 6.5 4
      vertex 7 6.5 17
      vertex 7.9 6.5 17
    endloop
  endfacet
  facet normal 0 1 0
    outer loop
      vertex 7 6.5 17
      vertex 7.9 6.5 4
      vertex 7 6.5 4
    endloop
  endfacet
  facet normal -0.881917 0.471405 0
    outer loop
      vertex 3.76642 67.8394 6
      vertex 4.08986 68.4445 17
      vertex 4.08986 68.4445 6
    endloop
  endfacet
  facet normal -0.881917 0.471405 0
    outer loop
      vertex 4.08986 68.4445 17
      vertex 3.76642 67.8394 6
      vertex 3.76642 67.8394 17
    endloop
  endfacet
  facet normal 0.0980866 -0.995178 0
    outer loop
      vertex 7 63 2
      vertex 7.68282 63.0673 17
      vertex 7 63 17
    endloop
  endfacet
  facet normal 0.0980866 -0.995178 0
    outer loop
      vertex 7.68282 63.0673 17
      vertex 7 63 2
      vertex 7.68282 63.0673 2
    endloop
  endfacet
  facet normal 0.956972 0.290181 0
    outer loop
      vertex 10.4327 67.1828 17
      vertex 10.2336 67.8394 6
      vertex 10.2336 67.8394 17
    endloop
  endfacet
  facet normal 0.956972 0.290181 0
    outer loop
      vertex 10.2336 67.8394 6
      vertex 10.4327 67.1828 17
      vertex 10.4327 67.1828 6
    endloop
  endfacet
  facet normal 0.995134 0.0985335 0
    outer loop
      vertex 10.4327 67.1828 17
      vertex 10.4508 67 6
      vertex 10.4327 67.1828 6
    endloop
  endfacet
  facet normal 0.995178 0.0980894 7.45177e-06
    outer loop
      vertex 10.5 66.5 17
      vertex 10.4508 67 6
      vertex 10.4327 67.1828 17
    endloop
  endfacet
  facet normal 0.995194 0.097927 -0
    outer loop
      vertex 10.5 66.5 2
      vertex 10.4508 67 6
      vertex 10.5 66.5 17
    endloop
  endfacet
  facet normal 0.995194 0.097927 0
    outer loop
      vertex 10.4508 67 6
      vertex 10.5 66.5 2
      vertex 10.4508 67 2
    endloop
  endfacet
  facet normal 0.290193 -0.956968 0
    outer loop
      vertex 7.68282 63.0673 2
      vertex 8.33939 63.2664 17
      vertex 7.68282 63.0673 17
    endloop
  endfacet
  facet normal 0.290193 -0.956968 0
    outer loop
      vertex 8.33939 63.2664 17
      vertex 7.68282 63.0673 2
      vertex 8.33939 63.2664 2
    endloop
  endfacet
  facet normal -0.956941 -0.290284 0
    outer loop
      vertex 3.76642 65.1606 2
      vertex 3.63313 65.6 17
      vertex 3.63313 65.6 2
    endloop
  endfacet
  facet normal -0.956941 -0.290284 0
    outer loop
      vertex 3.63313 65.6 17
      vertex 3.76642 65.1606 2
      vertex 3.76642 65.1606 17
    endloop
  endfacet
  facet normal 0.773023 -0.634378 0
    outer loop
      vertex 9.47487 64.0251 17
      vertex 9.91014 64.5555 2
      vertex 9.91014 64.5555 17
    endloop
  endfacet
  facet normal 0.773023 -0.634378 0
    outer loop
      vertex 9.91014 64.5555 2
      vertex 9.47487 64.0251 17
      vertex 9.47487 64.0251 2
    endloop
  endfacet
  facet normal 0.881905 0.471428 0
    outer loop
      vertex 10.2336 67.8394 17
      vertex 9.91014 68.4445 6
      vertex 9.91014 68.4445 17
    endloop
  endfacet
  facet normal 0.881905 0.471428 0
    outer loop
      vertex 9.91014 68.4445 6
      vertex 10.2336 67.8394 17
      vertex 10.2336 67.8394 6
    endloop
  endfacet
  facet normal 0.634338 0.773056 -0
    outer loop
      vertex 9.47487 68.9749 6
      vertex 8.9445 69.4101 17
      vertex 9.47487 68.9749 17
    endloop
  endfacet
  facet normal 0.634338 0.773056 0
    outer loop
      vertex 8.9445 69.4101 17
      vertex 9.47487 68.9749 6
      vertex 8.9445 69.4101 6
    endloop
  endfacet
  facet normal 0.29031 0.956933 -0
    outer loop
      vertex 8.33939 69.7336 6
      vertex 7.9 69.8669 17
      vertex 8.33939 69.7336 17
    endloop
  endfacet
  facet normal 0.29031 0.956933 0
    outer loop
      vertex 7.9 69.8669 17
      vertex 8.33939 69.7336 6
      vertex 7.9 69.8669 6
    endloop
  endfacet
  facet normal -0.881922 -0.471395 0
    outer loop
      vertex 4 64.7236 2
      vertex 3.76642 65.1606 17
      vertex 3.76642 65.1606 2
    endloop
  endfacet
  facet normal -0.881902 -0.471432 -0
    outer loop
      vertex 4.08986 64.5555 17
      vertex 4 64.7236 2
      vertex 4.08986 64.5555 2
    endloop
  endfacet
  facet normal -0.881917 -0.471405 3.90797e-07
    outer loop
      vertex 4 64.7236 2
      vertex 4.08986 64.5555 17
      vertex 3.76642 65.1606 17
    endloop
  endfacet
  facet normal 0.773023 0.634378 0
    outer loop
      vertex 9.91014 68.4445 17
      vertex 9.47487 68.9749 6
      vertex 9.47487 68.9749 17
    endloop
  endfacet
  facet normal 0.773023 0.634378 0
    outer loop
      vertex 9.47487 68.9749 6
      vertex 9.91014 68.4445 17
      vertex 9.91014 68.4445 6
    endloop
  endfacet
  facet normal -0.29031 0.956933 0
    outer loop
      vertex 6.1 69.8669 6
      vertex 5.66061 69.7336 17
      vertex 6.1 69.8669 17
    endloop
  endfacet
  facet normal -0.29031 0.956933 0
    outer loop
      vertex 5.66061 69.7336 17
      vertex 6.1 69.8669 6
      vertex 5.66061 69.7336 6
    endloop
  endfacet
  facet normal -0.634338 -0.773056 0
    outer loop
      vertex 4.52513 64.0251 2
      vertex 5.0555 63.5899 17
      vertex 4.52513 64.0251 17
    endloop
  endfacet
  facet normal -0.634338 -0.773056 -0
    outer loop
      vertex 5.0555 63.5899 17
      vertex 4.52513 64.0251 2
      vertex 5.0555 63.5899 2
    endloop
  endfacet
  facet normal 0.471467 0.881884 -0
    outer loop
      vertex 8.9445 69.4101 6
      vertex 8.33939 69.7336 17
      vertex 8.9445 69.4101 17
    endloop
  endfacet
  facet normal 0.471467 0.881884 0
    outer loop
      vertex 8.33939 69.7336 17
      vertex 8.9445 69.4101 6
      vertex 8.33939 69.7336 6
    endloop
  endfacet
  facet normal 0.88179 -0.471642 0
    outer loop
      vertex 10.2336 65.1606 17
      vertex 10.1477 65 2
      vertex 10.2336 65.1606 2
    endloop
  endfacet
  facet normal 0.881905 -0.471428 -2.95513e-06
    outer loop
      vertex 9.91014 64.5555 17
      vertex 10.1477 65 2
      vertex 10.2336 65.1606 17
    endloop
  endfacet
  facet normal 0.881946 -0.47135 0
    outer loop
      vertex 10.1477 65 2
      vertex 9.91014 64.5555 17
      vertex 9.91014 64.5555 2
    endloop
  endfacet
  facet normal 0.471467 -0.881884 0
    outer loop
      vertex 8.33939 63.2664 2
      vertex 8.9445 63.5899 17
      vertex 8.33939 63.2664 17
    endloop
  endfacet
  facet normal 0.471467 -0.881884 0
    outer loop
      vertex 8.9445 63.5899 17
      vertex 8.33939 63.2664 2
      vertex 8.9445 63.5899 2
    endloop
  endfacet
  facet normal -0.634338 0.773056 0
    outer loop
      vertex 5.0555 69.4101 6
      vertex 4.52513 68.9749 17
      vertex 5.0555 69.4101 17
    endloop
  endfacet
  facet normal -0.634338 0.773056 0
    outer loop
      vertex 4.52513 68.9749 17
      vertex 5.0555 69.4101 6
      vertex 4.52513 68.9749 6
    endloop
  endfacet
  facet normal -0.471467 0.881884 0
    outer loop
      vertex 5.66061 69.7336 6
      vertex 5.0555 69.4101 17
      vertex 5.66061 69.7336 17
    endloop
  endfacet
  facet normal -0.471467 0.881884 0
    outer loop
      vertex 5.0555 69.4101 17
      vertex 5.66061 69.7336 6
      vertex 5.0555 69.4101 6
    endloop
  endfacet
  facet normal -0.471467 -0.881884 0
    outer loop
      vertex 5.0555 63.5899 2
      vertex 5.66061 63.2664 17
      vertex 5.0555 63.5899 17
    endloop
  endfacet
  facet normal -0.471467 -0.881884 -0
    outer loop
      vertex 5.66061 63.2664 17
      vertex 5.0555 63.5899 2
      vertex 5.66061 63.2664 2
    endloop
  endfacet
  facet normal -0.956941 0.290284 0
    outer loop
      vertex 3.63313 67.4 6
      vertex 3.76642 67.8394 17
      vertex 3.76642 67.8394 6
    endloop
  endfacet
  facet normal -0.956941 0.290284 0
    outer loop
      vertex 3.76642 67.8394 17
      vertex 3.63313 67.4 6
      vertex 3.63313 67.4 17
    endloop
  endfacet
  facet normal 0.956972 -0.290181 0
    outer loop
      vertex 10.2336 65.1606 17
      vertex 10.4327 65.8172 2
      vertex 10.4327 65.8172 17
    endloop
  endfacet
  facet normal 0.956972 -0.290181 0
    outer loop
      vertex 10.4327 65.8172 2
      vertex 10.2336 65.1606 17
      vertex 10.2336 65.1606 2
    endloop
  endfacet
  facet normal -0.773023 0.634378 0
    outer loop
      vertex 4.08986 68.4445 6
      vertex 4.52513 68.9749 17
      vertex 4.52513 68.9749 6
    endloop
  endfacet
  facet normal -0.773023 0.634378 0
    outer loop
      vertex 4.52513 68.9749 17
      vertex 4.08986 68.4445 6
      vertex 4.08986 68.4445 17
    endloop
  endfacet
  facet normal 0.995178 -0.0980894 0
    outer loop
      vertex 10.4327 65.8172 17
      vertex 10.5 66.5 2
      vertex 10.5 66.5 17
    endloop
  endfacet
  facet normal 0.995178 -0.0980894 0
    outer loop
      vertex 10.5 66.5 2
      vertex 10.4327 65.8172 17
      vertex 10.4327 65.8172 2
    endloop
  endfacet
  facet normal -0.773023 -0.634378 0
    outer loop
      vertex 4.52513 64.0251 2
      vertex 4.08986 64.5555 17
      vertex 4.08986 64.5555 2
    endloop
  endfacet
  facet normal -0.773023 -0.634378 0
    outer loop
      vertex 4.08986 64.5555 17
      vertex 4.52513 64.0251 2
      vertex 4.52513 64.0251 17
    endloop
  endfacet
  facet normal 0.634338 -0.773056 0
    outer loop
      vertex 8.9445 63.5899 2
      vertex 9.47487 64.0251 17
      vertex 8.9445 63.5899 17
    endloop
  endfacet
  facet normal 0.634338 -0.773056 0
    outer loop
      vertex 9.47487 64.0251 17
      vertex 8.9445 63.5899 2
      vertex 9.47487 64.0251 2
    endloop
  endfacet
  facet normal -0.0980866 -0.995178 0
    outer loop
      vertex 6.31718 63.0673 2
      vertex 7 63 17
      vertex 6.31718 63.0673 17
    endloop
  endfacet
  facet normal -0.0980866 -0.995178 -0
    outer loop
      vertex 7 63 17
      vertex 6.31718 63.0673 2
      vertex 7 63 2
    endloop
  endfacet
  facet normal -0.290193 -0.956968 0
    outer loop
      vertex 5.66061 63.2664 2
      vertex 6.31718 63.0673 17
      vertex 5.66061 63.2664 17
    endloop
  endfacet
  facet normal -0.290193 -0.956968 -0
    outer loop
      vertex 6.31718 63.0673 17
      vertex 5.66061 63.2664 2
      vertex 6.31718 63.0673 2
    endloop
  endfacet
  facet normal -0.890987 -0.454029 0
    outer loop
      vertex 8.1863 67 6
      vertex 8.05172 67.2641 17
      vertex 8.05172 67.2641 6
    endloop
  endfacet
  facet normal -0.891066 -0.453873 -0
    outer loop
      vertex 8.23637 66.9017 17
      vertex 8.1863 67 6
      vertex 8.23637 66.9017 4
    endloop
  endfacet
  facet normal -0.891009 -0.453987 -1.28005e-06
    outer loop
      vertex 8.1863 67 6
      vertex 8.23637 66.9017 17
      vertex 8.05172 67.2641 17
    endloop
  endfacet
  facet normal -0.891066 -0.453873 0
    outer loop
      vertex 8.1863 67 4
      vertex 8.23637 66.9017 4
      vertex 8.1863 67 6
    endloop
  endfacet
  facet normal -0.987686 -0.156451 0
    outer loop
      vertex 8.3 66.5 4
      vertex 8.23637 66.9017 17
      vertex 8.23637 66.9017 4
    endloop
  endfacet
  facet normal -0.987686 -0.156451 0
    outer loop
      vertex 8.23637 66.9017 17
      vertex 8.3 66.5 4
      vertex 8.3 66.5 17
    endloop
  endfacet
  facet normal -0.454084 0.890959 0
    outer loop
      vertex 7.76412 65.4483 4
      vertex 7.40172 65.2636 17
      vertex 7.76412 65.4483 17
    endloop
  endfacet
  facet normal -0.454084 0.890959 0
    outer loop
      vertex 7.40172 65.2636 17
      vertex 7.76412 65.4483 4
      vertex 7.40172 65.2636 4
    endloop
  endfacet
  facet normal 0.706212 -0.708 0
    outer loop
      vertex 6.08416 67.4 6
      vertex 6.1 67.4158 17
      vertex 6.08416 67.4 17
    endloop
  endfacet
  facet normal 0.706212 -0.708 0
    outer loop
      vertex 6.1 67.4158 17
      vertex 6.08416 67.4 6
      vertex 6.1 67.4158 6
    endloop
  endfacet
  facet normal 0.70706 0.707153 -0
    outer loop
      vertex 6.23588 65.4483 4
      vertex 6.08416 65.6 17
      vertex 6.23588 65.4483 17
    endloop
  endfacet
  facet normal 0.70706 0.707153 0
    outer loop
      vertex 6.08416 65.6 17
      vertex 6.23588 65.4483 4
      vertex 6.08416 65.6 4
    endloop
  endfacet
  facet normal -0.707107 0.707107 0
    outer loop
      vertex 8.05172 65.7359 4
      vertex 7.76412 65.4483 17
      vertex 8.05172 65.7359 17
    endloop
  endfacet
  facet normal -0.707107 0.707107 0
    outer loop
      vertex 7.76412 65.4483 17
      vertex 8.05172 65.7359 4
      vertex 7.76412 65.4483 4
    endloop
  endfacet
  facet normal -0.987686 0.156451 0
    outer loop
      vertex 8.23637 66.0983 4
      vertex 8.3 66.5 17
      vertex 8.3 66.5 4
    endloop
  endfacet
  facet normal -0.987686 0.156451 0
    outer loop
      vertex 8.3 66.5 17
      vertex 8.23637 66.0983 4
      vertex 8.23637 66.0983 17
    endloop
  endfacet
  facet normal -0.156372 0.987698 0
    outer loop
      vertex 7.40172 65.2636 4
      vertex 7 65.2 17
      vertex 7.40172 65.2636 17
    endloop
  endfacet
  facet normal -0.156372 0.987698 0
    outer loop
      vertex 7 65.2 17
      vertex 7.40172 65.2636 4
      vertex 7 65.2 4
    endloop
  endfacet
  facet normal 0.156372 0.987698 -0
    outer loop
      vertex 7 65.2 4
      vertex 6.59828 65.2636 17
      vertex 7 65.2 17
    endloop
  endfacet
  facet normal 0.156372 0.987698 0
    outer loop
      vertex 6.59828 65.2636 17
      vertex 7 65.2 4
      vertex 6.59828 65.2636 4
    endloop
  endfacet
  facet normal -0.891009 0.453987 0
    outer loop
      vertex 8.05172 65.7359 4
      vertex 8.23637 66.0983 17
      vertex 8.23637 66.0983 4
    endloop
  endfacet
  facet normal -0.891009 0.453987 0
    outer loop
      vertex 8.23637 66.0983 17
      vertex 8.05172 65.7359 4
      vertex 8.05172 65.7359 17
    endloop
  endfacet
  facet normal 0 0 1
    outer loop
      vertex 7.9 66.5 4
      vertex 8.3 66.5 4
      vertex 8.23637 66.9017 4
    endloop
  endfacet
  facet normal -0 0 1
    outer loop
      vertex 7.9 67 4
      vertex 8.23637 66.9017 4
      vertex 8.1863 67 4
    endloop
  endfacet
  facet normal 0 0 1
    outer loop
      vertex 8.3 66.5 4
      vertex 7.9 66.5 4
      vertex 8.23637 66.0983 4
    endloop
  endfacet
  facet normal 0 0 1
    outer loop
      vertex 8.23637 66.9017 4
      vertex 7.9 67 4
      vertex 7.9 66.5 4
    endloop
  endfacet
  facet normal 0 0 1
    outer loop
      vertex 8.23637 66.0983 4
      vertex 7.9 66.5 4
      vertex 8.05172 65.7359 4
    endloop
  endfacet
  facet normal 0 0 1
    outer loop
      vertex 7.9 66.5 4
      vertex 7.76412 65.4483 4
      vertex 8.05172 65.7359 4
    endloop
  endfacet
  facet normal -0 0 1
    outer loop
      vertex 7 65.6 4
      vertex 7.76412 65.4483 4
      vertex 7.9 66.5 4
    endloop
  endfacet
  facet normal 0 0 1
    outer loop
      vertex 7 65.6 4
      vertex 7.9 66.5 4
      vertex 7 66.5 4
    endloop
  endfacet
  facet normal 0 0 1
    outer loop
      vertex 7.76412 65.4483 4
      vertex 7 65.6 4
      vertex 7.40172 65.2636 4
    endloop
  endfacet
  facet normal 0 0 1
    outer loop
      vertex 7 65.6 4
      vertex 7 65.2 4
      vertex 7.40172 65.2636 4
    endloop
  endfacet
  facet normal 0 0 1
    outer loop
      vertex 7 65.6 4
      vertex 6.59828 65.2636 4
      vertex 7 65.2 4
    endloop
  endfacet
  facet normal 0 0 1
    outer loop
      vertex 7 65.6 4
      vertex 6.23588 65.4483 4
      vertex 6.59828 65.2636 4
    endloop
  endfacet
  facet normal 0 -0 1
    outer loop
      vertex 6.23588 65.4483 4
      vertex 7 65.6 4
      vertex 6.08416 65.6 4
    endloop
  endfacet
  facet normal 0.454084 0.890959 -0
    outer loop
      vertex 6.59828 65.2636 4
      vertex 6.23588 65.4483 17
      vertex 6.59828 65.2636 17
    endloop
  endfacet
  facet normal 0.454084 0.890959 0
    outer loop
      vertex 6.23588 65.4483 17
      vertex 6.59828 65.2636 4
      vertex 6.23588 65.4483 4
    endloop
  endfacet
  facet normal -0.70706 -0.707153 0
    outer loop
      vertex 7.9 67.4158 6
      vertex 8.05172 67.2641 17
      vertex 7.9 67.4158 17
    endloop
  endfacet
  facet normal -0.70706 -0.707153 -0
    outer loop
      vertex 8.05172 67.2641 17
      vertex 7.9 67.4158 6
      vertex 8.05172 67.2641 6
    endloop
  endfacet
  facet normal 1 -0 0
    outer loop
      vertex 7 65.6 17
      vertex 7 66.5 4
      vertex 7 66.5 17
    endloop
  endfacet
  facet normal 1 0 0
    outer loop
      vertex 7 66.5 4
      vertex 7 65.6 17
      vertex 7 65.6 4
    endloop
  endfacet
  facet normal 0 1 -0
    outer loop
      vertex 3.63313 67.4 6
      vertex 2 67.4 17
      vertex 3.63313 67.4 17
    endloop
  endfacet
  facet normal 0 1 0
    outer loop
      vertex 2 67.4 17
      vertex 3.63313 67.4 6
      vertex 2 67.4 6
    endloop
  endfacet
  facet normal 0 1 -0
    outer loop
      vertex 6.1 67.4 6
      vertex 6.08416 67.4 17
      vertex 6.1 67.4 17
    endloop
  endfacet
  facet normal 0 1 0
    outer loop
      vertex 6.08416 67.4 17
      vertex 6.1 67.4 6
      vertex 6.08416 67.4 6
    endloop
  endfacet
  facet normal 0 -1 0
    outer loop
      vertex 2 65.6 2
      vertex 3.63313 65.6 17
      vertex 2 65.6 17
    endloop
  endfacet
  facet normal 0 -1 -0
    outer loop
      vertex 3.63313 65.6 17
      vertex 2 65.6 2
      vertex 3.63313 65.6 2
    endloop
  endfacet
  facet normal 0 -1 0
    outer loop
      vertex 6.08416 65.6 4
      vertex 7 65.6 17
      vertex 6.08416 65.6 17
    endloop
  endfacet
  facet normal 0 -1 -0
    outer loop
      vertex 7 65.6 17
      vertex 6.08416 65.6 4
      vertex 7 65.6 4
    endloop
  endfacet
  facet normal 1 -0 0
    outer loop
      vertex 7.9 69.8669 17
      vertex 7.9 71 6
      vertex 7.9 71 17
    endloop
  endfacet
  facet normal 1 0 0
    outer loop
      vertex 7.9 71 6
      vertex 7.9 69.8669 17
      vertex 7.9 69.8669 6
    endloop
  endfacet
  facet normal 1 0 0
    outer loop
      vertex 7.9 67.4158 17
      vertex 7.9 67 6
      vertex 7.9 67.4158 6
    endloop
  endfacet
  facet normal 1 -0 0
    outer loop
      vertex 7.9 66.5 17
      vertex 7.9 67 6
      vertex 7.9 67.4158 17
    endloop
  endfacet
  facet normal 1 0 0
    outer loop
      vertex 7.9 66.5 4
      vertex 7.9 67 6
      vertex 7.9 66.5 17
    endloop
  endfacet
  facet normal 1 0 0
    outer loop
      vertex 7.9 67 6
      vertex 7.9 66.5 4
      vertex 7.9 67 4
    endloop
  endfacet
  facet normal -1 0 0
    outer loop
      vertex 6.1 69.8669 6
      vertex 6.1 71 17
      vertex 6.1 71 6
    endloop
  endfacet
  facet normal -1 -0 0
    outer loop
      vertex 6.1 71 17
      vertex 6.1 69.8669 6
      vertex 6.1 69.8669 17
    endloop
  endfacet
  facet normal -1 0 0
    outer loop
      vertex 6.1 67.4 6
      vertex 6.1 67.4158 17
      vertex 6.1 67.4158 6
    endloop
  endfacet
  facet normal -1 -0 0
    outer loop
      vertex 6.1 67.4158 17
      vertex 6.1 67.4 6
      vertex 6.1 67.4 17
    endloop
  endfacet
  facet normal 0 -1 0
    outer loop
      vertex 7 66.5 4
      vertex 7.9 66.5 17
      vertex 7 66.5 17
    endloop
  endfacet
  facet normal 0 -1 -0
    outer loop
      vertex 7.9 66.5 17
      vertex 7 66.5 4
      vertex 7.9 66.5 4
    endloop
  endfacet
  facet normal -0.881581 0.472033 0
    outer loop
      vertex 262.766 7.83939 2
      vertex 263.09 8.4445 17
      vertex 263.09 8.4445 2
    endloop
  endfacet
  facet normal -0.881581 0.472033 0
    outer loop
      vertex 263.09 8.4445 17
      vertex 262.766 7.83939 2
      vertex 262.766 7.83939 17
    endloop
  endfacet
  facet normal 0.957114 0.289711 0
    outer loop
      vertex 269.367 7.4 17
      vertex 269.234 7.83939 6
      vertex 269.234 7.83939 17
    endloop
  endfacet
  facet normal 0.957114 0.289711 0
    outer loop
      vertex 269.234 7.83939 6
      vertex 269.367 7.4 17
      vertex 269.367 7.4 6
    endloop
  endfacet
  facet normal 0.290526 -0.956867 1.92998e-06
    outer loop
      vertex 266.9 3.13313 17
      vertex 267 3.16347 6
      vertex 267.339 3.26642 17
    endloop
  endfacet
  facet normal 0.290331 -0.956926 0
    outer loop
      vertex 266.9 3.13313 2
      vertex 267 3.16347 6
      vertex 266.9 3.13313 17
    endloop
  endfacet
  facet normal 0.290331 -0.956926 0
    outer loop
      vertex 267 3.16347 6
      vertex 266.9 3.13313 2
      vertex 267 3.16347 2
    endloop
  endfacet
  facet normal 0.290583 -0.95685 0
    outer loop
      vertex 267.339 3.26642 17
      vertex 267 3.16347 6
      vertex 267.339 3.26642 6
    endloop
  endfacet
  facet normal -0.957008 -0.29006 0
    outer loop
      vertex 262.766 5.16061 2
      vertex 262.567 5.81718 17
      vertex 262.567 5.81718 2
    endloop
  endfacet
  facet normal -0.957008 -0.29006 0
    outer loop
      vertex 262.567 5.81718 17
      vertex 262.766 5.16061 2
      vertex 262.766 5.16061 17
    endloop
  endfacet
  facet normal 0.773199 -0.634164 0
    outer loop
      vertex 268.475 4.02513 17
      vertex 268.91 4.5555 6
      vertex 268.91 4.5555 17
    endloop
  endfacet
  facet normal 0.773199 -0.634164 0
    outer loop
      vertex 268.91 4.5555 6
      vertex 268.475 4.02513 17
      vertex 268.475 4.02513 6
    endloop
  endfacet
  facet normal 0.881581 0.472033 0
    outer loop
      vertex 269.234 7.83939 17
      vertex 268.91 8.4445 6
      vertex 268.91 8.4445 17
    endloop
  endfacet
  facet normal 0.881581 0.472033 0
    outer loop
      vertex 268.91 8.4445 6
      vertex 269.234 7.83939 17
      vertex 269.234 7.83939 6
    endloop
  endfacet
  facet normal 0.633949 0.773375 -0
    outer loop
      vertex 268.475 8.97487 6
      vertex 267.944 9.41014 17
      vertex 268.475 8.97487 17
    endloop
  endfacet
  facet normal 0.633949 0.773375 0
    outer loop
      vertex 267.944 9.41014 17
      vertex 268.475 8.97487 6
      vertex 267.944 9.41014 6
    endloop
  endfacet
  facet normal 0.290583 0.95685 0
    outer loop
      vertex 267 9.83653 6
      vertex 267.339 9.73358 17
      vertex 267.339 9.73358 6
    endloop
  endfacet
  facet normal 0.290518 0.95687 2.19725e-06
    outer loop
      vertex 267.339 9.73358 17
      vertex 267 9.83653 6
      vertex 266.683 9.93275 17
    endloop
  endfacet
  facet normal 0.290448 0.956891 0
    outer loop
      vertex 266.683 9.93275 2
      vertex 267 9.83653 6
      vertex 267 9.83653 2
    endloop
  endfacet
  facet normal 0.290448 0.956891 0
    outer loop
      vertex 267 9.83653 6
      vertex 266.683 9.93275 2
      vertex 266.683 9.93275 17
    endloop
  endfacet
  facet normal -0.881581 -0.472033 0
    outer loop
      vertex 263.09 4.5555 2
      vertex 262.766 5.16061 17
      vertex 262.766 5.16061 2
    endloop
  endfacet
  facet normal -0.881581 -0.472033 0
    outer loop
      vertex 262.766 5.16061 17
      vertex 263.09 4.5555 2
      vertex 263.09 4.5555 17
    endloop
  endfacet
  facet normal 0.773199 0.634164 0
    outer loop
      vertex 268.91 8.4445 17
      vertex 268.475 8.97487 6
      vertex 268.475 8.97487 17
    endloop
  endfacet
  facet normal 0.773199 0.634164 0
    outer loop
      vertex 268.475 8.97487 6
      vertex 268.91 8.4445 17
      vertex 268.91 8.4445 6
    endloop
  endfacet
  facet normal 0.0979888 0.995188 -0
    outer loop
      vertex 266.683 9.93275 2
      vertex 266 10 17
      vertex 266.683 9.93275 17
    endloop
  endfacet
  facet normal 0.0979888 0.995188 0
    outer loop
      vertex 266 10 17
      vertex 266.683 9.93275 2
      vertex 266 10 2
    endloop
  endfacet
  facet normal -0.290448 0.956891 0
    outer loop
      vertex 265 9.83653 2
      vertex 265.317 9.93275 17
      vertex 265.317 9.93275 2
    endloop
  endfacet
  facet normal -0.290518 0.95687 1.61131e-06
    outer loop
      vertex 265.317 9.93275 17
      vertex 265 9.83653 2
      vertex 264.661 9.73358 17
    endloop
  endfacet
  facet normal -0.290583 0.95685 0
    outer loop
      vertex 264.661 9.73358 17
      vertex 265 9.83653 2
      vertex 264.661 9.73358 2
    endloop
  endfacet
  facet normal -0.629724 -0.776819 0
    outer loop
      vertex 263.556 4 2
      vertex 263.525 4.02513 17
      vertex 263.525 4.02513 2
    endloop
  endfacet
  facet normal -0.633949 -0.773375 -1.45004e-05
    outer loop
      vertex 263.525 4.02513 17
      vertex 263.556 4 2
      vertex 264.056 3.58986 17
    endloop
  endfacet
  facet normal -0.634209 -0.773162 -0
    outer loop
      vertex 264.056 3.58986 17
      vertex 263.556 4 2
      vertex 264.056 3.58986 2
    endloop
  endfacet
  facet normal 0.471466 0.881884 -0
    outer loop
      vertex 267.944 9.41014 6
      vertex 267.339 9.73358 17
      vertex 267.944 9.41014 17
    endloop
  endfacet
  facet normal 0.471466 0.881884 0
    outer loop
      vertex 267.339 9.73358 17
      vertex 267.944 9.41014 6
      vertex 267.339 9.73358 6
    endloop
  endfacet
  facet normal -0.99522 0.0976535 0
    outer loop
      vertex 262.5 6.5 2
      vertex 262.567 7.18282 17
      vertex 262.567 7.18282 2
    endloop
  endfacet
  facet normal -0.99522 0.0976535 0
    outer loop
      vertex 262.567 7.18282 17
      vertex 262.5 6.5 2
      vertex 262.5 6.5 17
    endloop
  endfacet
  facet normal 0.881581 -0.472033 0
    outer loop
      vertex 268.91 4.5555 17
      vertex 269.234 5.16061 6
      vertex 269.234 5.16061 17
    endloop
  endfacet
  facet normal 0.881581 -0.472033 0
    outer loop
      vertex 269.234 5.16061 6
      vertex 268.91 4.5555 17
      vertex 268.91 4.5555 6
    endloop
  endfacet
  facet normal 0.471466 -0.881884 0
    outer loop
      vertex 267.339 3.26642 6
      vertex 267.944 3.58986 17
      vertex 267.339 3.26642 17
    endloop
  endfacet
  facet normal 0.471466 -0.881884 0
    outer loop
      vertex 267.944 3.58986 17
      vertex 267.339 3.26642 6
      vertex 267.944 3.58986 6
    endloop
  endfacet
  facet normal -0.633949 0.773375 0
    outer loop
      vertex 264.056 9.41014 2
      vertex 263.525 8.97487 17
      vertex 264.056 9.41014 17
    endloop
  endfacet
  facet normal -0.633949 0.773375 0
    outer loop
      vertex 263.525 8.97487 17
      vertex 264.056 9.41014 2
      vertex 263.525 8.97487 2
    endloop
  endfacet
  facet normal -0.471466 0.881884 0
    outer loop
      vertex 264.661 9.73358 2
      vertex 264.056 9.41014 17
      vertex 264.661 9.73358 17
    endloop
  endfacet
  facet normal -0.471466 0.881884 0
    outer loop
      vertex 264.056 9.41014 17
      vertex 264.661 9.73358 2
      vertex 264.056 9.41014 2
    endloop
  endfacet
  facet normal -0.471466 -0.881884 0
    outer loop
      vertex 264.056 3.58986 2
      vertex 264.661 3.26642 17
      vertex 264.056 3.58986 17
    endloop
  endfacet
  facet normal -0.471466 -0.881884 -0
    outer loop
      vertex 264.661 3.26642 17
      vertex 264.056 3.58986 2
      vertex 264.661 3.26642 2
    endloop
  endfacet
  facet normal -0.957008 0.29006 0
    outer loop
      vertex 262.567 7.18282 2
      vertex 262.766 7.83939 17
      vertex 262.766 7.83939 2
    endloop
  endfacet
  facet normal -0.957008 0.29006 0
    outer loop
      vertex 262.766 7.83939 17
      vertex 262.567 7.18282 2
      vertex 262.567 7.18282 17
    endloop
  endfacet
  facet normal 0.957114 -0.289711 0
    outer loop
      vertex 269.234 5.16061 17
      vertex 269.367 5.6 6
      vertex 269.367 5.6 17
    endloop
  endfacet
  facet normal 0.957114 -0.289711 0
    outer loop
      vertex 269.367 5.6 6
      vertex 269.234 5.16061 17
      vertex 269.234 5.16061 6
    endloop
  endfacet
  facet normal -0.0979888 0.995188 0
    outer loop
      vertex 266 10 2
      vertex 265.317 9.93275 17
      vertex 266 10 17
    endloop
  endfacet
  facet normal -0.0979888 0.995188 0
    outer loop
      vertex 265.317 9.93275 17
      vertex 266 10 2
      vertex 265.317 9.93275 2
    endloop
  endfacet
  facet normal -0.773199 0.634164 0
    outer loop
      vertex 263.09 8.4445 2
      vertex 263.525 8.97487 17
      vertex 263.525 8.97487 2
    endloop
  endfacet
  facet normal -0.773199 0.634164 0
    outer loop
      vertex 263.525 8.97487 17
      vertex 263.09 8.4445 2
      vertex 263.09 8.4445 17
    endloop
  endfacet
  facet normal -0.773199 -0.634164 0
    outer loop
      vertex 263.525 4.02513 2
      vertex 263.09 4.5555 17
      vertex 263.09 4.5555 2
    endloop
  endfacet
  facet normal -0.773199 -0.634164 0
    outer loop
      vertex 263.09 4.5555 17
      vertex 263.525 4.02513 2
      vertex 263.525 4.02513 17
    endloop
  endfacet
  facet normal 0.633949 -0.773375 0
    outer loop
      vertex 267.944 3.58986 6
      vertex 268.475 4.02513 17
      vertex 267.944 3.58986 17
    endloop
  endfacet
  facet normal 0.633949 -0.773375 0
    outer loop
      vertex 268.475 4.02513 17
      vertex 267.944 3.58986 6
      vertex 268.475 4.02513 6
    endloop
  endfacet
  facet normal -0.99522 -0.0976535 0
    outer loop
      vertex 262.567 5.81718 2
      vertex 262.5 6.5 17
      vertex 262.5 6.5 2
    endloop
  endfacet
  facet normal -0.99522 -0.0976535 0
    outer loop
      vertex 262.5 6.5 17
      vertex 262.567 5.81718 2
      vertex 262.567 5.81718 17
    endloop
  endfacet
  facet normal -0.290526 -0.956867 0
    outer loop
      vertex 264.661 3.26642 2
      vertex 265.1 3.13313 17
      vertex 264.661 3.26642 17
    endloop
  endfacet
  facet normal -0.290526 -0.956867 -0
    outer loop
      vertex 265.1 3.13313 17
      vertex 264.661 3.26642 2
      vertex 265.1 3.13313 2
    endloop
  endfacet
  facet normal 0.891655 -0.452716 0
    outer loop
      vertex 264.764 6.90172 17
      vertex 264.948 7.26412 4
      vertex 264.948 7.26412 17
    endloop
  endfacet
  facet normal 0.891655 -0.452716 0
    outer loop
      vertex 264.948 7.26412 4
      vertex 264.764 6.90172 17
      vertex 264.764 6.90172 4
    endloop
  endfacet
  facet normal 0.706615 -0.707598 0
    outer loop
      vertex 264.948 7.26412 17
      vertex 265.236 7.55172 4
      vertex 265.236 7.55172 17
    endloop
  endfacet
  facet normal 0.706615 -0.707598 0
    outer loop
      vertex 265.236 7.55172 4
      vertex 264.948 7.26412 17
      vertex 264.948 7.26412 4
    endloop
  endfacet
  facet normal 0.706455 0.707758 -0
    outer loop
      vertex 265.1 5.58416 4
      vertex 264.948 5.73588 17
      vertex 265.1 5.58416 17
    endloop
  endfacet
  facet normal 0.706455 0.707758 0
    outer loop
      vertex 264.948 5.73588 17
      vertex 265.1 5.58416 4
      vertex 264.948 5.73588 4
    endloop
  endfacet
  facet normal -0.454385 -0.890806 0
    outer loop
      vertex 266.402 7.73637 4
      vertex 266.764 7.55172 17
      vertex 266.402 7.73637 17
    endloop
  endfacet
  facet normal -0.454385 -0.890806 -0
    outer loop
      vertex 266.764 7.55172 17
      vertex 266.402 7.73637 4
      vertex 266.764 7.55172 4
    endloop
  endfacet
  facet normal 0.987546 0.157331 0
    outer loop
      vertex 264.764 6.09828 17
      vertex 264.7 6.5 4
      vertex 264.7 6.5 17
    endloop
  endfacet
  facet normal 0.987546 0.157331 0
    outer loop
      vertex 264.7 6.5 4
      vertex 264.764 6.09828 17
      vertex 264.764 6.09828 4
    endloop
  endfacet
  facet normal -0.703545 0.710651 0
    outer loop
      vertex 266.9 5.58416 4
      vertex 266.916 5.6 17
      vertex 266.916 5.6 4
    endloop
  endfacet
  facet normal -0.703545 0.710651 0
    outer loop
      vertex 266.916 5.6 17
      vertex 266.9 5.58416 4
      vertex 266.9 5.58416 17
    endloop
  endfacet
  facet normal 0.156337 -0.987704 0
    outer loop
      vertex 265.598 7.73637 4
      vertex 266 7.8 17
      vertex 265.598 7.73637 17
    endloop
  endfacet
  facet normal 0.156337 -0.987704 0
    outer loop
      vertex 266 7.8 17
      vertex 265.598 7.73637 4
      vertex 266 7.8 4
    endloop
  endfacet
  facet normal 0.987546 -0.157331 0
    outer loop
      vertex 264.7 6.5 17
      vertex 264.764 6.90172 4
      vertex 264.764 6.90172 17
    endloop
  endfacet
  facet normal 0.987546 -0.157331 0
    outer loop
      vertex 264.764 6.90172 4
      vertex 264.7 6.5 17
      vertex 264.7 6.5 4
    endloop
  endfacet
  facet normal 0.454385 -0.890806 0
    outer loop
      vertex 265.236 7.55172 4
      vertex 265.598 7.73637 17
      vertex 265.236 7.55172 17
    endloop
  endfacet
  facet normal 0.454385 -0.890806 0
    outer loop
      vertex 265.598 7.73637 17
      vertex 265.236 7.55172 4
      vertex 265.598 7.73637 4
    endloop
  endfacet
  facet normal -0.156337 -0.987704 0
    outer loop
      vertex 266 7.8 4
      vertex 266.402 7.73637 17
      vertex 266 7.8 17
    endloop
  endfacet
  facet normal -0.156337 -0.987704 -0
    outer loop
      vertex 266.402 7.73637 17
      vertex 266 7.8 4
      vertex 266.402 7.73637 4
    endloop
  endfacet
  facet normal 0 0 1
    outer loop
      vertex 266 7.4 4
      vertex 266.764 7.55172 4
      vertex 266.402 7.73637 4
    endloop
  endfacet
  facet normal 0 0 1
    outer loop
      vertex 266 7.4 4
      vertex 266.402 7.73637 4
      vertex 266 7.8 4
    endloop
  endfacet
  facet normal 0 0 1
    outer loop
      vertex 266.764 7.55172 4
      vertex 266 7.4 4
      vertex 266.916 7.4 4
    endloop
  endfacet
  facet normal -0 0 1
    outer loop
      vertex 265.598 7.73637 4
      vertex 266 7.4 4
      vertex 266 7.8 4
    endloop
  endfacet
  facet normal -0 0 1
    outer loop
      vertex 265.236 7.55172 4
      vertex 266 7.4 4
      vertex 265.598 7.73637 4
    endloop
  endfacet
  facet normal 0 0 1
    outer loop
      vertex 265.1 6.5 4
      vertex 266 7.4 4
      vertex 265.236 7.55172 4
    endloop
  endfacet
  facet normal 0 0 1
    outer loop
      vertex 266 7.4 4
      vertex 265.1 6.5 4
      vertex 266 6.5 4
    endloop
  endfacet
  facet normal -0 0 1
    outer loop
      vertex 264.948 7.26412 4
      vertex 265.1 6.5 4
      vertex 265.236 7.55172 4
    endloop
  endfacet
  facet normal -0 0 1
    outer loop
      vertex 264.764 6.90172 4
      vertex 265.1 6.5 4
      vertex 264.948 7.26412 4
    endloop
  endfacet
  facet normal 0 0 1
    outer loop
      vertex 264.7 6.5 4
      vertex 265.1 6.5 4
      vertex 264.764 6.90172 4
    endloop
  endfacet
  facet normal 0 -0 1
    outer loop
      vertex 264.764 6.09828 4
      vertex 265.1 6.5 4
      vertex 264.7 6.5 4
    endloop
  endfacet
  facet normal 0 0 1
    outer loop
      vertex 265.1 6.5 4
      vertex 264.948 5.73588 4
      vertex 265.1 5.58416 4
    endloop
  endfacet
  facet normal 0 -0 1
    outer loop
      vertex 264.948 5.73588 4
      vertex 265.1 6.5 4
      vertex 264.764 6.09828 4
    endloop
  endfacet
  facet normal 0 0 1
    outer loop
      vertex 266.916 5.6 4
      vertex 266.9 5.6 4
      vertex 266.9 5.58416 4
    endloop
  endfacet
  facet normal 0.891655 0.452716 0
    outer loop
      vertex 264.948 5.73588 17
      vertex 264.764 6.09828 4
      vertex 264.764 6.09828 17
    endloop
  endfacet
  facet normal 0.891655 0.452716 0
    outer loop
      vertex 264.764 6.09828 4
      vertex 264.948 5.73588 17
      vertex 264.948 5.73588 4
    endloop
  endfacet
  facet normal -0.706455 -0.707758 0
    outer loop
      vertex 266.916 7.4 4
      vertex 266.764 7.55172 17
      vertex 266.764 7.55172 4
    endloop
  endfacet
  facet normal -0.706455 -0.707758 0
    outer loop
      vertex 266.764 7.55172 17
      vertex 266.916 7.4 4
      vertex 266.916 7.4 17
    endloop
  endfacet
  facet normal -1 0 0
    outer loop
      vertex 266 6.5 4
      vertex 266 7.4 17
      vertex 266 7.4 4
    endloop
  endfacet
  facet normal -1 -0 0
    outer loop
      vertex 266 7.4 17
      vertex 266 6.5 4
      vertex 266 6.5 17
    endloop
  endfacet
  facet normal 0 1 -0
    outer loop
      vertex 266.916 7.4 4
      vertex 266 7.4 17
      vertex 266.916 7.4 17
    endloop
  endfacet
  facet normal 0 1 0
    outer loop
      vertex 266 7.4 17
      vertex 266.916 7.4 4
      vertex 266 7.4 4
    endloop
  endfacet
  facet normal 0 1 -0
    outer loop
      vertex 271 7.4 6
      vertex 269.367 7.4 17
      vertex 271 7.4 17
    endloop
  endfacet
  facet normal 0 1 0
    outer loop
      vertex 269.367 7.4 17
      vertex 271 7.4 6
      vertex 269.367 7.4 6
    endloop
  endfacet
  facet normal 0 -1 0
    outer loop
      vertex 269.367 5.6 6
      vertex 271 5.6 17
      vertex 269.367 5.6 17
    endloop
  endfacet
  facet normal 0 -1 -0
    outer loop
      vertex 271 5.6 17
      vertex 269.367 5.6 6
      vertex 271 5.6 6
    endloop
  endfacet
  facet normal 0 -1 0
    outer loop
      vertex 266.9 5.6 4
      vertex 266.916 5.6 17
      vertex 266.9 5.6 17
    endloop
  endfacet
  facet normal 0 -1 -0
    outer loop
      vertex 266.916 5.6 17
      vertex 266.9 5.6 4
      vertex 266.916 5.6 4
    endloop
  endfacet
  facet normal 1 -0 0
    outer loop
      vertex 266.9 2 17
      vertex 266.9 3.13313 2
      vertex 266.9 3.13313 17
    endloop
  endfacet
  facet normal 1 0 0
    outer loop
      vertex 266.9 3.13313 2
      vertex 266.9 2 17
      vertex 266.9 2 2
    endloop
  endfacet
  facet normal 1 -0 0
    outer loop
      vertex 266.9 5.58416 17
      vertex 266.9 5.6 4
      vertex 266.9 5.6 17
    endloop
  endfacet
  facet normal 1 0 0
    outer loop
      vertex 266.9 5.6 4
      vertex 266.9 5.58416 17
      vertex 266.9 5.58416 4
    endloop
  endfacet
  facet normal -1 0 0
    outer loop
      vertex 265.1 5.58416 4
      vertex 265.1 6.5 17
      vertex 265.1 6.5 4
    endloop
  endfacet
  facet normal -1 -0 0
    outer loop
      vertex 265.1 6.5 17
      vertex 265.1 5.58416 4
      vertex 265.1 5.58416 17
    endloop
  endfacet
  facet normal -1 0 0
    outer loop
      vertex 265.1 2 2
      vertex 265.1 3.13313 17
      vertex 265.1 3.13313 2
    endloop
  endfacet
  facet normal -1 -0 0
    outer loop
      vertex 265.1 3.13313 17
      vertex 265.1 2 2
      vertex 265.1 2 17
    endloop
  endfacet
  facet normal 0 1 -0
    outer loop
      vertex 266 6.5 4
      vertex 265.1 6.5 17
      vertex 266 6.5 17
    endloop
  endfacet
  facet normal 0 1 0
    outer loop
      vertex 265.1 6.5 17
      vertex 266 6.5 4
      vertex 265.1 6.5 4
    endloop
  endfacet
  facet normal -0.881577 0.472039 0
    outer loop
      vertex 262.766 67.8394 6
      vertex 263.09 68.4445 17
      vertex 263.09 68.4445 6
    endloop
  endfacet
  facet normal -0.881577 0.472039 0
    outer loop
      vertex 263.09 68.4445 17
      vertex 262.766 67.8394 6
      vertex 262.766 67.8394 17
    endloop
  endfacet
  facet normal 0.098061 -0.99518 0
    outer loop
      vertex 266 63 2
      vertex 266.683 63.0673 17
      vertex 266 63 17
    endloop
  endfacet
  facet normal 0.098061 -0.99518 0
    outer loop
      vertex 266.683 63.0673 17
      vertex 266 63 2
      vertex 266.683 63.0673 2
    endloop
  endfacet
  facet normal 0.957116 0.289705 0
    outer loop
      vertex 269.367 67.4 17
      vertex 269.234 67.8394 6
      vertex 269.234 67.8394 17
    endloop
  endfacet
  facet normal 0.957116 0.289705 0
    outer loop
      vertex 269.234 67.8394 6
      vertex 269.367 67.4 17
      vertex 269.367 67.4 6
    endloop
  endfacet
  facet normal 0.290424 -0.956898 9.94559e-07
    outer loop
      vertex 266.683 63.0673 17
      vertex 267 63.1635 6
      vertex 267.339 63.2664 17
    endloop
  endfacet
  facet normal 0.290393 -0.956908 0
    outer loop
      vertex 266.683 63.0673 2
      vertex 267 63.1635 6
      vertex 266.683 63.0673 17
    endloop
  endfacet
  facet normal 0.290393 -0.956908 0
    outer loop
      vertex 267 63.1635 6
      vertex 266.683 63.0673 2
      vertex 267 63.1635 2
    endloop
  endfacet
  facet normal 0.290454 -0.956889 0
    outer loop
      vertex 267.339 63.2664 17
      vertex 267 63.1635 6
      vertex 267.339 63.2664 6
    endloop
  endfacet
  facet normal -0.957012 -0.290048 0
    outer loop
      vertex 262.766 65.1606 2
      vertex 262.567 65.8172 17
      vertex 262.567 65.8172 2
    endloop
  endfacet
  facet normal -0.957012 -0.290048 0
    outer loop
      vertex 262.567 65.8172 17
      vertex 262.766 65.1606 2
      vertex 262.766 65.1606 17
    endloop
  endfacet
  facet normal 0.773216 -0.634142 0
    outer loop
      vertex 268.475 64.0251 17
      vertex 268.91 64.5555 6
      vertex 268.91 64.5555 17
    endloop
  endfacet
  facet normal 0.773216 -0.634142 0
    outer loop
      vertex 268.91 64.5555 6
      vertex 268.475 64.0251 17
      vertex 268.475 64.0251 6
    endloop
  endfacet
  facet normal 0.881577 0.472039 0
    outer loop
      vertex 269.234 67.8394 17
      vertex 268.91 68.4445 6
      vertex 268.91 68.4445 17
    endloop
  endfacet
  facet normal 0.881577 0.472039 0
    outer loop
      vertex 268.91 68.4445 6
      vertex 269.234 67.8394 17
      vertex 269.234 67.8394 6
    endloop
  endfacet
  facet normal 0.633888 0.773425 -0
    outer loop
      vertex 268.475 68.9749 6
      vertex 267.944 69.4101 17
      vertex 268.475 68.9749 17
    endloop
  endfacet
  facet normal 0.633888 0.773425 0
    outer loop
      vertex 267.944 69.4101 17
      vertex 268.475 68.9749 6
      vertex 267.944 69.4101 6
    endloop
  endfacet
  facet normal 0.290546 0.956861 -0
    outer loop
      vertex 267.339 69.7336 6
      vertex 266.9 69.8669 17
      vertex 267.339 69.7336 17
    endloop
  endfacet
  facet normal 0.290546 0.956861 0
    outer loop
      vertex 266.9 69.8669 17
      vertex 267.339 69.7336 6
      vertex 266.9 69.8669 6
    endloop
  endfacet
  facet normal -0.881562 -0.472069 0
    outer loop
      vertex 262.852 65 2
      vertex 262.766 65.1606 17
      vertex 262.766 65.1606 2
    endloop
  endfacet
  facet normal -0.881583 -0.472029 -0
    outer loop
      vertex 263.09 64.5555 17
      vertex 262.852 65 2
      vertex 263.09 64.5555 2
    endloop
  endfacet
  facet normal -0.881577 -0.472039 -4.07935e-07
    outer loop
      vertex 262.852 65 2
      vertex 263.09 64.5555 17
      vertex 262.766 65.1606 17
    endloop
  endfacet
  facet normal 0.773216 0.634142 0
    outer loop
      vertex 268.91 68.4445 17
      vertex 268.475 68.9749 6
      vertex 268.475 68.9749 17
    endloop
  endfacet
  facet normal 0.773216 0.634142 0
    outer loop
      vertex 268.475 68.9749 6
      vertex 268.91 68.4445 17
      vertex 268.91 68.4445 6
    endloop
  endfacet
  facet normal -0.290546 0.956861 0
    outer loop
      vertex 265.1 69.8669 6
      vertex 264.661 69.7336 17
      vertex 265.1 69.8669 17
    endloop
  endfacet
  facet normal -0.290546 0.956861 0
    outer loop
      vertex 264.661 69.7336 17
      vertex 265.1 69.8669 6
      vertex 264.661 69.7336 6
    endloop
  endfacet
  facet normal -0.633888 -0.773425 0
    outer loop
      vertex 263.525 64.0251 2
      vertex 264.056 63.5899 17
      vertex 263.525 64.0251 17
    endloop
  endfacet
  facet normal -0.633888 -0.773425 -0
    outer loop
      vertex 264.056 63.5899 17
      vertex 263.525 64.0251 2
      vertex 264.056 63.5899 2
    endloop
  endfacet
  facet normal 0.471534 0.881848 -0
    outer loop
      vertex 267.944 69.4101 6
      vertex 267.339 69.7336 17
      vertex 267.944 69.4101 17
    endloop
  endfacet
  facet normal 0.471534 0.881848 0
    outer loop
      vertex 267.339 69.7336 17
      vertex 267.944 69.4101 6
      vertex 267.339 69.7336 6
    endloop
  endfacet
  facet normal -0.995232 0.0975328 0
    outer loop
      vertex 262.549 67 2
      vertex 262.5 66.5 2
      vertex 262.549 67 6
    endloop
  endfacet
  facet normal -0.995187 0.0979943 0
    outer loop
      vertex 262.549 67 6
      vertex 262.567 67.1828 17
      vertex 262.567 67.1828 6
    endloop
  endfacet
  facet normal -0.995232 0.0975328 0
    outer loop
      vertex 262.5 66.5 17
      vertex 262.549 67 6
      vertex 262.5 66.5 2
    endloop
  endfacet
  facet normal -0.99522 0.0976563 5.67122e-06
    outer loop
      vertex 262.549 67 6
      vertex 262.5 66.5 17
      vertex 262.567 67.1828 17
    endloop
  endfacet
  facet normal 0.881577 -0.472039 0
    outer loop
      vertex 268.91 64.5555 17
      vertex 269.234 65.1606 6
      vertex 269.234 65.1606 17
    endloop
  endfacet
  facet normal 0.881577 -0.472039 0
    outer loop
      vertex 269.234 65.1606 6
      vertex 268.91 64.5555 17
      vertex 268.91 64.5555 6
    endloop
  endfacet
  facet normal 0.471534 -0.881848 0
    outer loop
      vertex 267.339 63.2664 6
      vertex 267.944 63.5899 17
      vertex 267.339 63.2664 17
    endloop
  endfacet
  facet normal 0.471534 -0.881848 0
    outer loop
      vertex 267.944 63.5899 17
      vertex 267.339 63.2664 6
      vertex 267.944 63.5899 6
    endloop
  endfacet
  facet normal -0.633888 0.773425 0
    outer loop
      vertex 264.056 69.4101 6
      vertex 263.525 68.9749 17
      vertex 264.056 69.4101 17
    endloop
  endfacet
  facet normal -0.633888 0.773425 0
    outer loop
      vertex 263.525 68.9749 17
      vertex 264.056 69.4101 6
      vertex 263.525 68.9749 6
    endloop
  endfacet
  facet normal -0.471534 0.881848 0
    outer loop
      vertex 264.661 69.7336 6
      vertex 264.056 69.4101 17
      vertex 264.661 69.7336 17
    endloop
  endfacet
  facet normal -0.471534 0.881848 0
    outer loop
      vertex 264.056 69.4101 17
      vertex 264.661 69.7336 6
      vertex 264.056 69.4101 6
    endloop
  endfacet
  facet normal -0.471534 -0.881848 0
    outer loop
      vertex 264.056 63.5899 2
      vertex 264.661 63.2664 17
      vertex 264.056 63.5899 17
    endloop
  endfacet
  facet normal -0.471534 -0.881848 -0
    outer loop
      vertex 264.661 63.2664 17
      vertex 264.056 63.5899 2
      vertex 264.661 63.2664 2
    endloop
  endfacet
  facet normal -0.957012 0.290048 0
    outer loop
      vertex 262.567 67.1828 6
      vertex 262.766 67.8394 17
      vertex 262.766 67.8394 6
    endloop
  endfacet
  facet normal -0.957012 0.290048 0
    outer loop
      vertex 262.766 67.8394 17
      vertex 262.567 67.1828 6
      vertex 262.567 67.1828 17
    endloop
  endfacet
  facet normal 0.957116 -0.289705 0
    outer loop
      vertex 269.234 65.1606 17
      vertex 269.367 65.6 6
      vertex 269.367 65.6 17
    endloop
  endfacet
  facet normal 0.957116 -0.289705 0
    outer loop
      vertex 269.367 65.6 6
      vertex 269.234 65.1606 17
      vertex 269.234 65.1606 6
    endloop
  endfacet
  facet normal -0.773216 0.634142 0
    outer loop
      vertex 263.09 68.4445 6
      vertex 263.525 68.9749 17
      vertex 263.525 68.9749 6
    endloop
  endfacet
  facet normal -0.773216 0.634142 0
    outer loop
      vertex 263.525 68.9749 17
      vertex 263.09 68.4445 6
      vertex 263.09 68.4445 17
    endloop
  endfacet
  facet normal -0.773216 -0.634142 0
    outer loop
      vertex 263.525 64.0251 2
      vertex 263.09 64.5555 17
      vertex 263.09 64.5555 2
    endloop
  endfacet
  facet normal -0.773216 -0.634142 0
    outer loop
      vertex 263.09 64.5555 17
      vertex 263.525 64.0251 2
      vertex 263.525 64.0251 17
    endloop
  endfacet
  facet normal 0.633888 -0.773425 0
    outer loop
      vertex 267.944 63.5899 6
      vertex 268.475 64.0251 17
      vertex 267.944 63.5899 17
    endloop
  endfacet
  facet normal 0.633888 -0.773425 0
    outer loop
      vertex 268.475 64.0251 17
      vertex 267.944 63.5899 6
      vertex 268.475 64.0251 6
    endloop
  endfacet
  facet normal -0.99522 -0.0976563 0
    outer loop
      vertex 262.567 65.8172 2
      vertex 262.5 66.5 17
      vertex 262.5 66.5 2
    endloop
  endfacet
  facet normal -0.99522 -0.0976563 0
    outer loop
      vertex 262.5 66.5 17
      vertex 262.567 65.8172 2
      vertex 262.567 65.8172 17
    endloop
  endfacet
  facet normal -0.098061 -0.99518 0
    outer loop
      vertex 265.317 63.0673 2
      vertex 266 63 17
      vertex 265.317 63.0673 17
    endloop
  endfacet
  facet normal -0.098061 -0.99518 -0
    outer loop
      vertex 266 63 17
      vertex 265.317 63.0673 2
      vertex 266 63 2
    endloop
  endfacet
  facet normal -0.290454 -0.956889 0
    outer loop
      vertex 265 63.1635 2
      vertex 264.661 63.2664 17
      vertex 264.661 63.2664 2
    endloop
  endfacet
  facet normal -0.290424 -0.956898 7.29343e-07
    outer loop
      vertex 264.661 63.2664 17
      vertex 265 63.1635 2
      vertex 265.317 63.0673 17
    endloop
  endfacet
  facet normal -0.290393 -0.956908 -0
    outer loop
      vertex 265.317 63.0673 17
      vertex 265 63.1635 2
      vertex 265.317 63.0673 2
    endloop
  endfacet
  facet normal 0.891778 -0.452473 0
    outer loop
      vertex 264.948 67.2641 17
      vertex 264.814 67 6
      vertex 264.948 67.2641 6
    endloop
  endfacet
  facet normal 0.891655 -0.452716 7.33651e-06
    outer loop
      vertex 264.764 66.9017 17
      vertex 264.814 67 6
      vertex 264.948 67.2641 17
    endloop
  endfacet
  facet normal 0.891323 -0.453369 0
    outer loop
      vertex 264.764 66.9017 4
      vertex 264.814 67 6
      vertex 264.764 66.9017 17
    endloop
  endfacet
  facet normal 0.891323 -0.453369 0
    outer loop
      vertex 264.814 67 6
      vertex 264.764 66.9017 4
      vertex 264.814 67 4
    endloop
  endfacet
  facet normal -0.454482 0.890756 0
    outer loop
      vertex 266.764 65.4483 4
      vertex 266.402 65.2636 17
      vertex 266.764 65.4483 17
    endloop
  endfacet
  facet normal -0.454482 0.890756 0
    outer loop
      vertex 266.402 65.2636 17
      vertex 266.764 65.4483 4
      vertex 266.402 65.2636 4
    endloop
  endfacet
  facet normal 0.706408 -0.707805 0
    outer loop
      vertex 264.948 67.2641 6
      vertex 265.1 67.4158 17
      vertex 264.948 67.2641 17
    endloop
  endfacet
  facet normal 0.706408 -0.707805 0
    outer loop
      vertex 265.1 67.4158 17
      vertex 264.948 67.2641 6
      vertex 265.1 67.4158 6
    endloop
  endfacet
  facet normal 0.706615 0.707598 0
    outer loop
      vertex 265.236 65.4483 17
      vertex 264.948 65.7359 4
      vertex 264.948 65.7359 17
    endloop
  endfacet
  facet normal 0.706615 0.707598 0
    outer loop
      vertex 264.948 65.7359 4
      vertex 265.236 65.4483 17
      vertex 265.236 65.4483 4
    endloop
  endfacet
  facet normal 0.987545 0.157338 0
    outer loop
      vertex 264.764 66.0983 17
      vertex 264.7 66.5 4
      vertex 264.7 66.5 17
    endloop
  endfacet
  facet normal 0.987545 0.157338 0
    outer loop
      vertex 264.7 66.5 4
      vertex 264.764 66.0983 17
      vertex 264.764 66.0983 4
    endloop
  endfacet
  facet normal -0.706408 0.707805 0
    outer loop
      vertex 266.764 65.4483 4
      vertex 266.916 65.6 17
      vertex 266.916 65.6 4
    endloop
  endfacet
  facet normal -0.706408 0.707805 0
    outer loop
      vertex 266.916 65.6 17
      vertex 266.764 65.4483 4
      vertex 266.764 65.4483 17
    endloop
  endfacet
  facet normal -0.156265 0.987715 0
    outer loop
      vertex 266.402 65.2636 4
      vertex 266 65.2 17
      vertex 266.402 65.2636 17
    endloop
  endfacet
  facet normal -0.156265 0.987715 0
    outer loop
      vertex 266 65.2 17
      vertex 266.402 65.2636 4
      vertex 266 65.2 4
    endloop
  endfacet
  facet normal 0.987545 -0.157338 0
    outer loop
      vertex 264.7 66.5 17
      vertex 264.764 66.9017 4
      vertex 264.764 66.9017 17
    endloop
  endfacet
  facet normal 0.987545 -0.157338 0
    outer loop
      vertex 264.764 66.9017 4
      vertex 264.7 66.5 17
      vertex 264.7 66.5 4
    endloop
  endfacet
  facet normal 0.156265 0.987715 -0
    outer loop
      vertex 266 65.2 4
      vertex 265.598 65.2636 17
      vertex 266 65.2 17
    endloop
  endfacet
  facet normal 0.156265 0.987715 0
    outer loop
      vertex 265.598 65.2636 17
      vertex 266 65.2 4
      vertex 265.598 65.2636 4
    endloop
  endfacet
  facet normal -0 0 1
    outer loop
      vertex 264.764 66.9017 4
      vertex 265.1 66.5 4
      vertex 265.1 67 4
    endloop
  endfacet
  facet normal 0 0 1
    outer loop
      vertex 264.764 66.9017 4
      vertex 265.1 67 4
      vertex 264.814 67 4
    endloop
  endfacet
  facet normal 0 0 1
    outer loop
      vertex 265.1 66.5 4
      vertex 264.764 66.9017 4
      vertex 264.7 66.5 4
    endloop
  endfacet
  facet normal 0 0 1
    outer loop
      vertex 265.1 66.5 4
      vertex 264.764 66.0983 4
      vertex 264.948 65.7359 4
    endloop
  endfacet
  facet normal 0 0 1
    outer loop
      vertex 265.1 66.5 4
      vertex 264.7 66.5 4
      vertex 264.764 66.0983 4
    endloop
  endfacet
  facet normal -0 0 1
    outer loop
      vertex 265.1 66.5 4
      vertex 266 65.6 4
      vertex 266 66.5 4
    endloop
  endfacet
  facet normal 0 0 1
    outer loop
      vertex 266 65.6 4
      vertex 265.598 65.2636 4
      vertex 266 65.2 4
    endloop
  endfacet
  facet normal 0 0 1
    outer loop
      vertex 266 65.6 4
      vertex 265.236 65.4483 4
      vertex 265.598 65.2636 4
    endloop
  endfacet
  facet normal 0 0 1
    outer loop
      vertex 266 65.6 4
      vertex 265.1 66.5 4
      vertex 265.236 65.4483 4
    endloop
  endfacet
  facet normal 0 0 1
    outer loop
      vertex 265.236 65.4483 4
      vertex 265.1 66.5 4
      vertex 264.948 65.7359 4
    endloop
  endfacet
  facet normal -0 0 1
    outer loop
      vertex 266 65.6 4
      vertex 266.764 65.4483 4
      vertex 266.916 65.6 4
    endloop
  endfacet
  facet normal 0 0 1
    outer loop
      vertex 266.764 65.4483 4
      vertex 266 65.6 4
      vertex 266.402 65.2636 4
    endloop
  endfacet
  facet normal 0 0 1
    outer loop
      vertex 266.402 65.2636 4
      vertex 266 65.6 4
      vertex 266 65.2 4
    endloop
  endfacet
  facet normal 0.454482 0.890756 -0
    outer loop
      vertex 265.598 65.2636 4
      vertex 265.236 65.4483 17
      vertex 265.598 65.2636 17
    endloop
  endfacet
  facet normal 0.454482 0.890756 0
    outer loop
      vertex 265.236 65.4483 17
      vertex 265.598 65.2636 4
      vertex 265.236 65.4483 4
    endloop
  endfacet
  facet normal 0.891655 0.452716 0
    outer loop
      vertex 264.948 65.7359 17
      vertex 264.764 66.0983 4
      vertex 264.764 66.0983 17
    endloop
  endfacet
  facet normal 0.891655 0.452716 0
    outer loop
      vertex 264.764 66.0983 4
      vertex 264.948 65.7359 17
      vertex 264.948 65.7359 4
    endloop
  endfacet
  facet normal -0.702646 -0.71154 0
    outer loop
      vertex 266.916 67.4 6
      vertex 266.9 67.4158 17
      vertex 266.9 67.4158 6
    endloop
  endfacet
  facet normal -0.702646 -0.71154 0
    outer loop
      vertex 266.9 67.4158 17
      vertex 266.916 67.4 6
      vertex 266.916 67.4 17
    endloop
  endfacet
  facet normal -1 0 0
    outer loop
      vertex 266 65.6 4
      vertex 266 66.5 17
      vertex 266 66.5 4
    endloop
  endfacet
  facet normal -1 -0 0
    outer loop
      vertex 266 66.5 17
      vertex 266 65.6 4
      vertex 266 65.6 17
    endloop
  endfacet
  facet normal 0 1 -0
    outer loop
      vertex 271 67.4 6
      vertex 269.367 67.4 17
      vertex 271 67.4 17
    endloop
  endfacet
  facet normal 0 1 0
    outer loop
      vertex 269.367 67.4 17
      vertex 271 67.4 6
      vertex 269.367 67.4 6
    endloop
  endfacet
  facet normal 0 1 -0
    outer loop
      vertex 266.916 67.4 6
      vertex 266.9 67.4 17
      vertex 266.916 67.4 17
    endloop
  endfacet
  facet normal 0 1 0
    outer loop
      vertex 266.9 67.4 17
      vertex 266.916 67.4 6
      vertex 266.9 67.4 6
    endloop
  endfacet
  facet normal 0 -1 0
    outer loop
      vertex 266 65.6 4
      vertex 266.916 65.6 17
      vertex 266 65.6 17
    endloop
  endfacet
  facet normal 0 -1 -0
    outer loop
      vertex 266.916 65.6 17
      vertex 266 65.6 4
      vertex 266.916 65.6 4
    endloop
  endfacet
  facet normal 0 -1 0
    outer loop
      vertex 269.367 65.6 6
      vertex 271 65.6 17
      vertex 269.367 65.6 17
    endloop
  endfacet
  facet normal 0 -1 -0
    outer loop
      vertex 271 65.6 17
      vertex 269.367 65.6 6
      vertex 271 65.6 6
    endloop
  endfacet
  facet normal 1 -0 0
    outer loop
      vertex 266.9 69.8669 17
      vertex 266.9 71 6
      vertex 266.9 71 17
    endloop
  endfacet
  facet normal 1 0 0
    outer loop
      vertex 266.9 71 6
      vertex 266.9 69.8669 17
      vertex 266.9 69.8669 6
    endloop
  endfacet
  facet normal 1 -0 0
    outer loop
      vertex 266.9 67.4 17
      vertex 266.9 67.4158 6
      vertex 266.9 67.4158 17
    endloop
  endfacet
  facet normal 1 0 0
    outer loop
      vertex 266.9 67.4158 6
      vertex 266.9 67.4 17
      vertex 266.9 67.4 6
    endloop
  endfacet
  facet normal -1 0 0
    outer loop
      vertex 265.1 69.8669 6
      vertex 265.1 71 17
      vertex 265.1 71 6
    endloop
  endfacet
  facet normal -1 -0 0
    outer loop
      vertex 265.1 71 17
      vertex 265.1 69.8669 6
      vertex 265.1 69.8669 17
    endloop
  endfacet
  facet normal -1 0 0
    outer loop
      vertex 265.1 67 4
      vertex 265.1 66.5 4
      vertex 265.1 67 6
    endloop
  endfacet
  facet normal -1 0 0
    outer loop
      vertex 265.1 67 6
      vertex 265.1 67.4158 17
      vertex 265.1 67.4158 6
    endloop
  endfacet
  facet normal -1 0 0
    outer loop
      vertex 265.1 66.5 17
      vertex 265.1 67 6
      vertex 265.1 66.5 4
    endloop
  endfacet
  facet normal -1 0 0
    outer loop
      vertex 265.1 67 6
      vertex 265.1 66.5 17
      vertex 265.1 67.4158 17
    endloop
  endfacet
  facet normal 0 -1 0
    outer loop
      vertex 265.1 66.5 4
      vertex 266 66.5 17
      vertex 265.1 66.5 17
    endloop
  endfacet
  facet normal 0 -1 -0
    outer loop
      vertex 266 66.5 17
      vertex 265.1 66.5 4
      vertex 266 66.5 4
    endloop
  endfacet
endsolid OpenSCAD_Model
