solid OpenSCAD_Model
  facet normal 0.923863 0.382723 0
    outer loop
      vertex 24.3467 36.1647 12
      vertex 23.8971 37.25 4
      vertex 23.8971 37.25 12
    endloop
  endfacet
  facet normal 0.923863 0.382723 0
    outer loop
      vertex 23.8971 37.25 4
      vertex 24.3467 36.1647 12
      vertex 24.3467 36.1647 4
    endloop
  endfacet
  facet normal 0.991449 0.130496 0
    outer loop
      vertex 24.5 35 12
      vertex 24.3467 36.1647 4
      vertex 24.3467 36.1647 12
    endloop
  endfacet
  facet normal 0.991449 0.130496 0
    outer loop
      vertex 24.3467 36.1647 4
      vertex 24.5 35 12
      vertex 24.5 35 4
    endloop
  endfacet
  facet normal -0.130496 0.991449 0
    outer loop
      vertex 20 39.5 4
      vertex 18.8353 39.3467 12
      vertex 20 39.5 12
    endloop
  endfacet
  facet normal -0.130496 0.991449 0
    outer loop
      vertex 18.8353 39.3467 12
      vertex 20 39.5 4
      vertex 18.8353 39.3467 4
    endloop
  endfacet
  facet normal -0.793373 0.608735 0
    outer loop
      vertex 16.1029 37.25 4
      vertex 16.818 38.182 12
      vertex 16.818 38.182 4
    endloop
  endfacet
  facet normal -0.793373 0.608735 0
    outer loop
      vertex 16.818 38.182 12
      vertex 16.1029 37.25 4
      vertex 16.1029 37.25 12
    endloop
  endfacet
  facet normal 0.923863 -0.382723 0
    outer loop
      vertex 23.8971 32.75 12
      vertex 24.3467 33.8353 4
      vertex 24.3467 33.8353 12
    endloop
  endfacet
  facet normal 0.923863 -0.382723 0
    outer loop
      vertex 24.3467 33.8353 4
      vertex 23.8971 32.75 12
      vertex 23.8971 32.75 4
    endloop
  endfacet
  facet normal -0.382723 0.923863 0
    outer loop
      vertex 18.8353 39.3467 4
      vertex 17.75 38.8971 12
      vertex 18.8353 39.3467 12
    endloop
  endfacet
  facet normal -0.382723 0.923863 0
    outer loop
      vertex 17.75 38.8971 12
      vertex 18.8353 39.3467 4
      vertex 17.75 38.8971 4
    endloop
  endfacet
  facet normal 0 0 1
    outer loop
      vertex 21.6 35 12
      vertex 24.5 35 12
      vertex 24.3467 36.1647 12
    endloop
  endfacet
  facet normal 0 0 1
    outer loop
      vertex 21.5455 35.4141 12
      vertex 24.3467 36.1647 12
      vertex 23.8971 37.25 12
    endloop
  endfacet
  facet normal 0 0 1
    outer loop
      vertex 24.5 35 12
      vertex 21.6 35 12
      vertex 24.3467 33.8353 12
    endloop
  endfacet
  facet normal 0 0 1
    outer loop
      vertex 21.3856 35.8 12
      vertex 23.8971 37.25 12
      vertex 23.182 38.182 12
    endloop
  endfacet
  facet normal -0 0 1
    outer loop
      vertex 21.5455 34.5859 12
      vertex 24.3467 33.8353 12
      vertex 21.6 35 12
    endloop
  endfacet
  facet normal 0 0 1
    outer loop
      vertex 21.1314 36.1314 12
      vertex 23.182 38.182 12
      vertex 22.25 38.8971 12
    endloop
  endfacet
  facet normal 0 0 1
    outer loop
      vertex 24.3467 33.8353 12
      vertex 21.5455 34.5859 12
      vertex 23.8971 32.75 12
    endloop
  endfacet
  facet normal -0 0 1
    outer loop
      vertex 21.3856 34.2 12
      vertex 23.8971 32.75 12
      vertex 21.5455 34.5859 12
    endloop
  endfacet
  facet normal 0 0 1
    outer loop
      vertex 24.3467 36.1647 12
      vertex 21.5455 35.4141 12
      vertex 21.6 35 12
    endloop
  endfacet
  facet normal 0 0 1
    outer loop
      vertex 23.8971 37.25 12
      vertex 21.3856 35.8 12
      vertex 21.5455 35.4141 12
    endloop
  endfacet
  facet normal 0 0 1
    outer loop
      vertex 20.8 36.3856 12
      vertex 22.25 38.8971 12
      vertex 21.1647 39.3467 12
    endloop
  endfacet
  facet normal 0 0 1
    outer loop
      vertex 23.182 38.182 12
      vertex 21.1314 36.1314 12
      vertex 21.3856 35.8 12
    endloop
  endfacet
  facet normal 0 0 1
    outer loop
      vertex 22.25 38.8971 12
      vertex 20.8 36.3856 12
      vertex 21.1314 36.1314 12
    endloop
  endfacet
  facet normal 0 0 1
    outer loop
      vertex 21.1647 39.3467 12
      vertex 20.4141 36.5455 12
      vertex 20.8 36.3856 12
    endloop
  endfacet
  facet normal 0 0 1
    outer loop
      vertex 20 39.5 12
      vertex 20.4141 36.5455 12
      vertex 21.1647 39.3467 12
    endloop
  endfacet
  facet normal 0 0 1
    outer loop
      vertex 20 39.5 12
      vertex 20 36.6 12
      vertex 20.4141 36.5455 12
    endloop
  endfacet
  facet normal 0 0 1
    outer loop
      vertex 20 39.5 12
      vertex 19.5859 36.5455 12
      vertex 20 36.6 12
    endloop
  endfacet
  facet normal -0 0 1
    outer loop
      vertex 18.8353 39.3467 12
      vertex 19.5859 36.5455 12
      vertex 20 39.5 12
    endloop
  endfacet
  facet normal 0 0 1
    outer loop
      vertex 19.5859 36.5455 12
      vertex 18.8353 39.3467 12
      vertex 19.2 36.3856 12
    endloop
  endfacet
  facet normal -0 0 1
    outer loop
      vertex 17.75 38.8971 12
      vertex 19.2 36.3856 12
      vertex 18.8353 39.3467 12
    endloop
  endfacet
  facet normal 0 0 1
    outer loop
      vertex 19.2 36.3856 12
      vertex 17.75 38.8971 12
      vertex 18.8686 36.1314 12
    endloop
  endfacet
  facet normal -0 0 1
    outer loop
      vertex 16.818 38.182 12
      vertex 18.8686 36.1314 12
      vertex 17.75 38.8971 12
    endloop
  endfacet
  facet normal 0 0 1
    outer loop
      vertex 18.8686 36.1314 12
      vertex 16.818 38.182 12
      vertex 18.6144 35.8 12
    endloop
  endfacet
  facet normal -0 0 1
    outer loop
      vertex 16.1029 37.25 12
      vertex 18.6144 35.8 12
      vertex 16.818 38.182 12
    endloop
  endfacet
  facet normal 0 0 1
    outer loop
      vertex 23.8971 32.75 12
      vertex 21.3856 34.2 12
      vertex 23.182 31.818 12
    endloop
  endfacet
  facet normal -0 0 1
    outer loop
      vertex 21.1314 33.8686 12
      vertex 23.182 31.818 12
      vertex 21.3856 34.2 12
    endloop
  endfacet
  facet normal 0 0 1
    outer loop
      vertex 23.182 31.818 12
      vertex 21.1314 33.8686 12
      vertex 22.25 31.1029 12
    endloop
  endfacet
  facet normal -0 0 1
    outer loop
      vertex 20.8 33.6144 12
      vertex 22.25 31.1029 12
      vertex 21.1314 33.8686 12
    endloop
  endfacet
  facet normal 0 0 1
    outer loop
      vertex 22.25 31.1029 12
      vertex 20.8 33.6144 12
      vertex 21.1647 30.6533 12
    endloop
  endfacet
  facet normal -0 0 1
    outer loop
      vertex 20.4141 33.4545 12
      vertex 21.1647 30.6533 12
      vertex 20.8 33.6144 12
    endloop
  endfacet
  facet normal -0 0 1
    outer loop
      vertex 20 33.4 12
      vertex 21.1647 30.6533 12
      vertex 20.4141 33.4545 12
    endloop
  endfacet
  facet normal 0 0 1
    outer loop
      vertex 20 33.4 12
      vertex 20 30.5 12
      vertex 21.1647 30.6533 12
    endloop
  endfacet
  facet normal 0 0 1
    outer loop
      vertex 19.5859 33.4545 12
      vertex 20 30.5 12
      vertex 20 33.4 12
    endloop
  endfacet
  facet normal 0 0 1
    outer loop
      vertex 18.8353 30.6533 12
      vertex 19.5859 33.4545 12
      vertex 19.2 33.6144 12
    endloop
  endfacet
  facet normal 0 0 1
    outer loop
      vertex 17.75 31.1029 12
      vertex 19.2 33.6144 12
      vertex 18.8686 33.8686 12
    endloop
  endfacet
  facet normal 0 0 1
    outer loop
      vertex 19.5859 33.4545 12
      vertex 18.8353 30.6533 12
      vertex 20 30.5 12
    endloop
  endfacet
  facet normal 0 0 1
    outer loop
      vertex 16.818 31.818 12
      vertex 18.8686 33.8686 12
      vertex 18.6144 34.2 12
    endloop
  endfacet
  facet normal 0 0 1
    outer loop
      vertex 16.1029 32.75 12
      vertex 18.6144 34.2 12
      vertex 18.4545 34.5859 12
    endloop
  endfacet
  facet normal 0 0 1
    outer loop
      vertex 15.6533 33.8353 12
      vertex 18.4545 34.5859 12
      vertex 18.4 35 12
    endloop
  endfacet
  facet normal 0 0 1
    outer loop
      vertex 18.6144 35.8 12
      vertex 16.1029 37.25 12
      vertex 18.4545 35.4141 12
    endloop
  endfacet
  facet normal 0 0 1
    outer loop
      vertex 19.2 33.6144 12
      vertex 17.75 31.1029 12
      vertex 18.8353 30.6533 12
    endloop
  endfacet
  facet normal -0 0 1
    outer loop
      vertex 15.6533 36.1647 12
      vertex 18.4545 35.4141 12
      vertex 16.1029 37.25 12
    endloop
  endfacet
  facet normal 0 0 1
    outer loop
      vertex 18.8686 33.8686 12
      vertex 16.818 31.818 12
      vertex 17.75 31.1029 12
    endloop
  endfacet
  facet normal 0 0 1
    outer loop
      vertex 18.4545 35.4141 12
      vertex 15.6533 36.1647 12
      vertex 18.4 35 12
    endloop
  endfacet
  facet normal 0 0 1
    outer loop
      vertex 18.6144 34.2 12
      vertex 16.1029 32.75 12
      vertex 16.818 31.818 12
    endloop
  endfacet
  facet normal 0 0 1
    outer loop
      vertex 15.5 35 12
      vertex 18.4 35 12
      vertex 15.6533 36.1647 12
    endloop
  endfacet
  facet normal 0 0 1
    outer loop
      vertex 18.4545 34.5859 12
      vertex 15.6533 33.8353 12
      vertex 16.1029 32.75 12
    endloop
  endfacet
  facet normal 0 0 1
    outer loop
      vertex 18.4 35 12
      vertex 15.5 35 12
      vertex 15.6533 33.8353 12
    endloop
  endfacet
  facet normal 0.382723 0.923863 -0
    outer loop
      vertex 22.25 38.8971 4
      vertex 21.1647 39.3467 12
      vertex 22.25 38.8971 12
    endloop
  endfacet
  facet normal 0.382723 0.923863 0
    outer loop
      vertex 21.1647 39.3467 12
      vertex 22.25 38.8971 4
      vertex 21.1647 39.3467 4
    endloop
  endfacet
  facet normal -0.382723 -0.923863 0
    outer loop
      vertex 17.75 31.1029 4
      vertex 18.8353 30.6533 12
      vertex 17.75 31.1029 12
    endloop
  endfacet
  facet normal -0.382723 -0.923863 -0
    outer loop
      vertex 18.8353 30.6533 12
      vertex 17.75 31.1029 4
      vertex 18.8353 30.6533 4
    endloop
  endfacet
  facet normal 0.382723 -0.923863 0
    outer loop
      vertex 21.1647 30.6533 4
      vertex 22.25 31.1029 12
      vertex 21.1647 30.6533 12
    endloop
  endfacet
  facet normal 0.382723 -0.923863 0
    outer loop
      vertex 22.25 31.1029 12
      vertex 21.1647 30.6533 4
      vertex 22.25 31.1029 4
    endloop
  endfacet
  facet normal 0.991449 -0.130496 0
    outer loop
      vertex 24.3467 33.8353 12
      vertex 24.5 35 4
      vertex 24.5 35 12
    endloop
  endfacet
  facet normal 0.991449 -0.130496 0
    outer loop
      vertex 24.5 35 4
      vertex 24.3467 33.8353 12
      vertex 24.3467 33.8353 4
    endloop
  endfacet
  facet normal -0.991449 0.130496 0
    outer loop
      vertex 15.5 35 4
      vertex 15.6533 36.1647 12
      vertex 15.6533 36.1647 4
    endloop
  endfacet
  facet normal -0.991449 0.130496 0
    outer loop
      vertex 15.6533 36.1647 12
      vertex 15.5 35 4
      vertex 15.5 35 12
    endloop
  endfacet
  facet normal -0.130496 -0.991449 0
    outer loop
      vertex 18.8353 30.6533 4
      vertex 20 30.5 12
      vertex 18.8353 30.6533 12
    endloop
  endfacet
  facet normal -0.130496 -0.991449 -0
    outer loop
      vertex 20 30.5 12
      vertex 18.8353 30.6533 4
      vertex 20 30.5 4
    endloop
  endfacet
  facet normal 0.793373 -0.608735 0
    outer loop
      vertex 23.182 31.818 12
      vertex 23.8971 32.75 4
      vertex 23.8971 32.75 12
    endloop
  endfacet
  facet normal 0.793373 -0.608735 0
    outer loop
      vertex 23.8971 32.75 4
      vertex 23.182 31.818 12
      vertex 23.182 31.818 4
    endloop
  endfacet
  facet normal 0.608735 -0.793373 0
    outer loop
      vertex 22.25 31.1029 4
      vertex 23.182 31.818 12
      vertex 22.25 31.1029 12
    endloop
  endfacet
  facet normal 0.608735 -0.793373 0
    outer loop
      vertex 23.182 31.818 12
      vertex 22.25 31.1029 4
      vertex 23.182 31.818 4
    endloop
  endfacet
  facet normal 0.130496 -0.991449 0
    outer loop
      vertex 20 30.5 4
      vertex 21.1647 30.6533 12
      vertex 20 30.5 12
    endloop
  endfacet
  facet normal 0.130496 -0.991449 0
    outer loop
      vertex 21.1647 30.6533 12
      vertex 20 30.5 4
      vertex 21.1647 30.6533 4
    endloop
  endfacet
  facet normal -0.608735 -0.793373 0
    outer loop
      vertex 16.818 31.818 4
      vertex 17.75 31.1029 12
      vertex 16.818 31.818 12
    endloop
  endfacet
  facet normal -0.608735 -0.793373 -0
    outer loop
      vertex 17.75 31.1029 12
      vertex 16.818 31.818 4
      vertex 17.75 31.1029 4
    endloop
  endfacet
  facet normal -0.991449 -0.130496 0
    outer loop
      vertex 15.6533 33.8353 4
      vertex 15.5 35 12
      vertex 15.5 35 4
    endloop
  endfacet
  facet normal -0.991449 -0.130496 0
    outer loop
      vertex 15.5 35 12
      vertex 15.6533 33.8353 4
      vertex 15.6533 33.8353 12
    endloop
  endfacet
  facet normal -0.608735 0.793373 0
    outer loop
      vertex 17.75 38.8971 4
      vertex 16.818 38.182 12
      vertex 17.75 38.8971 12
    endloop
  endfacet
  facet normal -0.608735 0.793373 0
    outer loop
      vertex 16.818 38.182 12
      vertex 17.75 38.8971 4
      vertex 16.818 38.182 4
    endloop
  endfacet
  facet normal 0.608735 0.793373 -0
    outer loop
      vertex 23.182 38.182 4
      vertex 22.25 38.8971 12
      vertex 23.182 38.182 12
    endloop
  endfacet
  facet normal 0.608735 0.793373 0
    outer loop
      vertex 22.25 38.8971 12
      vertex 23.182 38.182 4
      vertex 22.25 38.8971 4
    endloop
  endfacet
  facet normal 0.130496 0.991449 -0
    outer loop
      vertex 21.1647 39.3467 4
      vertex 20 39.5 12
      vertex 21.1647 39.3467 12
    endloop
  endfacet
  facet normal 0.130496 0.991449 0
    outer loop
      vertex 20 39.5 12
      vertex 21.1647 39.3467 4
      vertex 20 39.5 4
    endloop
  endfacet
  facet normal 0.793373 0.608735 0
    outer loop
      vertex 23.8971 37.25 12
      vertex 23.182 38.182 4
      vertex 23.182 38.182 12
    endloop
  endfacet
  facet normal 0.793373 0.608735 0
    outer loop
      vertex 23.182 38.182 4
      vertex 23.8971 37.25 12
      vertex 23.8971 37.25 4
    endloop
  endfacet
  facet normal -0.923863 -0.382723 0
    outer loop
      vertex 16.1029 32.75 4
      vertex 15.6533 33.8353 12
      vertex 15.6533 33.8353 4
    endloop
  endfacet
  facet normal -0.923863 -0.382723 0
    outer loop
      vertex 15.6533 33.8353 12
      vertex 16.1029 32.75 4
      vertex 16.1029 32.75 12
    endloop
  endfacet
  facet normal -0.923863 0.382723 0
    outer loop
      vertex 15.6533 36.1647 4
      vertex 16.1029 37.25 12
      vertex 16.1029 37.25 4
    endloop
  endfacet
  facet normal -0.923863 0.382723 0
    outer loop
      vertex 16.1029 37.25 12
      vertex 15.6533 36.1647 4
      vertex 15.6533 36.1647 12
    endloop
  endfacet
  facet normal -0.793373 -0.608735 0
    outer loop
      vertex 16.818 31.818 4
      vertex 16.1029 32.75 12
      vertex 16.1029 32.75 4
    endloop
  endfacet
  facet normal -0.793373 -0.608735 0
    outer loop
      vertex 16.1029 32.75 12
      vertex 16.818 31.818 4
      vertex 16.818 31.818 12
    endloop
  endfacet
  facet normal 0 0 1
    outer loop
      vertex 40.4263 51.5665 4
      vertex 23.182 66.818 4
      vertex 39.0455 49.5 4
    endloop
  endfacet
  facet normal 0 0 1
    outer loop
      vertex 37.9463 47.271 4
      vertex 24.3467 36.1647 4
      vertex 24.5 35 4
    endloop
  endfacet
  facet normal -0 0 1
    outer loop
      vertex 22.25 66.1029 4
      vertex 39.0455 49.5 4
      vertex 23.182 66.818 4
    endloop
  endfacet
  facet normal 0 0 1
    outer loop
      vertex 37.9463 47.271 4
      vertex 23.8971 37.25 4
      vertex 24.3467 36.1647 4
    endloop
  endfacet
  facet normal 0 0 1
    outer loop
      vertex 39.0455 49.5 4
      vertex 22.25 66.1029 4
      vertex 37.9463 47.271 4
    endloop
  endfacet
  facet normal 0 0 1
    outer loop
      vertex 37.9463 47.271 4
      vertex 23.182 38.182 4
      vertex 23.8971 37.25 4
    endloop
  endfacet
  facet normal -0 0 1
    outer loop
      vertex 21.1647 65.6533 4
      vertex 37.9463 47.271 4
      vertex 22.25 66.1029 4
    endloop
  endfacet
  facet normal 0 0 1
    outer loop
      vertex 37.9463 47.271 4
      vertex 22.25 38.8971 4
      vertex 23.182 38.182 4
    endloop
  endfacet
  facet normal 0 0 1
    outer loop
      vertex 21.1647 39.3467 4
      vertex 37.9463 47.271 4
      vertex 21.1647 65.6533 4
    endloop
  endfacet
  facet normal 0 0 1
    outer loop
      vertex 37.9463 47.271 4
      vertex 21.1647 39.3467 4
      vertex 22.25 38.8971 4
    endloop
  endfacet
  facet normal -0 0 1
    outer loop
      vertex 20 65.5 4
      vertex 21.1647 39.3467 4
      vertex 21.1647 65.6533 4
    endloop
  endfacet
  facet normal 0 0 1
    outer loop
      vertex 20 65.5 4
      vertex 20 39.5 4
      vertex 21.1647 39.3467 4
    endloop
  endfacet
  facet normal 0 0 1
    outer loop
      vertex 18.8353 65.6533 4
      vertex 20 39.5 4
      vertex 20 65.5 4
    endloop
  endfacet
  facet normal 0 0 1
    outer loop
      vertex 18.8353 65.6533 4
      vertex 18.8353 39.3467 4
      vertex 20 39.5 4
    endloop
  endfacet
  facet normal 0 0 1
    outer loop
      vertex 17.75 66.1029 4
      vertex 18.8353 39.3467 4
      vertex 18.8353 65.6533 4
    endloop
  endfacet
  facet normal 0 0 1
    outer loop
      vertex 17.75 66.1029 4
      vertex 17.75 38.8971 4
      vertex 18.8353 39.3467 4
    endloop
  endfacet
  facet normal 0 0 1
    outer loop
      vertex 16.818 66.818 4
      vertex 17.75 38.8971 4
      vertex 17.75 66.1029 4
    endloop
  endfacet
  facet normal 0 0 1
    outer loop
      vertex 16.818 66.818 4
      vertex 16.818 38.182 4
      vertex 17.75 38.8971 4
    endloop
  endfacet
  facet normal 0 0 1
    outer loop
      vertex 16.1029 67.75 4
      vertex 16.818 38.182 4
      vertex 16.818 66.818 4
    endloop
  endfacet
  facet normal 0 0 1
    outer loop
      vertex 16.1029 67.75 4
      vertex 16.1029 37.25 4
      vertex 16.818 38.182 4
    endloop
  endfacet
  facet normal 0 0 1
    outer loop
      vertex 15.6533 68.8353 4
      vertex 16.1029 37.25 4
      vertex 16.1029 67.75 4
    endloop
  endfacet
  facet normal 0 0 1
    outer loop
      vertex 15.6533 68.8353 4
      vertex 15.6533 36.1647 4
      vertex 16.1029 37.25 4
    endloop
  endfacet
  facet normal 0 0 1
    outer loop
      vertex 0 97 4
      vertex 15.6533 68.8353 4
      vertex 15.5 70 4
    endloop
  endfacet
  facet normal 0 0 1
    outer loop
      vertex 15.6533 68.8353 4
      vertex 0 97 4
      vertex 15.6533 36.1647 4
    endloop
  endfacet
  facet normal 0 0 1
    outer loop
      vertex 55.25 92.1247 4
      vertex 54.9999 92.2584 4
      vertex 55.25 82 4
    endloop
  endfacet
  facet normal 0 0 1
    outer loop
      vertex 65 23.5455 4
      vertex 59.0217 9.49443 4
      vertex 59.1 9 4
    endloop
  endfacet
  facet normal 0 0 1
    outer loop
      vertex 62.771 22.4463 4
      vertex 58.7944 9.94046 4
      vertex 59.0217 9.49443 4
    endloop
  endfacet
  facet normal 0 0 1
    outer loop
      vertex 60.4176 21.6474 4
      vertex 58.4405 10.2944 4
      vertex 58.7944 9.94046 4
    endloop
  endfacet
  facet normal 0 0 1
    outer loop
      vertex 60.4176 21.6474 4
      vertex 57.9944 10.5217 4
      vertex 58.4405 10.2944 4
    endloop
  endfacet
  facet normal -0 0 1
    outer loop
      vertex 57.98 21.1625 4
      vertex 57.9944 10.5217 4
      vertex 60.4176 21.6474 4
    endloop
  endfacet
  facet normal 0 0 1
    outer loop
      vertex 57.98 21.1625 4
      vertex 57.5 10.6 4
      vertex 57.9944 10.5217 4
    endloop
  endfacet
  facet normal -0 0 1
    outer loop
      vertex 55.5 21 4
      vertex 57.5 10.6 4
      vertex 57.98 21.1625 4
    endloop
  endfacet
  facet normal 0 0 1
    outer loop
      vertex 57.5 10.6 4
      vertex 55.5 21 4
      vertex 57.0056 10.5217 4
    endloop
  endfacet
  facet normal 0 0 1
    outer loop
      vertex 57.0056 10.5217 4
      vertex 55.5 21 4
      vertex 56.5595 10.2944 4
    endloop
  endfacet
  facet normal 0 0 1
    outer loop
      vertex 53.02 21.1625 4
      vertex 56.5595 10.2944 4
      vertex 55.5 21 4
    endloop
  endfacet
  facet normal 0 0 1
    outer loop
      vertex 50.5824 21.6474 4
      vertex 56.2056 9.94046 4
      vertex 53.02 21.1625 4
    endloop
  endfacet
  facet normal 0 0 1
    outer loop
      vertex 56.5595 10.2944 4
      vertex 53.02 21.1625 4
      vertex 56.2056 9.94046 4
    endloop
  endfacet
  facet normal -0 0 1
    outer loop
      vertex 99.3467 36.1647 4
      vertex 115 8 4
      vertex 99.3467 68.8353 4
    endloop
  endfacet
  facet normal 0 0 1
    outer loop
      vertex 115 8 4
      vertex 99.3467 36.1647 4
      vertex 99.5 35 4
    endloop
  endfacet
  facet normal -0 0 1
    outer loop
      vertex 98.8971 67.75 4
      vertex 99.3467 36.1647 4
      vertex 99.3467 68.8353 4
    endloop
  endfacet
  facet normal 0 0 1
    outer loop
      vertex 98.8971 67.75 4
      vertex 98.8971 37.25 4
      vertex 99.3467 36.1647 4
    endloop
  endfacet
  facet normal -0 0 1
    outer loop
      vertex 98.182 66.818 4
      vertex 98.8971 37.25 4
      vertex 98.8971 67.75 4
    endloop
  endfacet
  facet normal 0 0 1
    outer loop
      vertex 98.182 66.818 4
      vertex 98.182 38.182 4
      vertex 98.8971 37.25 4
    endloop
  endfacet
  facet normal -0 0 1
    outer loop
      vertex 97.25 66.1029 4
      vertex 98.182 38.182 4
      vertex 98.182 66.818 4
    endloop
  endfacet
  facet normal 0 0 1
    outer loop
      vertex 97.25 66.1029 4
      vertex 97.25 38.8971 4
      vertex 98.182 38.182 4
    endloop
  endfacet
  facet normal -0 0 1
    outer loop
      vertex 96.1647 65.6533 4
      vertex 97.25 38.8971 4
      vertex 97.25 66.1029 4
    endloop
  endfacet
  facet normal 0 0 1
    outer loop
      vertex 96.1647 65.6533 4
      vertex 96.1647 39.3467 4
      vertex 97.25 38.8971 4
    endloop
  endfacet
  facet normal -0 0 1
    outer loop
      vertex 95 65.5 4
      vertex 96.1647 39.3467 4
      vertex 96.1647 65.6533 4
    endloop
  endfacet
  facet normal 0 0 1
    outer loop
      vertex 95 65.5 4
      vertex 95 39.5 4
      vertex 96.1647 39.3467 4
    endloop
  endfacet
  facet normal 0 0 1
    outer loop
      vertex 93.8353 65.6533 4
      vertex 95 39.5 4
      vertex 95 65.5 4
    endloop
  endfacet
  facet normal 0 0 1
    outer loop
      vertex 93.8353 65.6533 4
      vertex 93.8353 39.3467 4
      vertex 95 39.5 4
    endloop
  endfacet
  facet normal 0 0 1
    outer loop
      vertex 92.75 66.1029 4
      vertex 93.8353 39.3467 4
      vertex 93.8353 65.6533 4
    endloop
  endfacet
  facet normal 0 0 1
    outer loop
      vertex 92.75 66.1029 4
      vertex 92.75 38.8971 4
      vertex 93.8353 39.3467 4
    endloop
  endfacet
  facet normal 0 0 1
    outer loop
      vertex 71.9545 49.5 4
      vertex 92.75 66.1029 4
      vertex 91.818 66.818 4
    endloop
  endfacet
  facet normal 0 0 1
    outer loop
      vertex 92.75 66.1029 4
      vertex 73.0537 47.271 4
      vertex 92.75 38.8971 4
    endloop
  endfacet
  facet normal 0 0 1
    outer loop
      vertex 70.5737 51.5665 4
      vertex 91.818 66.818 4
      vertex 91.1029 67.75 4
    endloop
  endfacet
  facet normal -0 -0 1
    outer loop
      vertex 73.8526 44.9176 4
      vertex 92.75 38.8971 4
      vertex 73.0537 47.271 4
    endloop
  endfacet
  facet normal 0 0 1
    outer loop
      vertex 68.935 53.435 4
      vertex 91.1029 67.75 4
      vertex 90.6533 68.8353 4
    endloop
  endfacet
  facet normal 0 0 1
    outer loop
      vertex 92.75 38.8971 4
      vertex 73.8526 44.9176 4
      vertex 91.818 38.182 4
    endloop
  endfacet
  facet normal 0 0 1
    outer loop
      vertex 67.0665 55.0737 4
      vertex 90.6533 68.8353 4
      vertex 90.5 70 4
    endloop
  endfacet
  facet normal -0 -0 1
    outer loop
      vertex 74.3374 42.48 4
      vertex 91.818 38.182 4
      vertex 73.8526 44.9176 4
    endloop
  endfacet
  facet normal 0 0 1
    outer loop
      vertex 107.964 104.942 4
      vertex 115 97 4
      vertex 114.768 98.9145 4
    endloop
  endfacet
  facet normal 0 0 1
    outer loop
      vertex 99.3467 68.8353 4
      vertex 115 97 4
      vertex 99.5 70 4
    endloop
  endfacet
  facet normal 0 0 1
    outer loop
      vertex 107.964 104.942 4
      vertex 114.768 98.9145 4
      vertex 114.084 100.718 4
    endloop
  endfacet
  facet normal 0 0 1
    outer loop
      vertex 115 97 4
      vertex 99.3467 68.8353 4
      vertex 115 8 4
    endloop
  endfacet
  facet normal 0 0 1
    outer loop
      vertex 107.964 104.942 4
      vertex 114.084 100.718 4
      vertex 112.988 102.305 4
    endloop
  endfacet
  facet normal -0 0 1
    outer loop
      vertex 99.3467 33.8353 4
      vertex 115 8 4
      vertex 99.5 35 4
    endloop
  endfacet
  facet normal 0 0 1
    outer loop
      vertex 107.964 104.942 4
      vertex 112.988 102.305 4
      vertex 111.545 103.584 4
    endloop
  endfacet
  facet normal -0 0 1
    outer loop
      vertex 98.8971 32.75 4
      vertex 115 8 4
      vertex 99.3467 33.8353 4
    endloop
  endfacet
  facet normal 0 0 1
    outer loop
      vertex 107.964 104.942 4
      vertex 111.545 103.584 4
      vertex 109.837 104.48 4
    endloop
  endfacet
  facet normal -0 0 1
    outer loop
      vertex 98.182 31.818 4
      vertex 115 8 4
      vertex 98.8971 32.75 4
    endloop
  endfacet
  facet normal 0 0 1
    outer loop
      vertex 115 97 4
      vertex 107.964 104.942 4
      vertex 96.1647 74.3467 4
    endloop
  endfacet
  facet normal -0 0 1
    outer loop
      vertex 97.25 31.1029 4
      vertex 115 8 4
      vertex 98.182 31.818 4
    endloop
  endfacet
  facet normal -0 0 1
    outer loop
      vertex 96.1647 30.6533 4
      vertex 115 8 4
      vertex 97.25 31.1029 4
    endloop
  endfacet
  facet normal 0 0 1
    outer loop
      vertex 115 97 4
      vertex 99.3467 71.1647 4
      vertex 99.5 70 4
    endloop
  endfacet
  facet normal 0 0 1
    outer loop
      vertex 115 97 4
      vertex 98.8971 72.25 4
      vertex 99.3467 71.1647 4
    endloop
  endfacet
  facet normal 0 0 1
    outer loop
      vertex 115 97 4
      vertex 98.182 73.182 4
      vertex 98.8971 72.25 4
    endloop
  endfacet
  facet normal 0 0 1
    outer loop
      vertex 115 97 4
      vertex 97.25 73.8971 4
      vertex 98.182 73.182 4
    endloop
  endfacet
  facet normal 0 0 1
    outer loop
      vertex 115 97 4
      vertex 96.1647 74.3467 4
      vertex 97.25 73.8971 4
    endloop
  endfacet
  facet normal 0 0 1
    outer loop
      vertex 107.964 104.942 4
      vertex 95 74.5 4
      vertex 96.1647 74.3467 4
    endloop
  endfacet
  facet normal 0 0 1
    outer loop
      vertex 107.964 104.942 4
      vertex 93.8353 74.3467 4
      vertex 95 74.5 4
    endloop
  endfacet
  facet normal -0 0 1
    outer loop
      vertex 62 96 4
      vertex 93.8353 74.3467 4
      vertex 107.964 104.942 4
    endloop
  endfacet
  facet normal 0 0 1
    outer loop
      vertex 93.8353 74.3467 4
      vertex 62 96 4
      vertex 92.75 73.8971 4
    endloop
  endfacet
  facet normal -0 0 1
    outer loop
      vertex 61.9135 95.1221 4
      vertex 92.75 73.8971 4
      vertex 62 96 4
    endloop
  endfacet
  facet normal 0 0 1
    outer loop
      vertex 91.818 38.182 4
      vertex 74.3374 42.48 4
      vertex 91.1029 37.25 4
    endloop
  endfacet
  facet normal 0 0 1
    outer loop
      vertex 59.75 82 4
      vertex 90.5 70 4
      vertex 90.6533 71.1647 4
    endloop
  endfacet
  facet normal 0 0 1
    outer loop
      vertex 59.75 82 4
      vertex 90.6533 71.1647 4
      vertex 91.1029 72.25 4
    endloop
  endfacet
  facet normal -0 0 1
    outer loop
      vertex 74.3374 37.52 4
      vertex 90.6533 36.1647 4
      vertex 74.5 40 4
    endloop
  endfacet
  facet normal 0 0 1
    outer loop
      vertex 92.75 73.8971 4
      vertex 61.9135 95.1221 4
      vertex 91.818 73.182 4
    endloop
  endfacet
  facet normal 0 0 1
    outer loop
      vertex 91.1029 37.25 4
      vertex 74.5 40 4
      vertex 90.6533 36.1647 4
    endloop
  endfacet
  facet normal -0 -0 1
    outer loop
      vertex 74.5 40 4
      vertex 91.1029 37.25 4
      vertex 74.3374 42.48 4
    endloop
  endfacet
  facet normal 0 0 1
    outer loop
      vertex 92.75 66.1029 4
      vertex 71.9545 49.5 4
      vertex 73.0537 47.271 4
    endloop
  endfacet
  facet normal 0 0 1
    outer loop
      vertex 91.818 66.818 4
      vertex 70.5737 51.5665 4
      vertex 71.9545 49.5 4
    endloop
  endfacet
  facet normal 0 0 1
    outer loop
      vertex 91.1029 67.75 4
      vertex 68.935 53.435 4
      vertex 70.5737 51.5665 4
    endloop
  endfacet
  facet normal 0 0 1
    outer loop
      vertex 90.5 70 4
      vertex 59.75 82 4
      vertex 65 56.4545 4
    endloop
  endfacet
  facet normal 0 0 1
    outer loop
      vertex 90.6533 68.8353 4
      vertex 67.0665 55.0737 4
      vertex 68.935 53.435 4
    endloop
  endfacet
  facet normal 0 0 1
    outer loop
      vertex 90.5 70 4
      vertex 65 56.4545 4
      vertex 67.0665 55.0737 4
    endloop
  endfacet
  facet normal -0 0 1
    outer loop
      vertex 61.6575 94.2779 4
      vertex 91.818 73.182 4
      vertex 61.9135 95.1221 4
    endloop
  endfacet
  facet normal 0 0 1
    outer loop
      vertex 107.964 104.942 4
      vertex 61.9135 96.8779 4
      vertex 62 96 4
    endloop
  endfacet
  facet normal 0 0 1
    outer loop
      vertex 107.964 104.942 4
      vertex 61.6575 97.7221 4
      vertex 61.9135 96.8779 4
    endloop
  endfacet
  facet normal 0 0 1
    outer loop
      vertex 107.964 104.942 4
      vertex 61.2416 98.5001 4
      vertex 61.6575 97.7221 4
    endloop
  endfacet
  facet normal 0 0 1
    outer loop
      vertex 107.964 104.942 4
      vertex 60.682 99.182 4
      vertex 61.2416 98.5001 4
    endloop
  endfacet
  facet normal 0 0 1
    outer loop
      vertex 107.964 104.942 4
      vertex 60.0001 99.7416 4
      vertex 60.682 99.182 4
    endloop
  endfacet
  facet normal 0 0 1
    outer loop
      vertex 107.964 104.942 4
      vertex 59.2221 100.157 4
      vertex 60.0001 99.7416 4
    endloop
  endfacet
  facet normal 0 0 1
    outer loop
      vertex 107.964 104.942 4
      vertex 58.3779 100.414 4
      vertex 59.2221 100.157 4
    endloop
  endfacet
  facet normal 0 0 1
    outer loop
      vertex 107.964 104.942 4
      vertex 57.5 100.5 4
      vertex 58.3779 100.414 4
    endloop
  endfacet
  facet normal 0 0 1
    outer loop
      vertex 55.25 82 4
      vertex 48.229 57.5537 4
      vertex 50.5824 58.3526 4
    endloop
  endfacet
  facet normal 0 0 1
    outer loop
      vertex 7.03571 104.942 4
      vertex 53 96 4
      vertex 53.0865 96.8779 4
    endloop
  endfacet
  facet normal 0 0 1
    outer loop
      vertex 53.0865 95.1221 4
      vertex 24.3467 71.1647 4
      vertex 48.229 57.5537 4
    endloop
  endfacet
  facet normal -0 -0 1
    outer loop
      vertex 24.5 70 4
      vertex 48.229 57.5537 4
      vertex 24.3467 71.1647 4
    endloop
  endfacet
  facet normal 0 0 1
    outer loop
      vertex 48.229 57.5537 4
      vertex 24.5 70 4
      vertex 46 56.4545 4
    endloop
  endfacet
  facet normal -0 0 1
    outer loop
      vertex 24.3467 68.8353 4
      vertex 46 56.4545 4
      vertex 24.5 70 4
    endloop
  endfacet
  facet normal 0 0 1
    outer loop
      vertex 46 56.4545 4
      vertex 24.3467 68.8353 4
      vertex 43.9335 55.0737 4
    endloop
  endfacet
  facet normal 0 0 1
    outer loop
      vertex 43.9335 55.0737 4
      vertex 23.8971 67.75 4
      vertex 42.065 53.435 4
    endloop
  endfacet
  facet normal 0 0 1
    outer loop
      vertex 7.03571 104.942 4
      vertex 53.0865 96.8779 4
      vertex 53.3425 97.7221 4
    endloop
  endfacet
  facet normal -0 0 1
    outer loop
      vertex 23.182 66.818 4
      vertex 42.065 53.435 4
      vertex 23.8971 67.75 4
    endloop
  endfacet
  facet normal 0 0 1
    outer loop
      vertex 37.1474 44.9176 4
      vertex 24.5 35 4
      vertex 36.6625 42.48 4
    endloop
  endfacet
  facet normal 0 0 1
    outer loop
      vertex 37.9463 47.271 4
      vertex 24.5 35 4
      vertex 37.1474 44.9176 4
    endloop
  endfacet
  facet normal 0 0 1
    outer loop
      vertex 42.065 53.435 4
      vertex 23.182 66.818 4
      vertex 40.4263 51.5665 4
    endloop
  endfacet
  facet normal 0 0 1
    outer loop
      vertex 7.03571 104.942 4
      vertex 53.3425 97.7221 4
      vertex 53.7584 98.5001 4
    endloop
  endfacet
  facet normal 0 0 1
    outer loop
      vertex 7.03571 104.942 4
      vertex 53.7584 98.5001 4
      vertex 54.318 99.182 4
    endloop
  endfacet
  facet normal -0 0 1
    outer loop
      vertex 23.8971 67.75 4
      vertex 43.9335 55.0737 4
      vertex 24.3467 68.8353 4
    endloop
  endfacet
  facet normal 0 0 1
    outer loop
      vertex 53.0865 95.1221 4
      vertex 23.8971 72.25 4
      vertex 24.3467 71.1647 4
    endloop
  endfacet
  facet normal 0 0 1
    outer loop
      vertex 53.0865 95.1221 4
      vertex 23.182 73.182 4
      vertex 23.8971 72.25 4
    endloop
  endfacet
  facet normal 0 0 1
    outer loop
      vertex 53.0865 95.1221 4
      vertex 22.25 73.8971 4
      vertex 23.182 73.182 4
    endloop
  endfacet
  facet normal 0 0 1
    outer loop
      vertex 7.03571 104.942 4
      vertex 54.318 99.182 4
      vertex 54.9999 99.7416 4
    endloop
  endfacet
  facet normal 0 0 1
    outer loop
      vertex 53 96 4
      vertex 21.1647 74.3467 4
      vertex 22.25 73.8971 4
    endloop
  endfacet
  facet normal 0 0 1
    outer loop
      vertex 53 96 4
      vertex 7.03571 104.942 4
      vertex 21.1647 74.3467 4
    endloop
  endfacet
  facet normal 0 0 1
    outer loop
      vertex 21.1647 74.3467 4
      vertex 7.03571 104.942 4
      vertex 20 74.5 4
    endloop
  endfacet
  facet normal 0 0 1
    outer loop
      vertex 20 74.5 4
      vertex 7.03571 104.942 4
      vertex 18.8353 74.3467 4
    endloop
  endfacet
  facet normal 0 0 1
    outer loop
      vertex 15.6533 71.1647 4
      vertex 0 97 4
      vertex 15.5 70 4
    endloop
  endfacet
  facet normal 0 0 1
    outer loop
      vertex 16.1029 72.25 4
      vertex 0 97 4
      vertex 15.6533 71.1647 4
    endloop
  endfacet
  facet normal 0 0 1
    outer loop
      vertex 16.818 73.182 4
      vertex 0 97 4
      vertex 16.1029 72.25 4
    endloop
  endfacet
  facet normal 0 0 1
    outer loop
      vertex 17.75 73.8971 4
      vertex 0 97 4
      vertex 16.818 73.182 4
    endloop
  endfacet
  facet normal 0 0 1
    outer loop
      vertex 18.8353 74.3467 4
      vertex 0 97 4
      vertex 17.75 73.8971 4
    endloop
  endfacet
  facet normal -0 0 1
    outer loop
      vertex 0 97 4
      vertex 18.8353 74.3467 4
      vertex 7.03571 104.942 4
    endloop
  endfacet
  facet normal 0 0 1
    outer loop
      vertex 55.7779 100.157 4
      vertex 7.03571 104.942 4
      vertex 54.9999 99.7416 4
    endloop
  endfacet
  facet normal 0 0 1
    outer loop
      vertex 56.6221 100.414 4
      vertex 7.03571 104.942 4
      vertex 55.7779 100.157 4
    endloop
  endfacet
  facet normal 0 0 1
    outer loop
      vertex 57.5 100.5 4
      vertex 7.03571 104.942 4
      vertex 56.6221 100.414 4
    endloop
  endfacet
  facet normal -0 0 1
    outer loop
      vertex 7.03571 104.942 4
      vertex 57.5 100.5 4
      vertex 107.964 104.942 4
    endloop
  endfacet
  facet normal 0 -0 1
    outer loop
      vertex 107.964 0.0583286 4
      vertex 115 8 4
      vertex 96.1647 30.6533 4
    endloop
  endfacet
  facet normal 0 0 1
    outer loop
      vertex 115 8 4
      vertex 107.964 0.0583286 4
      vertex 114.768 6.08547 4
    endloop
  endfacet
  facet normal 0 0 1
    outer loop
      vertex 114.084 4.28221 4
      vertex 107.964 0.0583286 4
      vertex 112.988 2.69502 4
    endloop
  endfacet
  facet normal 0 0 1
    outer loop
      vertex 112.988 2.69502 4
      vertex 107.964 0.0583286 4
      vertex 111.545 1.41613 4
    endloop
  endfacet
  facet normal 0 0 1
    outer loop
      vertex 111.545 1.41613 4
      vertex 107.964 0.0583286 4
      vertex 109.837 0.51987 4
    endloop
  endfacet
  facet normal 0 0 1
    outer loop
      vertex 114.768 6.08547 4
      vertex 107.964 0.0583286 4
      vertex 114.084 4.28221 4
    endloop
  endfacet
  facet normal -0 0 1
    outer loop
      vertex 95 30.5 4
      vertex 107.964 0.0583286 4
      vertex 96.1647 30.6533 4
    endloop
  endfacet
  facet normal 0 0 1
    outer loop
      vertex 93.8353 30.6533 4
      vertex 107.964 0.0583286 4
      vertex 95 30.5 4
    endloop
  endfacet
  facet normal 0 0 1
    outer loop
      vertex 68.935 26.565 4
      vertex 93.8353 30.6533 4
      vertex 92.75 31.1029 4
    endloop
  endfacet
  facet normal 0 0 1
    outer loop
      vertex 70.5737 28.4335 4
      vertex 92.75 31.1029 4
      vertex 91.818 31.818 4
    endloop
  endfacet
  facet normal 0 0 1
    outer loop
      vertex 71.9545 30.5 4
      vertex 91.818 31.818 4
      vertex 91.1029 32.75 4
    endloop
  endfacet
  facet normal 0 0 1
    outer loop
      vertex 90.6533 36.1647 4
      vertex 74.3374 37.52 4
      vertex 90.5 35 4
    endloop
  endfacet
  facet normal -0 0 1
    outer loop
      vertex 73.8526 35.0824 4
      vertex 90.5 35 4
      vertex 74.3374 37.52 4
    endloop
  endfacet
  facet normal 0 0 1
    outer loop
      vertex 90.5 35 4
      vertex 73.8526 35.0824 4
      vertex 90.6533 33.8353 4
    endloop
  endfacet
  facet normal 0 0 1
    outer loop
      vertex 73.0537 32.729 4
      vertex 90.6533 33.8353 4
      vertex 73.8526 35.0824 4
    endloop
  endfacet
  facet normal 0 0 1
    outer loop
      vertex 90.6533 33.8353 4
      vertex 73.0537 32.729 4
      vertex 91.1029 32.75 4
    endloop
  endfacet
  facet normal 0 0 1
    outer loop
      vertex 71.9545 30.5 4
      vertex 91.1029 32.75 4
      vertex 73.0537 32.729 4
    endloop
  endfacet
  facet normal 0 0 1
    outer loop
      vertex 91.818 31.818 4
      vertex 71.9545 30.5 4
      vertex 70.5737 28.4335 4
    endloop
  endfacet
  facet normal 0 0 1
    outer loop
      vertex 92.75 31.1029 4
      vertex 70.5737 28.4335 4
      vertex 68.935 26.565 4
    endloop
  endfacet
  facet normal 0 0 1
    outer loop
      vertex 93.8353 30.6533 4
      vertex 68.935 26.565 4
      vertex 107.964 0.0583286 4
    endloop
  endfacet
  facet normal -0 0 1
    outer loop
      vertex 67.0665 24.9263 4
      vertex 107.964 0.0583286 4
      vertex 68.935 26.565 4
    endloop
  endfacet
  facet normal 0 0 1
    outer loop
      vertex 59.1 9 4
      vertex 67.0665 24.9263 4
      vertex 65 23.5455 4
    endloop
  endfacet
  facet normal 0 0 1
    outer loop
      vertex 59.0217 9.49443 4
      vertex 65 23.5455 4
      vertex 62.771 22.4463 4
    endloop
  endfacet
  facet normal 0 0 1
    outer loop
      vertex 58.7944 9.94046 4
      vertex 62.771 22.4463 4
      vertex 60.4176 21.6474 4
    endloop
  endfacet
  facet normal 0 0 1
    outer loop
      vertex 67.0665 24.9263 4
      vertex 59.1 9 4
      vertex 107.964 0.0583286 4
    endloop
  endfacet
  facet normal -0 0 1
    outer loop
      vertex 59.0217 8.50557 4
      vertex 107.964 0.0583286 4
      vertex 59.1 9 4
    endloop
  endfacet
  facet normal -0 0 1
    outer loop
      vertex 58.7944 8.05954 4
      vertex 107.964 0.0583286 4
      vertex 59.0217 8.50557 4
    endloop
  endfacet
  facet normal -0 0 1
    outer loop
      vertex 58.4405 7.70557 4
      vertex 107.964 0.0583286 4
      vertex 58.7944 8.05954 4
    endloop
  endfacet
  facet normal -0 0 1
    outer loop
      vertex 57.9944 7.47831 4
      vertex 107.964 0.0583286 4
      vertex 58.4405 7.70557 4
    endloop
  endfacet
  facet normal -0 0 1
    outer loop
      vertex 57.5 7.4 4
      vertex 107.964 0.0583286 4
      vertex 57.9944 7.47831 4
    endloop
  endfacet
  facet normal 0 0 1
    outer loop
      vertex 56.2056 9.94046 4
      vertex 50.5824 21.6474 4
      vertex 55.9783 9.49443 4
    endloop
  endfacet
  facet normal 0 0 1
    outer loop
      vertex 48.229 22.4463 4
      vertex 55.9783 9.49443 4
      vertex 50.5824 21.6474 4
    endloop
  endfacet
  facet normal 0 0 1
    outer loop
      vertex 55.9783 9.49443 4
      vertex 48.229 22.4463 4
      vertex 55.9 9 4
    endloop
  endfacet
  facet normal 0 0 1
    outer loop
      vertex 46 23.5455 4
      vertex 55.9 9 4
      vertex 48.229 22.4463 4
    endloop
  endfacet
  facet normal 0 0 1
    outer loop
      vertex 55.9 9 4
      vertex 46 23.5455 4
      vertex 55.9783 8.50557 4
    endloop
  endfacet
  facet normal 0 0 1
    outer loop
      vertex 7.03571 0.0583286 4
      vertex 55.9783 8.50557 4
      vertex 46 23.5455 4
    endloop
  endfacet
  facet normal 0 0 1
    outer loop
      vertex 7.03571 0.0583286 4
      vertex 46 23.5455 4
      vertex 43.9335 24.9263 4
    endloop
  endfacet
  facet normal 0 0 1
    outer loop
      vertex 7.03571 0.0583286 4
      vertex 43.9335 24.9263 4
      vertex 42.065 26.565 4
    endloop
  endfacet
  facet normal 0 0 1
    outer loop
      vertex 22.25 31.1029 4
      vertex 42.065 26.565 4
      vertex 40.4263 28.4335 4
    endloop
  endfacet
  facet normal 0 0 1
    outer loop
      vertex 36.6625 42.48 4
      vertex 24.5 35 4
      vertex 36.5 40 4
    endloop
  endfacet
  facet normal 0 0 1
    outer loop
      vertex 36.5 40 4
      vertex 24.5 35 4
      vertex 36.6625 37.52 4
    endloop
  endfacet
  facet normal 0 0 1
    outer loop
      vertex 36.6625 37.52 4
      vertex 24.5 35 4
      vertex 37.1474 35.0824 4
    endloop
  endfacet
  facet normal 0 0 1
    outer loop
      vertex 24.3467 33.8353 4
      vertex 37.1474 35.0824 4
      vertex 24.5 35 4
    endloop
  endfacet
  facet normal 0 0 1
    outer loop
      vertex 37.1474 35.0824 4
      vertex 24.3467 33.8353 4
      vertex 37.9463 32.729 4
    endloop
  endfacet
  facet normal -0 0 1
    outer loop
      vertex 23.8971 32.75 4
      vertex 37.9463 32.729 4
      vertex 24.3467 33.8353 4
    endloop
  endfacet
  facet normal 0 0 1
    outer loop
      vertex 37.9463 32.729 4
      vertex 23.8971 32.75 4
      vertex 39.0455 30.5 4
    endloop
  endfacet
  facet normal -0 0 1
    outer loop
      vertex 23.182 31.818 4
      vertex 39.0455 30.5 4
      vertex 23.8971 32.75 4
    endloop
  endfacet
  facet normal 0 0 1
    outer loop
      vertex 39.0455 30.5 4
      vertex 23.182 31.818 4
      vertex 40.4263 28.4335 4
    endloop
  endfacet
  facet normal -0 0 1
    outer loop
      vertex 22.25 31.1029 4
      vertex 40.4263 28.4335 4
      vertex 23.182 31.818 4
    endloop
  endfacet
  facet normal 0 0 1
    outer loop
      vertex 42.065 26.565 4
      vertex 22.25 31.1029 4
      vertex 21.1647 30.6533 4
    endloop
  endfacet
  facet normal 0 0 1
    outer loop
      vertex 42.065 26.565 4
      vertex 21.1647 30.6533 4
      vertex 7.03571 0.0583286 4
    endloop
  endfacet
  facet normal 0 0 1
    outer loop
      vertex 55.9783 8.50557 4
      vertex 7.03571 0.0583286 4
      vertex 56.2056 8.05954 4
    endloop
  endfacet
  facet normal 0 0 1
    outer loop
      vertex 7.03571 0.0583286 4
      vertex 21.1647 30.6533 4
      vertex 20 30.5 4
    endloop
  endfacet
  facet normal 0 0 1
    outer loop
      vertex 7.03571 0.0583286 4
      vertex 20 30.5 4
      vertex 18.8353 30.6533 4
    endloop
  endfacet
  facet normal 0 0 1
    outer loop
      vertex 0 8 4
      vertex 18.8353 30.6533 4
      vertex 17.75 31.1029 4
    endloop
  endfacet
  facet normal 0 0 1
    outer loop
      vertex 57.5 7.4 4
      vertex 7.03571 0.0583286 4
      vertex 107.964 0.0583286 4
    endloop
  endfacet
  facet normal 0 0 1
    outer loop
      vertex 57.0056 7.47831 4
      vertex 7.03571 0.0583286 4
      vertex 57.5 7.4 4
    endloop
  endfacet
  facet normal 0 0 1
    outer loop
      vertex 56.5595 7.70557 4
      vertex 7.03571 0.0583286 4
      vertex 57.0056 7.47831 4
    endloop
  endfacet
  facet normal 0 0 1
    outer loop
      vertex 56.2056 8.05954 4
      vertex 7.03571 0.0583286 4
      vertex 56.5595 7.70557 4
    endloop
  endfacet
  facet normal 0 0 1
    outer loop
      vertex 0 8 4
      vertex 17.75 31.1029 4
      vertex 16.818 31.818 4
    endloop
  endfacet
  facet normal 0 0 1
    outer loop
      vertex 0 8 4
      vertex 16.818 31.818 4
      vertex 16.1029 32.75 4
    endloop
  endfacet
  facet normal 0 0 1
    outer loop
      vertex 0 8 4
      vertex 16.1029 32.75 4
      vertex 15.6533 33.8353 4
    endloop
  endfacet
  facet normal 0 0 1
    outer loop
      vertex 0 8 4
      vertex 15.6533 33.8353 4
      vertex 15.5 35 4
    endloop
  endfacet
  facet normal 0 0 1
    outer loop
      vertex 0 8 4
      vertex 15.6533 36.1647 4
      vertex 0 97 4
    endloop
  endfacet
  facet normal 0 0 1
    outer loop
      vertex 0 97 4
      vertex 7.03571 104.942 4
      vertex 5.16316 104.48 4
    endloop
  endfacet
  facet normal 0 0 1
    outer loop
      vertex 15.6533 36.1647 4
      vertex 0 8 4
      vertex 15.5 35 4
    endloop
  endfacet
  facet normal 0 0 1
    outer loop
      vertex 0 97 4
      vertex 5.16316 104.48 4
      vertex 3.45548 103.584 4
    endloop
  endfacet
  facet normal 0 0 1
    outer loop
      vertex 18.8353 30.6533 4
      vertex 0 8 4
      vertex 7.03571 0.0583286 4
    endloop
  endfacet
  facet normal 0 0 1
    outer loop
      vertex 0 97 4
      vertex 3.45548 103.584 4
      vertex 2.01191 102.305 4
    endloop
  endfacet
  facet normal 0 0 1
    outer loop
      vertex 7.03571 0.0583286 4
      vertex 0 8 4
      vertex 5.16316 0.51987 4
    endloop
  endfacet
  facet normal 0 0 1
    outer loop
      vertex 0 97 4
      vertex 2.01191 102.305 4
      vertex 0.916351 100.718 4
    endloop
  endfacet
  facet normal 0 0 1
    outer loop
      vertex 5.16316 0.51987 4
      vertex 0 8 4
      vertex 3.45548 1.41613 4
    endloop
  endfacet
  facet normal 0 0 1
    outer loop
      vertex 0 97 4
      vertex 0.916351 100.718 4
      vertex 0.232465 98.9145 4
    endloop
  endfacet
  facet normal 0 0 1
    outer loop
      vertex 3.45548 1.41613 4
      vertex 0 8 4
      vertex 2.01191 2.69502 4
    endloop
  endfacet
  facet normal 0 0 1
    outer loop
      vertex 2.01191 2.69502 4
      vertex 0 8 4
      vertex 0.916351 4.28221 4
    endloop
  endfacet
  facet normal 0 0 1
    outer loop
      vertex 0.916351 4.28221 4
      vertex 0 8 4
      vertex 0.232465 6.08547 4
    endloop
  endfacet
  facet normal -0 0 1
    outer loop
      vertex 59.75 82 4
      vertex 91.818 73.182 4
      vertex 61.6575 94.2779 4
    endloop
  endfacet
  facet normal 0 0 1
    outer loop
      vertex 91.818 73.182 4
      vertex 59.75 82 4
      vertex 91.1029 72.25 4
    endloop
  endfacet
  facet normal 0 0 1
    outer loop
      vertex 59.75 82 4
      vertex 61.6575 94.2779 4
      vertex 61.2416 93.4999 4
    endloop
  endfacet
  facet normal 0 0 1
    outer loop
      vertex 59.75 82 4
      vertex 61.2416 93.4999 4
      vertex 60.682 92.818 4
    endloop
  endfacet
  facet normal 0 0 1
    outer loop
      vertex 65 56.4545 4
      vertex 59.75 82 4
      vertex 62.771 57.5537 4
    endloop
  endfacet
  facet normal 0 0 1
    outer loop
      vertex 59.75 82 4
      vertex 60.682 92.818 4
      vertex 60.0001 92.2584 4
    endloop
  endfacet
  facet normal 0 0 1
    outer loop
      vertex 59.75 82 4
      vertex 60.0001 92.2584 4
      vertex 59.75 92.1247 4
    endloop
  endfacet
  facet normal 0 0 1
    outer loop
      vertex 62.771 57.5537 4
      vertex 59.75 82 4
      vertex 60.4176 58.3526 4
    endloop
  endfacet
  facet normal 0 0 1
    outer loop
      vertex 59.75 82 4
      vertex 57.98 58.8375 4
      vertex 60.4176 58.3526 4
    endloop
  endfacet
  facet normal 0 0 1
    outer loop
      vertex 59.75 82 4
      vertex 55.5 59 4
      vertex 57.98 58.8375 4
    endloop
  endfacet
  facet normal -0 0 1
    outer loop
      vertex 55.25 82 4
      vertex 55.5 59 4
      vertex 59.75 82 4
    endloop
  endfacet
  facet normal 0 0 1
    outer loop
      vertex 54.318 92.818 4
      vertex 55.25 82 4
      vertex 54.9999 92.2584 4
    endloop
  endfacet
  facet normal 0 0 1
    outer loop
      vertex 53.7584 93.4999 4
      vertex 55.25 82 4
      vertex 54.318 92.818 4
    endloop
  endfacet
  facet normal 0 0 1
    outer loop
      vertex 53.3425 94.2779 4
      vertex 55.25 82 4
      vertex 53.7584 93.4999 4
    endloop
  endfacet
  facet normal 0 0 1
    outer loop
      vertex 48.229 57.5537 4
      vertex 53.3425 94.2779 4
      vertex 53.0865 95.1221 4
    endloop
  endfacet
  facet normal 0 0 1
    outer loop
      vertex 53.3425 94.2779 4
      vertex 48.229 57.5537 4
      vertex 55.25 82 4
    endloop
  endfacet
  facet normal 0 0 1
    outer loop
      vertex 55.25 82 4
      vertex 53.02 58.8375 4
      vertex 55.5 59 4
    endloop
  endfacet
  facet normal 0 0 1
    outer loop
      vertex 22.25 73.8971 4
      vertex 53.0865 95.1221 4
      vertex 53 96 4
    endloop
  endfacet
  facet normal 0 0 1
    outer loop
      vertex 55.25 82 4
      vertex 50.5824 58.3526 4
      vertex 53.02 58.8375 4
    endloop
  endfacet
  facet normal 0.923863 0.382723 0
    outer loop
      vertex 24.3467 71.1647 12
      vertex 23.8971 72.25 4
      vertex 23.8971 72.25 12
    endloop
  endfacet
  facet normal 0.923863 0.382723 0
    outer loop
      vertex 23.8971 72.25 4
      vertex 24.3467 71.1647 12
      vertex 24.3467 71.1647 4
    endloop
  endfacet
  facet normal 0.991449 0.130496 0
    outer loop
      vertex 24.5 70 12
      vertex 24.3467 71.1647 4
      vertex 24.3467 71.1647 12
    endloop
  endfacet
  facet normal 0.991449 0.130496 0
    outer loop
      vertex 24.3467 71.1647 4
      vertex 24.5 70 12
      vertex 24.5 70 4
    endloop
  endfacet
  facet normal -0.130496 0.991449 0
    outer loop
      vertex 20 74.5 4
      vertex 18.8353 74.3467 12
      vertex 20 74.5 12
    endloop
  endfacet
  facet normal -0.130496 0.991449 0
    outer loop
      vertex 18.8353 74.3467 12
      vertex 20 74.5 4
      vertex 18.8353 74.3467 4
    endloop
  endfacet
  facet normal -0.793373 0.608735 0
    outer loop
      vertex 16.1029 72.25 4
      vertex 16.818 73.182 12
      vertex 16.818 73.182 4
    endloop
  endfacet
  facet normal -0.793373 0.608735 0
    outer loop
      vertex 16.818 73.182 12
      vertex 16.1029 72.25 4
      vertex 16.1029 72.25 12
    endloop
  endfacet
  facet normal 0.923863 -0.382723 0
    outer loop
      vertex 23.8971 67.75 12
      vertex 24.3467 68.8353 4
      vertex 24.3467 68.8353 12
    endloop
  endfacet
  facet normal 0.923863 -0.382723 0
    outer loop
      vertex 24.3467 68.8353 4
      vertex 23.8971 67.75 12
      vertex 23.8971 67.75 4
    endloop
  endfacet
  facet normal -0.382723 0.923863 0
    outer loop
      vertex 18.8353 74.3467 4
      vertex 17.75 73.8971 12
      vertex 18.8353 74.3467 12
    endloop
  endfacet
  facet normal -0.382723 0.923863 0
    outer loop
      vertex 17.75 73.8971 12
      vertex 18.8353 74.3467 4
      vertex 17.75 73.8971 4
    endloop
  endfacet
  facet normal 0 0 1
    outer loop
      vertex 21.6 70 12
      vertex 24.5 70 12
      vertex 24.3467 71.1647 12
    endloop
  endfacet
  facet normal 0 0 1
    outer loop
      vertex 21.5455 70.4141 12
      vertex 24.3467 71.1647 12
      vertex 23.8971 72.25 12
    endloop
  endfacet
  facet normal 0 0 1
    outer loop
      vertex 24.5 70 12
      vertex 21.6 70 12
      vertex 24.3467 68.8353 12
    endloop
  endfacet
  facet normal 0 0 1
    outer loop
      vertex 21.3856 70.8 12
      vertex 23.8971 72.25 12
      vertex 23.182 73.182 12
    endloop
  endfacet
  facet normal -0 0 1
    outer loop
      vertex 21.5455 69.5859 12
      vertex 24.3467 68.8353 12
      vertex 21.6 70 12
    endloop
  endfacet
  facet normal 0 0 1
    outer loop
      vertex 21.1314 71.1314 12
      vertex 23.182 73.182 12
      vertex 22.25 73.8971 12
    endloop
  endfacet
  facet normal 0 0 1
    outer loop
      vertex 24.3467 68.8353 12
      vertex 21.5455 69.5859 12
      vertex 23.8971 67.75 12
    endloop
  endfacet
  facet normal -0 0 1
    outer loop
      vertex 21.3856 69.2 12
      vertex 23.8971 67.75 12
      vertex 21.5455 69.5859 12
    endloop
  endfacet
  facet normal 0 0 1
    outer loop
      vertex 24.3467 71.1647 12
      vertex 21.5455 70.4141 12
      vertex 21.6 70 12
    endloop
  endfacet
  facet normal 0 0 1
    outer loop
      vertex 23.8971 72.25 12
      vertex 21.3856 70.8 12
      vertex 21.5455 70.4141 12
    endloop
  endfacet
  facet normal 0 0 1
    outer loop
      vertex 20.8 71.3856 12
      vertex 22.25 73.8971 12
      vertex 21.1647 74.3467 12
    endloop
  endfacet
  facet normal 0 0 1
    outer loop
      vertex 23.182 73.182 12
      vertex 21.1314 71.1314 12
      vertex 21.3856 70.8 12
    endloop
  endfacet
  facet normal 0 0 1
    outer loop
      vertex 22.25 73.8971 12
      vertex 20.8 71.3856 12
      vertex 21.1314 71.1314 12
    endloop
  endfacet
  facet normal 0 0 1
    outer loop
      vertex 21.1647 74.3467 12
      vertex 20.4141 71.5455 12
      vertex 20.8 71.3856 12
    endloop
  endfacet
  facet normal 0 0 1
    outer loop
      vertex 20 74.5 12
      vertex 20.4141 71.5455 12
      vertex 21.1647 74.3467 12
    endloop
  endfacet
  facet normal 0 0 1
    outer loop
      vertex 20 74.5 12
      vertex 20 71.6 12
      vertex 20.4141 71.5455 12
    endloop
  endfacet
  facet normal 0 0 1
    outer loop
      vertex 20 74.5 12
      vertex 19.5859 71.5455 12
      vertex 20 71.6 12
    endloop
  endfacet
  facet normal -0 0 1
    outer loop
      vertex 18.8353 74.3467 12
      vertex 19.5859 71.5455 12
      vertex 20 74.5 12
    endloop
  endfacet
  facet normal 0 0 1
    outer loop
      vertex 19.5859 71.5455 12
      vertex 18.8353 74.3467 12
      vertex 19.2 71.3856 12
    endloop
  endfacet
  facet normal -0 0 1
    outer loop
      vertex 17.75 73.8971 12
      vertex 19.2 71.3856 12
      vertex 18.8353 74.3467 12
    endloop
  endfacet
  facet normal 0 0 1
    outer loop
      vertex 19.2 71.3856 12
      vertex 17.75 73.8971 12
      vertex 18.8686 71.1314 12
    endloop
  endfacet
  facet normal -0 0 1
    outer loop
      vertex 16.818 73.182 12
      vertex 18.8686 71.1314 12
      vertex 17.75 73.8971 12
    endloop
  endfacet
  facet normal 0 0 1
    outer loop
      vertex 18.8686 71.1314 12
      vertex 16.818 73.182 12
      vertex 18.6144 70.8 12
    endloop
  endfacet
  facet normal -0 0 1
    outer loop
      vertex 16.1029 72.25 12
      vertex 18.6144 70.8 12
      vertex 16.818 73.182 12
    endloop
  endfacet
  facet normal 0 0 1
    outer loop
      vertex 23.8971 67.75 12
      vertex 21.3856 69.2 12
      vertex 23.182 66.818 12
    endloop
  endfacet
  facet normal -0 0 1
    outer loop
      vertex 21.1314 68.8686 12
      vertex 23.182 66.818 12
      vertex 21.3856 69.2 12
    endloop
  endfacet
  facet normal 0 0 1
    outer loop
      vertex 23.182 66.818 12
      vertex 21.1314 68.8686 12
      vertex 22.25 66.1029 12
    endloop
  endfacet
  facet normal -0 0 1
    outer loop
      vertex 20.8 68.6144 12
      vertex 22.25 66.1029 12
      vertex 21.1314 68.8686 12
    endloop
  endfacet
  facet normal 0 0 1
    outer loop
      vertex 22.25 66.1029 12
      vertex 20.8 68.6144 12
      vertex 21.1647 65.6533 12
    endloop
  endfacet
  facet normal -0 0 1
    outer loop
      vertex 20.4141 68.4545 12
      vertex 21.1647 65.6533 12
      vertex 20.8 68.6144 12
    endloop
  endfacet
  facet normal -0 0 1
    outer loop
      vertex 20 68.4 12
      vertex 21.1647 65.6533 12
      vertex 20.4141 68.4545 12
    endloop
  endfacet
  facet normal 0 0 1
    outer loop
      vertex 20 68.4 12
      vertex 20 65.5 12
      vertex 21.1647 65.6533 12
    endloop
  endfacet
  facet normal 0 0 1
    outer loop
      vertex 19.5859 68.4545 12
      vertex 20 65.5 12
      vertex 20 68.4 12
    endloop
  endfacet
  facet normal 0 0 1
    outer loop
      vertex 18.8353 65.6533 12
      vertex 19.5859 68.4545 12
      vertex 19.2 68.6144 12
    endloop
  endfacet
  facet normal 0 0 1
    outer loop
      vertex 17.75 66.1029 12
      vertex 19.2 68.6144 12
      vertex 18.8686 68.8686 12
    endloop
  endfacet
  facet normal 0 0 1
    outer loop
      vertex 19.5859 68.4545 12
      vertex 18.8353 65.6533 12
      vertex 20 65.5 12
    endloop
  endfacet
  facet normal 0 0 1
    outer loop
      vertex 16.818 66.818 12
      vertex 18.8686 68.8686 12
      vertex 18.6144 69.2 12
    endloop
  endfacet
  facet normal 0 0 1
    outer loop
      vertex 16.1029 67.75 12
      vertex 18.6144 69.2 12
      vertex 18.4545 69.5859 12
    endloop
  endfacet
  facet normal 0 0 1
    outer loop
      vertex 15.6533 68.8353 12
      vertex 18.4545 69.5859 12
      vertex 18.4 70 12
    endloop
  endfacet
  facet normal 0 0 1
    outer loop
      vertex 18.6144 70.8 12
      vertex 16.1029 72.25 12
      vertex 18.4545 70.4141 12
    endloop
  endfacet
  facet normal 0 0 1
    outer loop
      vertex 19.2 68.6144 12
      vertex 17.75 66.1029 12
      vertex 18.8353 65.6533 12
    endloop
  endfacet
  facet normal -0 0 1
    outer loop
      vertex 15.6533 71.1647 12
      vertex 18.4545 70.4141 12
      vertex 16.1029 72.25 12
    endloop
  endfacet
  facet normal 0 0 1
    outer loop
      vertex 18.8686 68.8686 12
      vertex 16.818 66.818 12
      vertex 17.75 66.1029 12
    endloop
  endfacet
  facet normal 0 0 1
    outer loop
      vertex 18.4545 70.4141 12
      vertex 15.6533 71.1647 12
      vertex 18.4 70 12
    endloop
  endfacet
  facet normal 0 0 1
    outer loop
      vertex 18.6144 69.2 12
      vertex 16.1029 67.75 12
      vertex 16.818 66.818 12
    endloop
  endfacet
  facet normal 0 0 1
    outer loop
      vertex 15.5 70 12
      vertex 18.4 70 12
      vertex 15.6533 71.1647 12
    endloop
  endfacet
  facet normal 0 0 1
    outer loop
      vertex 18.4545 69.5859 12
      vertex 15.6533 68.8353 12
      vertex 16.1029 67.75 12
    endloop
  endfacet
  facet normal 0 0 1
    outer loop
      vertex 18.4 70 12
      vertex 15.5 70 12
      vertex 15.6533 68.8353 12
    endloop
  endfacet
  facet normal 0.382723 0.923863 -0
    outer loop
      vertex 22.25 73.8971 4
      vertex 21.1647 74.3467 12
      vertex 22.25 73.8971 12
    endloop
  endfacet
  facet normal 0.382723 0.923863 0
    outer loop
      vertex 21.1647 74.3467 12
      vertex 22.25 73.8971 4
      vertex 21.1647 74.3467 4
    endloop
  endfacet
  facet normal -0.382723 -0.923863 0
    outer loop
      vertex 17.75 66.1029 4
      vertex 18.8353 65.6533 12
      vertex 17.75 66.1029 12
    endloop
  endfacet
  facet normal -0.382723 -0.923863 -0
    outer loop
      vertex 18.8353 65.6533 12
      vertex 17.75 66.1029 4
      vertex 18.8353 65.6533 4
    endloop
  endfacet
  facet normal 0.382723 -0.923863 0
    outer loop
      vertex 21.1647 65.6533 4
      vertex 22.25 66.1029 12
      vertex 21.1647 65.6533 12
    endloop
  endfacet
  facet normal 0.382723 -0.923863 0
    outer loop
      vertex 22.25 66.1029 12
      vertex 21.1647 65.6533 4
      vertex 22.25 66.1029 4
    endloop
  endfacet
  facet normal 0.991449 -0.130496 0
    outer loop
      vertex 24.3467 68.8353 12
      vertex 24.5 70 4
      vertex 24.5 70 12
    endloop
  endfacet
  facet normal 0.991449 -0.130496 0
    outer loop
      vertex 24.5 70 4
      vertex 24.3467 68.8353 12
      vertex 24.3467 68.8353 4
    endloop
  endfacet
  facet normal -0.991449 0.130496 0
    outer loop
      vertex 15.5 70 4
      vertex 15.6533 71.1647 12
      vertex 15.6533 71.1647 4
    endloop
  endfacet
  facet normal -0.991449 0.130496 0
    outer loop
      vertex 15.6533 71.1647 12
      vertex 15.5 70 4
      vertex 15.5 70 12
    endloop
  endfacet
  facet normal -0.130496 -0.991449 0
    outer loop
      vertex 18.8353 65.6533 4
      vertex 20 65.5 12
      vertex 18.8353 65.6533 12
    endloop
  endfacet
  facet normal -0.130496 -0.991449 -0
    outer loop
      vertex 20 65.5 12
      vertex 18.8353 65.6533 4
      vertex 20 65.5 4
    endloop
  endfacet
  facet normal 0.793373 -0.608735 0
    outer loop
      vertex 23.182 66.818 12
      vertex 23.8971 67.75 4
      vertex 23.8971 67.75 12
    endloop
  endfacet
  facet normal 0.793373 -0.608735 0
    outer loop
      vertex 23.8971 67.75 4
      vertex 23.182 66.818 12
      vertex 23.182 66.818 4
    endloop
  endfacet
  facet normal 0.608735 -0.793373 0
    outer loop
      vertex 22.25 66.1029 4
      vertex 23.182 66.818 12
      vertex 22.25 66.1029 12
    endloop
  endfacet
  facet normal 0.608735 -0.793373 0
    outer loop
      vertex 23.182 66.818 12
      vertex 22.25 66.1029 4
      vertex 23.182 66.818 4
    endloop
  endfacet
  facet normal 0.130496 -0.991449 0
    outer loop
      vertex 20 65.5 4
      vertex 21.1647 65.6533 12
      vertex 20 65.5 12
    endloop
  endfacet
  facet normal 0.130496 -0.991449 0
    outer loop
      vertex 21.1647 65.6533 12
      vertex 20 65.5 4
      vertex 21.1647 65.6533 4
    endloop
  endfacet
  facet normal -0.608735 -0.793373 0
    outer loop
      vertex 16.818 66.818 4
      vertex 17.75 66.1029 12
      vertex 16.818 66.818 12
    endloop
  endfacet
  facet normal -0.608735 -0.793373 -0
    outer loop
      vertex 17.75 66.1029 12
      vertex 16.818 66.818 4
      vertex 17.75 66.1029 4
    endloop
  endfacet
  facet normal -0.991449 -0.130496 0
    outer loop
      vertex 15.6533 68.8353 4
      vertex 15.5 70 12
      vertex 15.5 70 4
    endloop
  endfacet
  facet normal -0.991449 -0.130496 0
    outer loop
      vertex 15.5 70 12
      vertex 15.6533 68.8353 4
      vertex 15.6533 68.8353 12
    endloop
  endfacet
  facet normal -0.608735 0.793373 0
    outer loop
      vertex 17.75 73.8971 4
      vertex 16.818 73.182 12
      vertex 17.75 73.8971 12
    endloop
  endfacet
  facet normal -0.608735 0.793373 0
    outer loop
      vertex 16.818 73.182 12
      vertex 17.75 73.8971 4
      vertex 16.818 73.182 4
    endloop
  endfacet
  facet normal 0.608735 0.793373 -0
    outer loop
      vertex 23.182 73.182 4
      vertex 22.25 73.8971 12
      vertex 23.182 73.182 12
    endloop
  endfacet
  facet normal 0.608735 0.793373 0
    outer loop
      vertex 22.25 73.8971 12
      vertex 23.182 73.182 4
      vertex 22.25 73.8971 4
    endloop
  endfacet
  facet normal 0.130496 0.991449 -0
    outer loop
      vertex 21.1647 74.3467 4
      vertex 20 74.5 12
      vertex 21.1647 74.3467 12
    endloop
  endfacet
  facet normal 0.130496 0.991449 0
    outer loop
      vertex 20 74.5 12
      vertex 21.1647 74.3467 4
      vertex 20 74.5 4
    endloop
  endfacet
  facet normal 0.793373 0.608735 0
    outer loop
      vertex 23.8971 72.25 12
      vertex 23.182 73.182 4
      vertex 23.182 73.182 12
    endloop
  endfacet
  facet normal 0.793373 0.608735 0
    outer loop
      vertex 23.182 73.182 4
      vertex 23.8971 72.25 12
      vertex 23.8971 72.25 4
    endloop
  endfacet
  facet normal -0.923863 -0.382723 0
    outer loop
      vertex 16.1029 67.75 4
      vertex 15.6533 68.8353 12
      vertex 15.6533 68.8353 4
    endloop
  endfacet
  facet normal -0.923863 -0.382723 0
    outer loop
      vertex 15.6533 68.8353 12
      vertex 16.1029 67.75 4
      vertex 16.1029 67.75 12
    endloop
  endfacet
  facet normal -0.923863 0.382723 0
    outer loop
      vertex 15.6533 71.1647 4
      vertex 16.1029 72.25 12
      vertex 16.1029 72.25 4
    endloop
  endfacet
  facet normal -0.923863 0.382723 0
    outer loop
      vertex 16.1029 72.25 12
      vertex 15.6533 71.1647 4
      vertex 15.6533 71.1647 12
    endloop
  endfacet
  facet normal -0.793373 -0.608735 0
    outer loop
      vertex 16.818 66.818 4
      vertex 16.1029 67.75 12
      vertex 16.1029 67.75 4
    endloop
  endfacet
  facet normal -0.793373 -0.608735 0
    outer loop
      vertex 16.1029 67.75 12
      vertex 16.818 66.818 4
      vertex 16.818 66.818 12
    endloop
  endfacet
  facet normal 0.923863 0.382723 0
    outer loop
      vertex 99.3467 36.1647 12
      vertex 98.8971 37.25 4
      vertex 98.8971 37.25 12
    endloop
  endfacet
  facet normal 0.923863 0.382723 0
    outer loop
      vertex 98.8971 37.25 4
      vertex 99.3467 36.1647 12
      vertex 99.3467 36.1647 4
    endloop
  endfacet
  facet normal 0.991449 0.130496 0
    outer loop
      vertex 99.5 35 12
      vertex 99.3467 36.1647 4
      vertex 99.3467 36.1647 12
    endloop
  endfacet
  facet normal 0.991449 0.130496 0
    outer loop
      vertex 99.3467 36.1647 4
      vertex 99.5 35 12
      vertex 99.5 35 4
    endloop
  endfacet
  facet normal -0.130496 0.991449 0
    outer loop
      vertex 95 39.5 4
      vertex 93.8353 39.3467 12
      vertex 95 39.5 12
    endloop
  endfacet
  facet normal -0.130496 0.991449 0
    outer loop
      vertex 93.8353 39.3467 12
      vertex 95 39.5 4
      vertex 93.8353 39.3467 4
    endloop
  endfacet
  facet normal -0.793373 0.608735 0
    outer loop
      vertex 91.1029 37.25 4
      vertex 91.818 38.182 12
      vertex 91.818 38.182 4
    endloop
  endfacet
  facet normal -0.793373 0.608735 0
    outer loop
      vertex 91.818 38.182 12
      vertex 91.1029 37.25 4
      vertex 91.1029 37.25 12
    endloop
  endfacet
  facet normal 0.923863 -0.382723 0
    outer loop
      vertex 98.8971 32.75 12
      vertex 99.3467 33.8353 4
      vertex 99.3467 33.8353 12
    endloop
  endfacet
  facet normal 0.923863 -0.382723 0
    outer loop
      vertex 99.3467 33.8353 4
      vertex 98.8971 32.75 12
      vertex 98.8971 32.75 4
    endloop
  endfacet
  facet normal -0.382723 0.923863 0
    outer loop
      vertex 93.8353 39.3467 4
      vertex 92.75 38.8971 12
      vertex 93.8353 39.3467 12
    endloop
  endfacet
  facet normal -0.382723 0.923863 0
    outer loop
      vertex 92.75 38.8971 12
      vertex 93.8353 39.3467 4
      vertex 92.75 38.8971 4
    endloop
  endfacet
  facet normal 0 0 1
    outer loop
      vertex 96.6 35 12
      vertex 99.5 35 12
      vertex 99.3467 36.1647 12
    endloop
  endfacet
  facet normal 0 0 1
    outer loop
      vertex 96.5455 35.4141 12
      vertex 99.3467 36.1647 12
      vertex 98.8971 37.25 12
    endloop
  endfacet
  facet normal 0 0 1
    outer loop
      vertex 99.5 35 12
      vertex 96.6 35 12
      vertex 99.3467 33.8353 12
    endloop
  endfacet
  facet normal 0 0 1
    outer loop
      vertex 96.3856 35.8 12
      vertex 98.8971 37.25 12
      vertex 98.182 38.182 12
    endloop
  endfacet
  facet normal -0 0 1
    outer loop
      vertex 96.5455 34.5859 12
      vertex 99.3467 33.8353 12
      vertex 96.6 35 12
    endloop
  endfacet
  facet normal 0 0 1
    outer loop
      vertex 96.1314 36.1314 12
      vertex 98.182 38.182 12
      vertex 97.25 38.8971 12
    endloop
  endfacet
  facet normal 0 0 1
    outer loop
      vertex 99.3467 33.8353 12
      vertex 96.5455 34.5859 12
      vertex 98.8971 32.75 12
    endloop
  endfacet
  facet normal -0 0 1
    outer loop
      vertex 96.3856 34.2 12
      vertex 98.8971 32.75 12
      vertex 96.5455 34.5859 12
    endloop
  endfacet
  facet normal 0 0 1
    outer loop
      vertex 99.3467 36.1647 12
      vertex 96.5455 35.4141 12
      vertex 96.6 35 12
    endloop
  endfacet
  facet normal 0 0 1
    outer loop
      vertex 98.8971 37.25 12
      vertex 96.3856 35.8 12
      vertex 96.5455 35.4141 12
    endloop
  endfacet
  facet normal 0 0 1
    outer loop
      vertex 95.8 36.3856 12
      vertex 97.25 38.8971 12
      vertex 96.1647 39.3467 12
    endloop
  endfacet
  facet normal 0 0 1
    outer loop
      vertex 98.182 38.182 12
      vertex 96.1314 36.1314 12
      vertex 96.3856 35.8 12
    endloop
  endfacet
  facet normal 0 0 1
    outer loop
      vertex 97.25 38.8971 12
      vertex 95.8 36.3856 12
      vertex 96.1314 36.1314 12
    endloop
  endfacet
  facet normal 0 0 1
    outer loop
      vertex 96.1647 39.3467 12
      vertex 95.4141 36.5455 12
      vertex 95.8 36.3856 12
    endloop
  endfacet
  facet normal 0 0 1
    outer loop
      vertex 95 39.5 12
      vertex 95.4141 36.5455 12
      vertex 96.1647 39.3467 12
    endloop
  endfacet
  facet normal 0 0 1
    outer loop
      vertex 95 39.5 12
      vertex 95 36.6 12
      vertex 95.4141 36.5455 12
    endloop
  endfacet
  facet normal 0 0 1
    outer loop
      vertex 95 39.5 12
      vertex 94.5859 36.5455 12
      vertex 95 36.6 12
    endloop
  endfacet
  facet normal -0 0 1
    outer loop
      vertex 93.8353 39.3467 12
      vertex 94.5859 36.5455 12
      vertex 95 39.5 12
    endloop
  endfacet
  facet normal 0 0 1
    outer loop
      vertex 94.5859 36.5455 12
      vertex 93.8353 39.3467 12
      vertex 94.2 36.3856 12
    endloop
  endfacet
  facet normal -0 0 1
    outer loop
      vertex 92.75 38.8971 12
      vertex 94.2 36.3856 12
      vertex 93.8353 39.3467 12
    endloop
  endfacet
  facet normal 0 0 1
    outer loop
      vertex 94.2 36.3856 12
      vertex 92.75 38.8971 12
      vertex 93.8686 36.1314 12
    endloop
  endfacet
  facet normal -0 0 1
    outer loop
      vertex 91.818 38.182 12
      vertex 93.8686 36.1314 12
      vertex 92.75 38.8971 12
    endloop
  endfacet
  facet normal 0 0 1
    outer loop
      vertex 93.8686 36.1314 12
      vertex 91.818 38.182 12
      vertex 93.6144 35.8 12
    endloop
  endfacet
  facet normal -0 0 1
    outer loop
      vertex 91.1029 37.25 12
      vertex 93.6144 35.8 12
      vertex 91.818 38.182 12
    endloop
  endfacet
  facet normal 0 0 1
    outer loop
      vertex 98.8971 32.75 12
      vertex 96.3856 34.2 12
      vertex 98.182 31.818 12
    endloop
  endfacet
  facet normal -0 0 1
    outer loop
      vertex 96.1314 33.8686 12
      vertex 98.182 31.818 12
      vertex 96.3856 34.2 12
    endloop
  endfacet
  facet normal 0 0 1
    outer loop
      vertex 98.182 31.818 12
      vertex 96.1314 33.8686 12
      vertex 97.25 31.1029 12
    endloop
  endfacet
  facet normal -0 0 1
    outer loop
      vertex 95.8 33.6144 12
      vertex 97.25 31.1029 12
      vertex 96.1314 33.8686 12
    endloop
  endfacet
  facet normal 0 0 1
    outer loop
      vertex 97.25 31.1029 12
      vertex 95.8 33.6144 12
      vertex 96.1647 30.6533 12
    endloop
  endfacet
  facet normal -0 0 1
    outer loop
      vertex 95.4141 33.4545 12
      vertex 96.1647 30.6533 12
      vertex 95.8 33.6144 12
    endloop
  endfacet
  facet normal -0 0 1
    outer loop
      vertex 95 33.4 12
      vertex 96.1647 30.6533 12
      vertex 95.4141 33.4545 12
    endloop
  endfacet
  facet normal 0 0 1
    outer loop
      vertex 95 33.4 12
      vertex 95 30.5 12
      vertex 96.1647 30.6533 12
    endloop
  endfacet
  facet normal 0 0 1
    outer loop
      vertex 94.5859 33.4545 12
      vertex 95 30.5 12
      vertex 95 33.4 12
    endloop
  endfacet
  facet normal 0 0 1
    outer loop
      vertex 93.8353 30.6533 12
      vertex 94.5859 33.4545 12
      vertex 94.2 33.6144 12
    endloop
  endfacet
  facet normal 0 0 1
    outer loop
      vertex 92.75 31.1029 12
      vertex 94.2 33.6144 12
      vertex 93.8686 33.8686 12
    endloop
  endfacet
  facet normal 0 0 1
    outer loop
      vertex 94.5859 33.4545 12
      vertex 93.8353 30.6533 12
      vertex 95 30.5 12
    endloop
  endfacet
  facet normal 0 0 1
    outer loop
      vertex 91.818 31.818 12
      vertex 93.8686 33.8686 12
      vertex 93.6144 34.2 12
    endloop
  endfacet
  facet normal 0 0 1
    outer loop
      vertex 91.1029 32.75 12
      vertex 93.6144 34.2 12
      vertex 93.4545 34.5859 12
    endloop
  endfacet
  facet normal 0 0 1
    outer loop
      vertex 90.6533 33.8353 12
      vertex 93.4545 34.5859 12
      vertex 93.4 35 12
    endloop
  endfacet
  facet normal 0 0 1
    outer loop
      vertex 93.6144 35.8 12
      vertex 91.1029 37.25 12
      vertex 93.4545 35.4141 12
    endloop
  endfacet
  facet normal 0 0 1
    outer loop
      vertex 94.2 33.6144 12
      vertex 92.75 31.1029 12
      vertex 93.8353 30.6533 12
    endloop
  endfacet
  facet normal -0 0 1
    outer loop
      vertex 90.6533 36.1647 12
      vertex 93.4545 35.4141 12
      vertex 91.1029 37.25 12
    endloop
  endfacet
  facet normal 0 0 1
    outer loop
      vertex 93.8686 33.8686 12
      vertex 91.818 31.818 12
      vertex 92.75 31.1029 12
    endloop
  endfacet
  facet normal 0 0 1
    outer loop
      vertex 93.4545 35.4141 12
      vertex 90.6533 36.1647 12
      vertex 93.4 35 12
    endloop
  endfacet
  facet normal 0 0 1
    outer loop
      vertex 93.6144 34.2 12
      vertex 91.1029 32.75 12
      vertex 91.818 31.818 12
    endloop
  endfacet
  facet normal 0 0 1
    outer loop
      vertex 90.5 35 12
      vertex 93.4 35 12
      vertex 90.6533 36.1647 12
    endloop
  endfacet
  facet normal 0 0 1
    outer loop
      vertex 93.4545 34.5859 12
      vertex 90.6533 33.8353 12
      vertex 91.1029 32.75 12
    endloop
  endfacet
  facet normal 0 0 1
    outer loop
      vertex 93.4 35 12
      vertex 90.5 35 12
      vertex 90.6533 33.8353 12
    endloop
  endfacet
  facet normal 0.382723 0.923863 -0
    outer loop
      vertex 97.25 38.8971 4
      vertex 96.1647 39.3467 12
      vertex 97.25 38.8971 12
    endloop
  endfacet
  facet normal 0.382723 0.923863 0
    outer loop
      vertex 96.1647 39.3467 12
      vertex 97.25 38.8971 4
      vertex 96.1647 39.3467 4
    endloop
  endfacet
  facet normal -0.382723 -0.923863 0
    outer loop
      vertex 92.75 31.1029 4
      vertex 93.8353 30.6533 12
      vertex 92.75 31.1029 12
    endloop
  endfacet
  facet normal -0.382723 -0.923863 -0
    outer loop
      vertex 93.8353 30.6533 12
      vertex 92.75 31.1029 4
      vertex 93.8353 30.6533 4
    endloop
  endfacet
  facet normal 0.382723 -0.923863 0
    outer loop
      vertex 96.1647 30.6533 4
      vertex 97.25 31.1029 12
      vertex 96.1647 30.6533 12
    endloop
  endfacet
  facet normal 0.382723 -0.923863 0
    outer loop
      vertex 97.25 31.1029 12
      vertex 96.1647 30.6533 4
      vertex 97.25 31.1029 4
    endloop
  endfacet
  facet normal 0.991449 -0.130496 0
    outer loop
      vertex 99.3467 33.8353 12
      vertex 99.5 35 4
      vertex 99.5 35 12
    endloop
  endfacet
  facet normal 0.991449 -0.130496 0
    outer loop
      vertex 99.5 35 4
      vertex 99.3467 33.8353 12
      vertex 99.3467 33.8353 4
    endloop
  endfacet
  facet normal -0.991449 0.130496 0
    outer loop
      vertex 90.5 35 4
      vertex 90.6533 36.1647 12
      vertex 90.6533 36.1647 4
    endloop
  endfacet
  facet normal -0.991449 0.130496 0
    outer loop
      vertex 90.6533 36.1647 12
      vertex 90.5 35 4
      vertex 90.5 35 12
    endloop
  endfacet
  facet normal -0.130496 -0.991449 0
    outer loop
      vertex 93.8353 30.6533 4
      vertex 95 30.5 12
      vertex 93.8353 30.6533 12
    endloop
  endfacet
  facet normal -0.130496 -0.991449 -0
    outer loop
      vertex 95 30.5 12
      vertex 93.8353 30.6533 4
      vertex 95 30.5 4
    endloop
  endfacet
  facet normal 0.793373 -0.608735 0
    outer loop
      vertex 98.182 31.818 12
      vertex 98.8971 32.75 4
      vertex 98.8971 32.75 12
    endloop
  endfacet
  facet normal 0.793373 -0.608735 0
    outer loop
      vertex 98.8971 32.75 4
      vertex 98.182 31.818 12
      vertex 98.182 31.818 4
    endloop
  endfacet
  facet normal 0.608735 -0.793373 0
    outer loop
      vertex 97.25 31.1029 4
      vertex 98.182 31.818 12
      vertex 97.25 31.1029 12
    endloop
  endfacet
  facet normal 0.608735 -0.793373 0
    outer loop
      vertex 98.182 31.818 12
      vertex 97.25 31.1029 4
      vertex 98.182 31.818 4
    endloop
  endfacet
  facet normal 0.130496 -0.991449 0
    outer loop
      vertex 95 30.5 4
      vertex 96.1647 30.6533 12
      vertex 95 30.5 12
    endloop
  endfacet
  facet normal 0.130496 -0.991449 0
    outer loop
      vertex 96.1647 30.6533 12
      vertex 95 30.5 4
      vertex 96.1647 30.6533 4
    endloop
  endfacet
  facet normal -0.608735 -0.793373 0
    outer loop
      vertex 91.818 31.818 4
      vertex 92.75 31.1029 12
      vertex 91.818 31.818 12
    endloop
  endfacet
  facet normal -0.608735 -0.793373 -0
    outer loop
      vertex 92.75 31.1029 12
      vertex 91.818 31.818 4
      vertex 92.75 31.1029 4
    endloop
  endfacet
  facet normal -0.991449 -0.130496 0
    outer loop
      vertex 90.6533 33.8353 4
      vertex 90.5 35 12
      vertex 90.5 35 4
    endloop
  endfacet
  facet normal -0.991449 -0.130496 0
    outer loop
      vertex 90.5 35 12
      vertex 90.6533 33.8353 4
      vertex 90.6533 33.8353 12
    endloop
  endfacet
  facet normal -0.608735 0.793373 0
    outer loop
      vertex 92.75 38.8971 4
      vertex 91.818 38.182 12
      vertex 92.75 38.8971 12
    endloop
  endfacet
  facet normal -0.608735 0.793373 0
    outer loop
      vertex 91.818 38.182 12
      vertex 92.75 38.8971 4
      vertex 91.818 38.182 4
    endloop
  endfacet
  facet normal 0.608735 0.793373 -0
    outer loop
      vertex 98.182 38.182 4
      vertex 97.25 38.8971 12
      vertex 98.182 38.182 12
    endloop
  endfacet
  facet normal 0.608735 0.793373 0
    outer loop
      vertex 97.25 38.8971 12
      vertex 98.182 38.182 4
      vertex 97.25 38.8971 4
    endloop
  endfacet
  facet normal 0.130496 0.991449 -0
    outer loop
      vertex 96.1647 39.3467 4
      vertex 95 39.5 12
      vertex 96.1647 39.3467 12
    endloop
  endfacet
  facet normal 0.130496 0.991449 0
    outer loop
      vertex 95 39.5 12
      vertex 96.1647 39.3467 4
      vertex 95 39.5 4
    endloop
  endfacet
  facet normal 0.793373 0.608735 0
    outer loop
      vertex 98.8971 37.25 12
      vertex 98.182 38.182 4
      vertex 98.182 38.182 12
    endloop
  endfacet
  facet normal 0.793373 0.608735 0
    outer loop
      vertex 98.182 38.182 4
      vertex 98.8971 37.25 12
      vertex 98.8971 37.25 4
    endloop
  endfacet
  facet normal -0.923863 -0.382723 0
    outer loop
      vertex 91.1029 32.75 4
      vertex 90.6533 33.8353 12
      vertex 90.6533 33.8353 4
    endloop
  endfacet
  facet normal -0.923863 -0.382723 0
    outer loop
      vertex 90.6533 33.8353 12
      vertex 91.1029 32.75 4
      vertex 91.1029 32.75 12
    endloop
  endfacet
  facet normal -0.923863 0.382723 0
    outer loop
      vertex 90.6533 36.1647 4
      vertex 91.1029 37.25 12
      vertex 91.1029 37.25 4
    endloop
  endfacet
  facet normal -0.923863 0.382723 0
    outer loop
      vertex 91.1029 37.25 12
      vertex 90.6533 36.1647 4
      vertex 90.6533 36.1647 12
    endloop
  endfacet
  facet normal -0.793373 -0.608735 0
    outer loop
      vertex 91.818 31.818 4
      vertex 91.1029 32.75 12
      vertex 91.1029 32.75 4
    endloop
  endfacet
  facet normal -0.793373 -0.608735 0
    outer loop
      vertex 91.1029 32.75 12
      vertex 91.818 31.818 4
      vertex 91.818 31.818 12
    endloop
  endfacet
  facet normal 0.923863 0.382723 0
    outer loop
      vertex 99.3467 71.1647 12
      vertex 98.8971 72.25 4
      vertex 98.8971 72.25 12
    endloop
  endfacet
  facet normal 0.923863 0.382723 0
    outer loop
      vertex 98.8971 72.25 4
      vertex 99.3467 71.1647 12
      vertex 99.3467 71.1647 4
    endloop
  endfacet
  facet normal 0.991449 0.130496 0
    outer loop
      vertex 99.5 70 12
      vertex 99.3467 71.1647 4
      vertex 99.3467 71.1647 12
    endloop
  endfacet
  facet normal 0.991449 0.130496 0
    outer loop
      vertex 99.3467 71.1647 4
      vertex 99.5 70 12
      vertex 99.5 70 4
    endloop
  endfacet
  facet normal -0.130496 0.991449 0
    outer loop
      vertex 95 74.5 4
      vertex 93.8353 74.3467 12
      vertex 95 74.5 12
    endloop
  endfacet
  facet normal -0.130496 0.991449 0
    outer loop
      vertex 93.8353 74.3467 12
      vertex 95 74.5 4
      vertex 93.8353 74.3467 4
    endloop
  endfacet
  facet normal -0.793373 0.608735 0
    outer loop
      vertex 91.1029 72.25 4
      vertex 91.818 73.182 12
      vertex 91.818 73.182 4
    endloop
  endfacet
  facet normal -0.793373 0.608735 0
    outer loop
      vertex 91.818 73.182 12
      vertex 91.1029 72.25 4
      vertex 91.1029 72.25 12
    endloop
  endfacet
  facet normal 0.923863 -0.382723 0
    outer loop
      vertex 98.8971 67.75 12
      vertex 99.3467 68.8353 4
      vertex 99.3467 68.8353 12
    endloop
  endfacet
  facet normal 0.923863 -0.382723 0
    outer loop
      vertex 99.3467 68.8353 4
      vertex 98.8971 67.75 12
      vertex 98.8971 67.75 4
    endloop
  endfacet
  facet normal -0.382723 0.923863 0
    outer loop
      vertex 93.8353 74.3467 4
      vertex 92.75 73.8971 12
      vertex 93.8353 74.3467 12
    endloop
  endfacet
  facet normal -0.382723 0.923863 0
    outer loop
      vertex 92.75 73.8971 12
      vertex 93.8353 74.3467 4
      vertex 92.75 73.8971 4
    endloop
  endfacet
  facet normal 0 0 1
    outer loop
      vertex 96.6 70 12
      vertex 99.5 70 12
      vertex 99.3467 71.1647 12
    endloop
  endfacet
  facet normal 0 0 1
    outer loop
      vertex 96.5455 70.4141 12
      vertex 99.3467 71.1647 12
      vertex 98.8971 72.25 12
    endloop
  endfacet
  facet normal 0 0 1
    outer loop
      vertex 99.5 70 12
      vertex 96.6 70 12
      vertex 99.3467 68.8353 12
    endloop
  endfacet
  facet normal 0 0 1
    outer loop
      vertex 96.3856 70.8 12
      vertex 98.8971 72.25 12
      vertex 98.182 73.182 12
    endloop
  endfacet
  facet normal -0 0 1
    outer loop
      vertex 96.5455 69.5859 12
      vertex 99.3467 68.8353 12
      vertex 96.6 70 12
    endloop
  endfacet
  facet normal 0 0 1
    outer loop
      vertex 96.1314 71.1314 12
      vertex 98.182 73.182 12
      vertex 97.25 73.8971 12
    endloop
  endfacet
  facet normal 0 0 1
    outer loop
      vertex 99.3467 68.8353 12
      vertex 96.5455 69.5859 12
      vertex 98.8971 67.75 12
    endloop
  endfacet
  facet normal -0 0 1
    outer loop
      vertex 96.3856 69.2 12
      vertex 98.8971 67.75 12
      vertex 96.5455 69.5859 12
    endloop
  endfacet
  facet normal 0 0 1
    outer loop
      vertex 99.3467 71.1647 12
      vertex 96.5455 70.4141 12
      vertex 96.6 70 12
    endloop
  endfacet
  facet normal 0 0 1
    outer loop
      vertex 98.8971 72.25 12
      vertex 96.3856 70.8 12
      vertex 96.5455 70.4141 12
    endloop
  endfacet
  facet normal 0 0 1
    outer loop
      vertex 95.8 71.3856 12
      vertex 97.25 73.8971 12
      vertex 96.1647 74.3467 12
    endloop
  endfacet
  facet normal 0 0 1
    outer loop
      vertex 98.182 73.182 12
      vertex 96.1314 71.1314 12
      vertex 96.3856 70.8 12
    endloop
  endfacet
  facet normal 0 0 1
    outer loop
      vertex 97.25 73.8971 12
      vertex 95.8 71.3856 12
      vertex 96.1314 71.1314 12
    endloop
  endfacet
  facet normal 0 0 1
    outer loop
      vertex 96.1647 74.3467 12
      vertex 95.4141 71.5455 12
      vertex 95.8 71.3856 12
    endloop
  endfacet
  facet normal 0 0 1
    outer loop
      vertex 95 74.5 12
      vertex 95.4141 71.5455 12
      vertex 96.1647 74.3467 12
    endloop
  endfacet
  facet normal 0 0 1
    outer loop
      vertex 95 74.5 12
      vertex 95 71.6 12
      vertex 95.4141 71.5455 12
    endloop
  endfacet
  facet normal 0 0 1
    outer loop
      vertex 95 74.5 12
      vertex 94.5859 71.5455 12
      vertex 95 71.6 12
    endloop
  endfacet
  facet normal -0 0 1
    outer loop
      vertex 93.8353 74.3467 12
      vertex 94.5859 71.5455 12
      vertex 95 74.5 12
    endloop
  endfacet
  facet normal 0 0 1
    outer loop
      vertex 94.5859 71.5455 12
      vertex 93.8353 74.3467 12
      vertex 94.2 71.3856 12
    endloop
  endfacet
  facet normal -0 0 1
    outer loop
      vertex 92.75 73.8971 12
      vertex 94.2 71.3856 12
      vertex 93.8353 74.3467 12
    endloop
  endfacet
  facet normal 0 0 1
    outer loop
      vertex 94.2 71.3856 12
      vertex 92.75 73.8971 12
      vertex 93.8686 71.1314 12
    endloop
  endfacet
  facet normal -0 0 1
    outer loop
      vertex 91.818 73.182 12
      vertex 93.8686 71.1314 12
      vertex 92.75 73.8971 12
    endloop
  endfacet
  facet normal 0 0 1
    outer loop
      vertex 93.8686 71.1314 12
      vertex 91.818 73.182 12
      vertex 93.6144 70.8 12
    endloop
  endfacet
  facet normal -0 0 1
    outer loop
      vertex 91.1029 72.25 12
      vertex 93.6144 70.8 12
      vertex 91.818 73.182 12
    endloop
  endfacet
  facet normal 0 0 1
    outer loop
      vertex 98.8971 67.75 12
      vertex 96.3856 69.2 12
      vertex 98.182 66.818 12
    endloop
  endfacet
  facet normal -0 0 1
    outer loop
      vertex 96.1314 68.8686 12
      vertex 98.182 66.818 12
      vertex 96.3856 69.2 12
    endloop
  endfacet
  facet normal 0 0 1
    outer loop
      vertex 98.182 66.818 12
      vertex 96.1314 68.8686 12
      vertex 97.25 66.1029 12
    endloop
  endfacet
  facet normal -0 0 1
    outer loop
      vertex 95.8 68.6144 12
      vertex 97.25 66.1029 12
      vertex 96.1314 68.8686 12
    endloop
  endfacet
  facet normal 0 0 1
    outer loop
      vertex 97.25 66.1029 12
      vertex 95.8 68.6144 12
      vertex 96.1647 65.6533 12
    endloop
  endfacet
  facet normal -0 0 1
    outer loop
      vertex 95.4141 68.4545 12
      vertex 96.1647 65.6533 12
      vertex 95.8 68.6144 12
    endloop
  endfacet
  facet normal -0 0 1
    outer loop
      vertex 95 68.4 12
      vertex 96.1647 65.6533 12
      vertex 95.4141 68.4545 12
    endloop
  endfacet
  facet normal 0 0 1
    outer loop
      vertex 95 68.4 12
      vertex 95 65.5 12
      vertex 96.1647 65.6533 12
    endloop
  endfacet
  facet normal 0 0 1
    outer loop
      vertex 94.5859 68.4545 12
      vertex 95 65.5 12
      vertex 95 68.4 12
    endloop
  endfacet
  facet normal 0 0 1
    outer loop
      vertex 93.8353 65.6533 12
      vertex 94.5859 68.4545 12
      vertex 94.2 68.6144 12
    endloop
  endfacet
  facet normal 0 0 1
    outer loop
      vertex 92.75 66.1029 12
      vertex 94.2 68.6144 12
      vertex 93.8686 68.8686 12
    endloop
  endfacet
  facet normal 0 0 1
    outer loop
      vertex 94.5859 68.4545 12
      vertex 93.8353 65.6533 12
      vertex 95 65.5 12
    endloop
  endfacet
  facet normal 0 0 1
    outer loop
      vertex 91.818 66.818 12
      vertex 93.8686 68.8686 12
      vertex 93.6144 69.2 12
    endloop
  endfacet
  facet normal 0 0 1
    outer loop
      vertex 91.1029 67.75 12
      vertex 93.6144 69.2 12
      vertex 93.4545 69.5859 12
    endloop
  endfacet
  facet normal 0 0 1
    outer loop
      vertex 90.6533 68.8353 12
      vertex 93.4545 69.5859 12
      vertex 93.4 70 12
    endloop
  endfacet
  facet normal 0 0 1
    outer loop
      vertex 93.6144 70.8 12
      vertex 91.1029 72.25 12
      vertex 93.4545 70.4141 12
    endloop
  endfacet
  facet normal 0 0 1
    outer loop
      vertex 94.2 68.6144 12
      vertex 92.75 66.1029 12
      vertex 93.8353 65.6533 12
    endloop
  endfacet
  facet normal -0 0 1
    outer loop
      vertex 90.6533 71.1647 12
      vertex 93.4545 70.4141 12
      vertex 91.1029 72.25 12
    endloop
  endfacet
  facet normal 0 0 1
    outer loop
      vertex 93.8686 68.8686 12
      vertex 91.818 66.818 12
      vertex 92.75 66.1029 12
    endloop
  endfacet
  facet normal 0 0 1
    outer loop
      vertex 93.4545 70.4141 12
      vertex 90.6533 71.1647 12
      vertex 93.4 70 12
    endloop
  endfacet
  facet normal 0 0 1
    outer loop
      vertex 93.6144 69.2 12
      vertex 91.1029 67.75 12
      vertex 91.818 66.818 12
    endloop
  endfacet
  facet normal 0 0 1
    outer loop
      vertex 90.5 70 12
      vertex 93.4 70 12
      vertex 90.6533 71.1647 12
    endloop
  endfacet
  facet normal 0 0 1
    outer loop
      vertex 93.4545 69.5859 12
      vertex 90.6533 68.8353 12
      vertex 91.1029 67.75 12
    endloop
  endfacet
  facet normal 0 0 1
    outer loop
      vertex 93.4 70 12
      vertex 90.5 70 12
      vertex 90.6533 68.8353 12
    endloop
  endfacet
  facet normal 0.382723 0.923863 -0
    outer loop
      vertex 97.25 73.8971 4
      vertex 96.1647 74.3467 12
      vertex 97.25 73.8971 12
    endloop
  endfacet
  facet normal 0.382723 0.923863 0
    outer loop
      vertex 96.1647 74.3467 12
      vertex 97.25 73.8971 4
      vertex 96.1647 74.3467 4
    endloop
  endfacet
  facet normal -0.382723 -0.923863 0
    outer loop
      vertex 92.75 66.1029 4
      vertex 93.8353 65.6533 12
      vertex 92.75 66.1029 12
    endloop
  endfacet
  facet normal -0.382723 -0.923863 -0
    outer loop
      vertex 93.8353 65.6533 12
      vertex 92.75 66.1029 4
      vertex 93.8353 65.6533 4
    endloop
  endfacet
  facet normal 0.382723 -0.923863 0
    outer loop
      vertex 96.1647 65.6533 4
      vertex 97.25 66.1029 12
      vertex 96.1647 65.6533 12
    endloop
  endfacet
  facet normal 0.382723 -0.923863 0
    outer loop
      vertex 97.25 66.1029 12
      vertex 96.1647 65.6533 4
      vertex 97.25 66.1029 4
    endloop
  endfacet
  facet normal 0.991449 -0.130496 0
    outer loop
      vertex 99.3467 68.8353 12
      vertex 99.5 70 4
      vertex 99.5 70 12
    endloop
  endfacet
  facet normal 0.991449 -0.130496 0
    outer loop
      vertex 99.5 70 4
      vertex 99.3467 68.8353 12
      vertex 99.3467 68.8353 4
    endloop
  endfacet
  facet normal -0.991449 0.130496 0
    outer loop
      vertex 90.5 70 4
      vertex 90.6533 71.1647 12
      vertex 90.6533 71.1647 4
    endloop
  endfacet
  facet normal -0.991449 0.130496 0
    outer loop
      vertex 90.6533 71.1647 12
      vertex 90.5 70 4
      vertex 90.5 70 12
    endloop
  endfacet
  facet normal -0.130496 -0.991449 0
    outer loop
      vertex 93.8353 65.6533 4
      vertex 95 65.5 12
      vertex 93.8353 65.6533 12
    endloop
  endfacet
  facet normal -0.130496 -0.991449 -0
    outer loop
      vertex 95 65.5 12
      vertex 93.8353 65.6533 4
      vertex 95 65.5 4
    endloop
  endfacet
  facet normal 0.793373 -0.608735 0
    outer loop
      vertex 98.182 66.818 12
      vertex 98.8971 67.75 4
      vertex 98.8971 67.75 12
    endloop
  endfacet
  facet normal 0.793373 -0.608735 0
    outer loop
      vertex 98.8971 67.75 4
      vertex 98.182 66.818 12
      vertex 98.182 66.818 4
    endloop
  endfacet
  facet normal 0.608735 -0.793373 0
    outer loop
      vertex 97.25 66.1029 4
      vertex 98.182 66.818 12
      vertex 97.25 66.1029 12
    endloop
  endfacet
  facet normal 0.608735 -0.793373 0
    outer loop
      vertex 98.182 66.818 12
      vertex 97.25 66.1029 4
      vertex 98.182 66.818 4
    endloop
  endfacet
  facet normal 0.130496 -0.991449 0
    outer loop
      vertex 95 65.5 4
      vertex 96.1647 65.6533 12
      vertex 95 65.5 12
    endloop
  endfacet
  facet normal 0.130496 -0.991449 0
    outer loop
      vertex 96.1647 65.6533 12
      vertex 95 65.5 4
      vertex 96.1647 65.6533 4
    endloop
  endfacet
  facet normal -0.608735 -0.793373 0
    outer loop
      vertex 91.818 66.818 4
      vertex 92.75 66.1029 12
      vertex 91.818 66.818 12
    endloop
  endfacet
  facet normal -0.608735 -0.793373 -0
    outer loop
      vertex 92.75 66.1029 12
      vertex 91.818 66.818 4
      vertex 92.75 66.1029 4
    endloop
  endfacet
  facet normal -0.991449 -0.130496 0
    outer loop
      vertex 90.6533 68.8353 4
      vertex 90.5 70 12
      vertex 90.5 70 4
    endloop
  endfacet
  facet normal -0.991449 -0.130496 0
    outer loop
      vertex 90.5 70 12
      vertex 90.6533 68.8353 4
      vertex 90.6533 68.8353 12
    endloop
  endfacet
  facet normal -0.608735 0.793373 0
    outer loop
      vertex 92.75 73.8971 4
      vertex 91.818 73.182 12
      vertex 92.75 73.8971 12
    endloop
  endfacet
  facet normal -0.608735 0.793373 0
    outer loop
      vertex 91.818 73.182 12
      vertex 92.75 73.8971 4
      vertex 91.818 73.182 4
    endloop
  endfacet
  facet normal 0.608735 0.793373 -0
    outer loop
      vertex 98.182 73.182 4
      vertex 97.25 73.8971 12
      vertex 98.182 73.182 12
    endloop
  endfacet
  facet normal 0.608735 0.793373 0
    outer loop
      vertex 97.25 73.8971 12
      vertex 98.182 73.182 4
      vertex 97.25 73.8971 4
    endloop
  endfacet
  facet normal 0.130496 0.991449 -0
    outer loop
      vertex 96.1647 74.3467 4
      vertex 95 74.5 12
      vertex 96.1647 74.3467 12
    endloop
  endfacet
  facet normal 0.130496 0.991449 0
    outer loop
      vertex 95 74.5 12
      vertex 96.1647 74.3467 4
      vertex 95 74.5 4
    endloop
  endfacet
  facet normal 0.793373 0.608735 0
    outer loop
      vertex 98.8971 72.25 12
      vertex 98.182 73.182 4
      vertex 98.182 73.182 12
    endloop
  endfacet
  facet normal 0.793373 0.608735 0
    outer loop
      vertex 98.182 73.182 4
      vertex 98.8971 72.25 12
      vertex 98.8971 72.25 4
    endloop
  endfacet
  facet normal -0.923863 -0.382723 0
    outer loop
      vertex 91.1029 67.75 4
      vertex 90.6533 68.8353 12
      vertex 90.6533 68.8353 4
    endloop
  endfacet
  facet normal -0.923863 -0.382723 0
    outer loop
      vertex 90.6533 68.8353 12
      vertex 91.1029 67.75 4
      vertex 91.1029 67.75 12
    endloop
  endfacet
  facet normal -0.923863 0.382723 0
    outer loop
      vertex 90.6533 71.1647 4
      vertex 91.1029 72.25 12
      vertex 91.1029 72.25 4
    endloop
  endfacet
  facet normal -0.923863 0.382723 0
    outer loop
      vertex 91.1029 72.25 12
      vertex 90.6533 71.1647 4
      vertex 90.6533 71.1647 12
    endloop
  endfacet
  facet normal -0.793373 -0.608735 0
    outer loop
      vertex 91.818 66.818 4
      vertex 91.1029 67.75 12
      vertex 91.1029 67.75 4
    endloop
  endfacet
  facet normal -0.793373 -0.608735 0
    outer loop
      vertex 91.1029 67.75 12
      vertex 91.818 66.818 4
      vertex 91.818 66.818 12
    endloop
  endfacet
  facet normal 1 -0 0
    outer loop
      vertex 115 8 4
      vertex 115 97 0
      vertex 115 97 4
    endloop
  endfacet
  facet normal 1 0 0
    outer loop
      vertex 115 97 0
      vertex 115 8 4
      vertex 115 8 0
    endloop
  endfacet
  facet normal -0.239315 -0.970942 0
    outer loop
      vertex 5.16316 0.51987 0
      vertex 7.03571 0.0583286 4
      vertex 5.16316 0.51987 4
    endloop
  endfacet
  facet normal -0.239315 -0.970942 -0
    outer loop
      vertex 7.03571 0.0583286 4
      vertex 5.16316 0.51987 0
      vertex 7.03571 0.0583286 0
    endloop
  endfacet
  facet normal 0.663269 -0.748381 0
    outer loop
      vertex 111.545 1.41613 0
      vertex 112.988 2.69502 4
      vertex 111.545 1.41613 4
    endloop
  endfacet
  facet normal 0.663269 -0.748381 0
    outer loop
      vertex 112.988 2.69502 4
      vertex 111.545 1.41613 0
      vertex 112.988 2.69502 0
    endloop
  endfacet
  facet normal -0.935032 0.354563 0
    outer loop
      vertex 0.232465 98.9145 0
      vertex 0.916351 100.718 4
      vertex 0.916351 100.718 0
    endloop
  endfacet
  facet normal -0.935032 0.354563 0
    outer loop
      vertex 0.916351 100.718 4
      vertex 0.232465 98.9145 0
      vertex 0.232465 98.9145 4
    endloop
  endfacet
  facet normal 0 1 -0
    outer loop
      vertex 107.964 104.942 0
      vertex 7.03571 104.942 4
      vertex 107.964 104.942 4
    endloop
  endfacet
  facet normal 0 1 0
    outer loop
      vertex 7.03571 104.942 4
      vertex 107.964 104.942 0
      vertex 7.03571 104.942 0
    endloop
  endfacet
  facet normal 0.239485 0.9709 -0
    outer loop
      vertex 109.837 104.48 0
      vertex 107.964 104.942 4
      vertex 109.837 104.48 4
    endloop
  endfacet
  facet normal 0.239485 0.9709 0
    outer loop
      vertex 107.964 104.942 4
      vertex 109.837 104.48 0
      vertex 107.964 104.942 0
    endloop
  endfacet
  facet normal 0.934997 -0.354656 0
    outer loop
      vertex 114.084 4.28221 4
      vertex 114.768 6.08547 0
      vertex 114.768 6.08547 4
    endloop
  endfacet
  facet normal 0.934997 -0.354656 0
    outer loop
      vertex 114.768 6.08547 0
      vertex 114.084 4.28221 4
      vertex 114.084 4.28221 0
    endloop
  endfacet
  facet normal 0.663301 0.748353 -0
    outer loop
      vertex 112.988 102.305 0
      vertex 111.545 103.584 4
      vertex 112.988 102.305 4
    endloop
  endfacet
  facet normal 0.663301 0.748353 0
    outer loop
      vertex 111.545 103.584 4
      vertex 112.988 102.305 0
      vertex 111.545 103.584 0
    endloop
  endfacet
  facet normal 0.239261 -0.970955 0
    outer loop
      vertex 107.964 0.0583286 0
      vertex 109.837 0.51987 4
      vertex 107.964 0.0583286 4
    endloop
  endfacet
  facet normal 0.239261 -0.970955 0
    outer loop
      vertex 109.837 0.51987 4
      vertex 107.964 0.0583286 0
      vertex 109.837 0.51987 0
    endloop
  endfacet
  facet normal -0.992709 -0.120536 0
    outer loop
      vertex 0.232465 6.08547 0
      vertex 0 8 4
      vertex 0 8 0
    endloop
  endfacet
  facet normal -0.992709 -0.120536 0
    outer loop
      vertex 0 8 4
      vertex 0.232465 6.08547 0
      vertex 0.232465 6.08547 4
    endloop
  endfacet
  facet normal -1 0 0
    outer loop
      vertex 0 8 0
      vertex 0 97 4
      vertex 0 97 0
    endloop
  endfacet
  facet normal -1 -0 0
    outer loop
      vertex 0 97 4
      vertex 0 8 0
      vertex 0 8 4
    endloop
  endfacet
  facet normal 0.992738 -0.120299 0
    outer loop
      vertex 114.768 6.08547 4
      vertex 115 8 0
      vertex 115 8 4
    endloop
  endfacet
  facet normal 0.992738 -0.120299 0
    outer loop
      vertex 115 8 0
      vertex 114.768 6.08547 4
      vertex 114.768 6.08547 0
    endloop
  endfacet
  facet normal 0.822845 0.568266 0
    outer loop
      vertex 114.084 100.718 4
      vertex 112.988 102.305 0
      vertex 112.988 102.305 4
    endloop
  endfacet
  facet normal 0.822845 0.568266 0
    outer loop
      vertex 112.988 102.305 0
      vertex 114.084 100.718 4
      vertex 114.084 100.718 0
    endloop
  endfacet
  facet normal 0.464549 0.885547 -0
    outer loop
      vertex 111.545 103.584 0
      vertex 109.837 104.48 4
      vertex 111.545 103.584 4
    endloop
  endfacet
  facet normal 0.464549 0.885547 0
    outer loop
      vertex 109.837 104.48 4
      vertex 111.545 103.584 0
      vertex 109.837 104.48 0
    endloop
  endfacet
  facet normal 0 0 -1
    outer loop
      vertex 22.5907 36.4982 0
      vertex 36.5 40 0
      vertex 22.592 36.4965 0
    endloop
  endfacet
  facet normal 0 0 -1
    outer loop
      vertex 37.9463 47.271 0
      vertex 22.9927 69.9979 0
      vertex 22.993 70 0
    endloop
  endfacet
  facet normal 0 0 -1
    outer loop
      vertex 22.1164 37.1164 0
      vertex 36.5 40 0
      vertex 22.5907 36.4982 0
    endloop
  endfacet
  facet normal 0 0 -1
    outer loop
      vertex 37.9463 47.271 0
      vertex 22.891 69.2254 0
      vertex 22.9927 69.9979 0
    endloop
  endfacet
  facet normal -0 0 -1
    outer loop
      vertex 36.5 40 0
      vertex 22.1164 37.1164 0
      vertex 36.6625 42.48 0
    endloop
  endfacet
  facet normal 0 0 -1
    outer loop
      vertex 37.9463 47.271 0
      vertex 22.5928 68.5054 0
      vertex 22.891 69.2254 0
    endloop
  endfacet
  facet normal 0 0 -1
    outer loop
      vertex 21.4982 37.5907 0
      vertex 36.6625 42.48 0
      vertex 22.1164 37.1164 0
    endloop
  endfacet
  facet normal 0 0 -1
    outer loop
      vertex 37.9463 47.271 0
      vertex 22.592 68.5035 0
      vertex 22.5928 68.5054 0
    endloop
  endfacet
  facet normal 0 0 -1
    outer loop
      vertex 21.4965 37.592 0
      vertex 36.6625 42.48 0
      vertex 21.4982 37.5907 0
    endloop
  endfacet
  facet normal 0 0 -1
    outer loop
      vertex 37.9463 47.271 0
      vertex 22.5907 68.5018 0
      vertex 22.592 68.5035 0
    endloop
  endfacet
  facet normal -0 0 -1
    outer loop
      vertex 36.6625 42.48 0
      vertex 21.4965 37.592 0
      vertex 37.1474 44.9176 0
    endloop
  endfacet
  facet normal 0 0 -1
    outer loop
      vertex 37.9463 47.271 0
      vertex 22.1164 67.8836 0
      vertex 22.5907 68.5018 0
    endloop
  endfacet
  facet normal 0 0 -1
    outer loop
      vertex 21.4946 37.5928 0
      vertex 37.1474 44.9176 0
      vertex 21.4965 37.592 0
    endloop
  endfacet
  facet normal 0 0 -1
    outer loop
      vertex 37.9463 47.271 0
      vertex 21.4982 67.4093 0
      vertex 22.1164 67.8836 0
    endloop
  endfacet
  facet normal 0 0 -1
    outer loop
      vertex 20.7746 37.891 0
      vertex 37.1474 44.9176 0
      vertex 21.4946 37.5928 0
    endloop
  endfacet
  facet normal 0 0 -1
    outer loop
      vertex 37.9463 47.271 0
      vertex 21.4965 67.408 0
      vertex 21.4982 67.4093 0
    endloop
  endfacet
  facet normal -0 0 -1
    outer loop
      vertex 37.1474 44.9176 0
      vertex 20.7746 37.891 0
      vertex 37.9463 47.271 0
    endloop
  endfacet
  facet normal 0 0 -1
    outer loop
      vertex 37.9463 47.271 0
      vertex 21.4946 67.4072 0
      vertex 21.4965 67.408 0
    endloop
  endfacet
  facet normal 0 0 -1
    outer loop
      vertex 20.7746 67.109 0
      vertex 37.9463 47.271 0
      vertex 20.7746 37.891 0
    endloop
  endfacet
  facet normal 0 0 -1
    outer loop
      vertex 37.9463 47.271 0
      vertex 20.7746 67.109 0
      vertex 21.4946 67.4072 0
    endloop
  endfacet
  facet normal 0 0 -1
    outer loop
      vertex 20.0021 37.9927 0
      vertex 20.7746 67.109 0
      vertex 20.7746 37.891 0
    endloop
  endfacet
  facet normal 0 0 -1
    outer loop
      vertex 20.0021 37.9927 0
      vertex 20.0021 67.0073 0
      vertex 20.7746 67.109 0
    endloop
  endfacet
  facet normal 0 0 -1
    outer loop
      vertex 20 37.993 0
      vertex 20.0021 67.0073 0
      vertex 20.0021 37.9927 0
    endloop
  endfacet
  facet normal 0 0 -1
    outer loop
      vertex 20 37.993 0
      vertex 20 67.007 0
      vertex 20.0021 67.0073 0
    endloop
  endfacet
  facet normal 0 0 -1
    outer loop
      vertex 19.9979 37.9927 0
      vertex 20 67.007 0
      vertex 20 37.993 0
    endloop
  endfacet
  facet normal 0 0 -1
    outer loop
      vertex 19.9979 37.9927 0
      vertex 19.9979 67.0073 0
      vertex 20 67.007 0
    endloop
  endfacet
  facet normal 0 0 -1
    outer loop
      vertex 19.2254 37.891 0
      vertex 19.9979 67.0073 0
      vertex 19.9979 37.9927 0
    endloop
  endfacet
  facet normal 0 0 -1
    outer loop
      vertex 19.2254 37.891 0
      vertex 19.2254 67.109 0
      vertex 19.9979 67.0073 0
    endloop
  endfacet
  facet normal 0 0 -1
    outer loop
      vertex 18.5054 37.5928 0
      vertex 19.2254 67.109 0
      vertex 19.2254 37.891 0
    endloop
  endfacet
  facet normal 0 0 -1
    outer loop
      vertex 18.5054 37.5928 0
      vertex 18.5054 67.4072 0
      vertex 19.2254 67.109 0
    endloop
  endfacet
  facet normal 0 0 -1
    outer loop
      vertex 18.5035 37.592 0
      vertex 18.5054 67.4072 0
      vertex 18.5054 37.5928 0
    endloop
  endfacet
  facet normal 0 0 -1
    outer loop
      vertex 18.5035 37.592 0
      vertex 18.5035 67.408 0
      vertex 18.5054 67.4072 0
    endloop
  endfacet
  facet normal 0 0 -1
    outer loop
      vertex 18.5018 37.5907 0
      vertex 18.5035 67.408 0
      vertex 18.5035 37.592 0
    endloop
  endfacet
  facet normal 0 0 -1
    outer loop
      vertex 18.5018 37.5907 0
      vertex 18.5018 67.4093 0
      vertex 18.5035 67.408 0
    endloop
  endfacet
  facet normal 0 0 -1
    outer loop
      vertex 17.8836 37.1164 0
      vertex 18.5018 67.4093 0
      vertex 18.5018 37.5907 0
    endloop
  endfacet
  facet normal 0 0 -1
    outer loop
      vertex 17.8836 37.1164 0
      vertex 17.8836 67.8836 0
      vertex 18.5018 67.4093 0
    endloop
  endfacet
  facet normal 0 0 -1
    outer loop
      vertex 17.4093 36.4982 0
      vertex 17.8836 67.8836 0
      vertex 17.8836 37.1164 0
    endloop
  endfacet
  facet normal 0 0 -1
    outer loop
      vertex 17.4093 36.4982 0
      vertex 17.4093 68.5018 0
      vertex 17.8836 67.8836 0
    endloop
  endfacet
  facet normal 0 0 -1
    outer loop
      vertex 17.408 36.4965 0
      vertex 17.4093 68.5018 0
      vertex 17.4093 36.4982 0
    endloop
  endfacet
  facet normal 0 0 -1
    outer loop
      vertex 17.408 36.4965 0
      vertex 17.408 68.5035 0
      vertex 17.4093 68.5018 0
    endloop
  endfacet
  facet normal 0 0 -1
    outer loop
      vertex 17.4072 36.4946 0
      vertex 17.408 68.5035 0
      vertex 17.408 36.4965 0
    endloop
  endfacet
  facet normal 0 0 -1
    outer loop
      vertex 17.4072 36.4946 0
      vertex 17.4072 68.5054 0
      vertex 17.408 68.5035 0
    endloop
  endfacet
  facet normal 0 0 -1
    outer loop
      vertex 17.109 35.7746 0
      vertex 17.4072 68.5054 0
      vertex 17.4072 36.4946 0
    endloop
  endfacet
  facet normal 0 0 -1
    outer loop
      vertex 17.109 35.7746 0
      vertex 17.109 69.2254 0
      vertex 17.4072 68.5054 0
    endloop
  endfacet
  facet normal 0 0 -1
    outer loop
      vertex 0 8 0
      vertex 17.109 35.7746 0
      vertex 17.0073 35.0021 0
    endloop
  endfacet
  facet normal -0 0 -1
    outer loop
      vertex 17.109 35.7746 0
      vertex 0 8 0
      vertex 17.109 69.2254 0
    endloop
  endfacet
  facet normal 0 0 -1
    outer loop
      vertex 0 8 0
      vertex 17.0073 35.0021 0
      vertex 17.007 35 0
    endloop
  endfacet
  facet normal 0 0 -1
    outer loop
      vertex 0 97 0
      vertex 17.109 69.2254 0
      vertex 0 8 0
    endloop
  endfacet
  facet normal 0 0 -1
    outer loop
      vertex 93.5035 72.592 0
      vertex 61.9135 95.1221 0
      vertex 62 96 0
    endloop
  endfacet
  facet normal 0 -0 -1
    outer loop
      vertex 61.6575 94.2779 0
      vertex 92.109 70.7746 0
      vertex 59.75 82 0
    endloop
  endfacet
  facet normal 0 0 -1
    outer loop
      vertex 92.109 70.7746 0
      vertex 61.6575 94.2779 0
      vertex 61.9135 95.1221 0
    endloop
  endfacet
  facet normal 0 0 -1
    outer loop
      vertex 61.6575 94.2779 0
      vertex 59.75 82 0
      vertex 61.2416 93.4999 0
    endloop
  endfacet
  facet normal 0 0 -1
    outer loop
      vertex 59.75 82 0
      vertex 62.771 57.5537 0
      vertex 60.4176 58.3526 0
    endloop
  endfacet
  facet normal 0 0 -1
    outer loop
      vertex 61.2416 93.4999 0
      vertex 59.75 82 0
      vertex 60.682 92.818 0
    endloop
  endfacet
  facet normal 0 0 -1
    outer loop
      vertex 60.682 92.818 0
      vertex 59.75 82 0
      vertex 60.0001 92.2584 0
    endloop
  endfacet
  facet normal 0 0 -1
    outer loop
      vertex 57.98 58.8375 0
      vertex 59.75 82 0
      vertex 60.4176 58.3526 0
    endloop
  endfacet
  facet normal 0 0 -1
    outer loop
      vertex 55.5 59 0
      vertex 59.75 82 0
      vertex 57.98 58.8375 0
    endloop
  endfacet
  facet normal 0 0 -1
    outer loop
      vertex 55.5 59 0
      vertex 55.25 82 0
      vertex 59.75 82 0
    endloop
  endfacet
  facet normal 0 0 -1
    outer loop
      vertex 55.25 82 0
      vertex 54.9999 92.2584 0
      vertex 55.25 92.1247 0
    endloop
  endfacet
  facet normal 0 0 -1
    outer loop
      vertex 53.02 58.8375 0
      vertex 55.25 82 0
      vertex 55.5 59 0
    endloop
  endfacet
  facet normal 0 0 -1
    outer loop
      vertex 50.5824 58.3526 0
      vertex 55.25 82 0
      vertex 53.02 58.8375 0
    endloop
  endfacet
  facet normal 0 0 -1
    outer loop
      vertex 48.229 57.5537 0
      vertex 55.25 82 0
      vertex 50.5824 58.3526 0
    endloop
  endfacet
  facet normal 0 0 -1
    outer loop
      vertex 22.891 70.7746 0
      vertex 55.25 82 0
      vertex 48.229 57.5537 0
    endloop
  endfacet
  facet normal 0 0 -1
    outer loop
      vertex 22.5928 71.4946 0
      vertex 55.25 82 0
      vertex 22.891 70.7746 0
    endloop
  endfacet
  facet normal 0 0 -1
    outer loop
      vertex 55.25 82 0
      vertex 54.318 92.818 0
      vertex 54.9999 92.2584 0
    endloop
  endfacet
  facet normal 0 0 -1
    outer loop
      vertex 22.592 71.4965 0
      vertex 55.25 82 0
      vertex 22.5928 71.4946 0
    endloop
  endfacet
  facet normal 0 0 -1
    outer loop
      vertex 22.5907 71.4982 0
      vertex 55.25 82 0
      vertex 22.592 71.4965 0
    endloop
  endfacet
  facet normal 0 0 -1
    outer loop
      vertex 115 8 0
      vertex 97.891 35.7746 0
      vertex 115 97 0
    endloop
  endfacet
  facet normal 0 0 -1
    outer loop
      vertex 115 97 0
      vertex 97.9927 69.9979 0
      vertex 97.993 70 0
    endloop
  endfacet
  facet normal 0 0 -1
    outer loop
      vertex 97.891 69.2254 0
      vertex 115 97 0
      vertex 97.891 35.7746 0
    endloop
  endfacet
  facet normal 0 0 -1
    outer loop
      vertex 115 97 0
      vertex 97.891 69.2254 0
      vertex 97.9927 69.9979 0
    endloop
  endfacet
  facet normal 0 0 -1
    outer loop
      vertex 97.5928 36.4946 0
      vertex 97.891 69.2254 0
      vertex 97.891 35.7746 0
    endloop
  endfacet
  facet normal 0 0 -1
    outer loop
      vertex 97.5928 36.4946 0
      vertex 97.5928 68.5054 0
      vertex 97.891 69.2254 0
    endloop
  endfacet
  facet normal 0 0 -1
    outer loop
      vertex 97.592 36.4965 0
      vertex 97.5928 68.5054 0
      vertex 97.5928 36.4946 0
    endloop
  endfacet
  facet normal 0 0 -1
    outer loop
      vertex 97.592 36.4965 0
      vertex 97.592 68.5035 0
      vertex 97.5928 68.5054 0
    endloop
  endfacet
  facet normal 0 0 -1
    outer loop
      vertex 97.5907 36.4982 0
      vertex 97.592 68.5035 0
      vertex 97.592 36.4965 0
    endloop
  endfacet
  facet normal 0 0 -1
    outer loop
      vertex 97.5907 36.4982 0
      vertex 97.5907 68.5018 0
      vertex 97.592 68.5035 0
    endloop
  endfacet
  facet normal 0 0 -1
    outer loop
      vertex 97.1164 37.1164 0
      vertex 97.5907 68.5018 0
      vertex 97.5907 36.4982 0
    endloop
  endfacet
  facet normal 0 0 -1
    outer loop
      vertex 97.1164 37.1164 0
      vertex 97.1164 67.8836 0
      vertex 97.5907 68.5018 0
    endloop
  endfacet
  facet normal 0 0 -1
    outer loop
      vertex 96.4982 37.5907 0
      vertex 97.1164 67.8836 0
      vertex 97.1164 37.1164 0
    endloop
  endfacet
  facet normal 0 0 -1
    outer loop
      vertex 96.4982 37.5907 0
      vertex 96.4982 67.4093 0
      vertex 97.1164 67.8836 0
    endloop
  endfacet
  facet normal 0 0 -1
    outer loop
      vertex 96.4965 37.592 0
      vertex 96.4982 67.4093 0
      vertex 96.4982 37.5907 0
    endloop
  endfacet
  facet normal 0 0 -1
    outer loop
      vertex 96.4965 37.592 0
      vertex 96.4965 67.408 0
      vertex 96.4982 67.4093 0
    endloop
  endfacet
  facet normal 0 0 -1
    outer loop
      vertex 96.4946 37.5928 0
      vertex 96.4965 67.408 0
      vertex 96.4965 37.592 0
    endloop
  endfacet
  facet normal 0 0 -1
    outer loop
      vertex 96.4946 37.5928 0
      vertex 96.4946 67.4072 0
      vertex 96.4965 67.408 0
    endloop
  endfacet
  facet normal 0 0 -1
    outer loop
      vertex 95.7746 37.891 0
      vertex 96.4946 67.4072 0
      vertex 96.4946 37.5928 0
    endloop
  endfacet
  facet normal 0 0 -1
    outer loop
      vertex 95.7746 37.891 0
      vertex 95.7746 67.109 0
      vertex 96.4946 67.4072 0
    endloop
  endfacet
  facet normal 0 0 -1
    outer loop
      vertex 95.0021 37.9927 0
      vertex 95.7746 67.109 0
      vertex 95.7746 37.891 0
    endloop
  endfacet
  facet normal 0 0 -1
    outer loop
      vertex 95.0021 37.9927 0
      vertex 95.0021 67.0073 0
      vertex 95.7746 67.109 0
    endloop
  endfacet
  facet normal 0 0 -1
    outer loop
      vertex 95 37.993 0
      vertex 95.0021 67.0073 0
      vertex 95.0021 37.9927 0
    endloop
  endfacet
  facet normal 0 0 -1
    outer loop
      vertex 95 37.993 0
      vertex 95 67.007 0
      vertex 95.0021 67.0073 0
    endloop
  endfacet
  facet normal 0 0 -1
    outer loop
      vertex 94.9979 37.9927 0
      vertex 95 67.007 0
      vertex 95 37.993 0
    endloop
  endfacet
  facet normal 0 0 -1
    outer loop
      vertex 94.9979 37.9927 0
      vertex 94.9979 67.0073 0
      vertex 95 67.007 0
    endloop
  endfacet
  facet normal 0 0 -1
    outer loop
      vertex 94.2254 37.891 0
      vertex 94.9979 67.0073 0
      vertex 94.9979 37.9927 0
    endloop
  endfacet
  facet normal 0 0 -1
    outer loop
      vertex 94.2254 37.891 0
      vertex 94.2254 67.109 0
      vertex 94.9979 67.0073 0
    endloop
  endfacet
  facet normal 0 0 -1
    outer loop
      vertex 73.0537 47.271 0
      vertex 94.2254 37.891 0
      vertex 93.5054 37.5928 0
    endloop
  endfacet
  facet normal 0 0 -1
    outer loop
      vertex 94.2254 37.891 0
      vertex 73.0537 47.271 0
      vertex 94.2254 67.109 0
    endloop
  endfacet
  facet normal 0 0 -1
    outer loop
      vertex 73.0537 47.271 0
      vertex 93.5054 37.5928 0
      vertex 93.5035 37.592 0
    endloop
  endfacet
  facet normal -0 0 -1
    outer loop
      vertex 94.2254 67.109 0
      vertex 73.0537 47.271 0
      vertex 93.5054 67.4072 0
    endloop
  endfacet
  facet normal 0 0 -1
    outer loop
      vertex 73.8526 44.9176 0
      vertex 93.5035 37.592 0
      vertex 93.5018 37.5907 0
    endloop
  endfacet
  facet normal -0 0 -1
    outer loop
      vertex 93.5054 67.4072 0
      vertex 73.0537 47.271 0
      vertex 93.5035 67.408 0
    endloop
  endfacet
  facet normal 0 0 -1
    outer loop
      vertex 73.8526 44.9176 0
      vertex 93.5018 37.5907 0
      vertex 92.8836 37.1164 0
    endloop
  endfacet
  facet normal 0 0 -1
    outer loop
      vertex 71.9545 49.5 0
      vertex 93.5035 67.408 0
      vertex 73.0537 47.271 0
    endloop
  endfacet
  facet normal 0 0 -1
    outer loop
      vertex 74.3374 42.48 0
      vertex 92.8836 37.1164 0
      vertex 92.4093 36.4982 0
    endloop
  endfacet
  facet normal -0 0 -1
    outer loop
      vertex 93.5035 67.408 0
      vertex 71.9545 49.5 0
      vertex 93.5018 67.4093 0
    endloop
  endfacet
  facet normal 0 0 -1
    outer loop
      vertex 74.3374 42.48 0
      vertex 92.4093 36.4982 0
      vertex 92.408 36.4965 0
    endloop
  endfacet
  facet normal -0 0 -1
    outer loop
      vertex 93.5018 67.4093 0
      vertex 71.9545 49.5 0
      vertex 92.8836 67.8836 0
    endloop
  endfacet
  facet normal 0 0 -1
    outer loop
      vertex 74.5 40 0
      vertex 92.408 36.4965 0
      vertex 92.4072 36.4946 0
    endloop
  endfacet
  facet normal 0 0 -1
    outer loop
      vertex 70.5737 51.5665 0
      vertex 92.8836 67.8836 0
      vertex 71.9545 49.5 0
    endloop
  endfacet
  facet normal 0 0 -1
    outer loop
      vertex 74.5 40 0
      vertex 92.4072 36.4946 0
      vertex 92.109 35.7746 0
    endloop
  endfacet
  facet normal -0 0 -1
    outer loop
      vertex 92.8836 67.8836 0
      vertex 70.5737 51.5665 0
      vertex 92.4093 68.5018 0
    endloop
  endfacet
  facet normal 0 0 -1
    outer loop
      vertex 74.3374 37.52 0
      vertex 92.109 35.7746 0
      vertex 92.0073 35.0021 0
    endloop
  endfacet
  facet normal -0 0 -1
    outer loop
      vertex 92.4093 68.5018 0
      vertex 70.5737 51.5665 0
      vertex 92.408 68.5035 0
    endloop
  endfacet
  facet normal 0 0 -1
    outer loop
      vertex 74.3374 37.52 0
      vertex 92.0073 35.0021 0
      vertex 92.007 35 0
    endloop
  endfacet
  facet normal 0 0 -1
    outer loop
      vertex 68.935 53.435 0
      vertex 92.408 68.5035 0
      vertex 70.5737 51.5665 0
    endloop
  endfacet
  facet normal 0 0 -1
    outer loop
      vertex 107.964 0.0583286 0
      vertex 115 8 0
      vertex 114.768 6.08547 0
    endloop
  endfacet
  facet normal 0 0 -1
    outer loop
      vertex 97.9927 35.0021 0
      vertex 115 8 0
      vertex 97.993 35 0
    endloop
  endfacet
  facet normal 0 0 -1
    outer loop
      vertex 107.964 0.0583286 0
      vertex 114.768 6.08547 0
      vertex 114.084 4.28221 0
    endloop
  endfacet
  facet normal 0 0 -1
    outer loop
      vertex 97.891 35.7746 0
      vertex 115 8 0
      vertex 97.9927 35.0021 0
    endloop
  endfacet
  facet normal 0 0 -1
    outer loop
      vertex 107.964 0.0583286 0
      vertex 114.084 4.28221 0
      vertex 112.988 2.69502 0
    endloop
  endfacet
  facet normal 0 0 -1
    outer loop
      vertex 97.9927 70.0021 0
      vertex 115 97 0
      vertex 97.993 70 0
    endloop
  endfacet
  facet normal 0 0 -1
    outer loop
      vertex 107.964 0.0583286 0
      vertex 112.988 2.69502 0
      vertex 111.545 1.41613 0
    endloop
  endfacet
  facet normal 0 0 -1
    outer loop
      vertex 97.891 70.7746 0
      vertex 115 97 0
      vertex 97.9927 70.0021 0
    endloop
  endfacet
  facet normal 0 0 -1
    outer loop
      vertex 107.964 0.0583286 0
      vertex 111.545 1.41613 0
      vertex 109.837 0.51987 0
    endloop
  endfacet
  facet normal 0 0 -1
    outer loop
      vertex 97.5928 71.4946 0
      vertex 115 97 0
      vertex 97.891 70.7746 0
    endloop
  endfacet
  facet normal -0 0 -1
    outer loop
      vertex 115 8 0
      vertex 107.964 0.0583286 0
      vertex 95.7746 32.109 0
    endloop
  endfacet
  facet normal 0 0 -1
    outer loop
      vertex 97.592 71.4965 0
      vertex 115 97 0
      vertex 97.5928 71.4946 0
    endloop
  endfacet
  facet normal 0 0 -1
    outer loop
      vertex 97.5907 71.4982 0
      vertex 115 97 0
      vertex 97.592 71.4965 0
    endloop
  endfacet
  facet normal 0 0 -1
    outer loop
      vertex 115 8 0
      vertex 97.9927 34.9979 0
      vertex 97.993 35 0
    endloop
  endfacet
  facet normal 0 0 -1
    outer loop
      vertex 115 8 0
      vertex 97.891 34.2254 0
      vertex 97.9927 34.9979 0
    endloop
  endfacet
  facet normal 0 0 -1
    outer loop
      vertex 115 8 0
      vertex 97.5928 33.5054 0
      vertex 97.891 34.2254 0
    endloop
  endfacet
  facet normal 0 0 -1
    outer loop
      vertex 115 8 0
      vertex 97.592 33.5035 0
      vertex 97.5928 33.5054 0
    endloop
  endfacet
  facet normal 0 0 -1
    outer loop
      vertex 115 8 0
      vertex 97.5907 33.5018 0
      vertex 97.592 33.5035 0
    endloop
  endfacet
  facet normal 0 0 -1
    outer loop
      vertex 115 8 0
      vertex 97.1164 32.8836 0
      vertex 97.5907 33.5018 0
    endloop
  endfacet
  facet normal 0 0 -1
    outer loop
      vertex 115 8 0
      vertex 96.4982 32.4093 0
      vertex 97.1164 32.8836 0
    endloop
  endfacet
  facet normal 0 0 -1
    outer loop
      vertex 115 8 0
      vertex 96.4965 32.408 0
      vertex 96.4982 32.4093 0
    endloop
  endfacet
  facet normal 0 0 -1
    outer loop
      vertex 115 8 0
      vertex 96.4946 32.4072 0
      vertex 96.4965 32.408 0
    endloop
  endfacet
  facet normal 0 0 -1
    outer loop
      vertex 115 8 0
      vertex 95.7746 32.109 0
      vertex 96.4946 32.4072 0
    endloop
  endfacet
  facet normal 0 0 -1
    outer loop
      vertex 107.964 0.0583286 0
      vertex 95.0021 32.0073 0
      vertex 95.7746 32.109 0
    endloop
  endfacet
  facet normal 0 0 -1
    outer loop
      vertex 107.964 0.0583286 0
      vertex 95 32.007 0
      vertex 95.0021 32.0073 0
    endloop
  endfacet
  facet normal 0 0 -1
    outer loop
      vertex 107.964 0.0583286 0
      vertex 94.9979 32.0073 0
      vertex 95 32.007 0
    endloop
  endfacet
  facet normal 0 0 -1
    outer loop
      vertex 107.964 0.0583286 0
      vertex 94.2254 32.109 0
      vertex 94.9979 32.0073 0
    endloop
  endfacet
  facet normal 0 0 -1
    outer loop
      vertex 68.935 26.565 0
      vertex 94.2254 32.109 0
      vertex 107.964 0.0583286 0
    endloop
  endfacet
  facet normal -0 0 -1
    outer loop
      vertex 94.2254 32.109 0
      vertex 68.935 26.565 0
      vertex 93.5054 32.4072 0
    endloop
  endfacet
  facet normal -0 0 -1
    outer loop
      vertex 93.5054 32.4072 0
      vertex 68.935 26.565 0
      vertex 93.5035 32.408 0
    endloop
  endfacet
  facet normal 0 -0 -1
    outer loop
      vertex 70.5737 28.4335 0
      vertex 93.5035 32.408 0
      vertex 68.935 26.565 0
    endloop
  endfacet
  facet normal -0 0 -1
    outer loop
      vertex 93.5035 32.408 0
      vertex 70.5737 28.4335 0
      vertex 93.5018 32.4093 0
    endloop
  endfacet
  facet normal -0 0 -1
    outer loop
      vertex 93.5018 32.4093 0
      vertex 70.5737 28.4335 0
      vertex 92.8836 32.8836 0
    endloop
  endfacet
  facet normal 0 0 -1
    outer loop
      vertex 73.8526 35.0824 0
      vertex 92.0073 34.9979 0
      vertex 92.109 34.2254 0
    endloop
  endfacet
  facet normal 0 0 -1
    outer loop
      vertex 92.408 36.4965 0
      vertex 74.5 40 0
      vertex 74.3374 42.48 0
    endloop
  endfacet
  facet normal 0 0 -1
    outer loop
      vertex 92.0073 34.9979 0
      vertex 73.8526 35.0824 0
      vertex 92.007 35 0
    endloop
  endfacet
  facet normal 0 0 -1
    outer loop
      vertex 73.0537 32.729 0
      vertex 92.109 34.2254 0
      vertex 92.4072 33.5054 0
    endloop
  endfacet
  facet normal 0 0 -1
    outer loop
      vertex 73.0537 32.729 0
      vertex 92.4072 33.5054 0
      vertex 92.408 33.5035 0
    endloop
  endfacet
  facet normal 0 -0 -1
    outer loop
      vertex 71.9545 30.5 0
      vertex 92.8836 32.8836 0
      vertex 70.5737 28.4335 0
    endloop
  endfacet
  facet normal 0 0 -1
    outer loop
      vertex 92.109 35.7746 0
      vertex 74.3374 37.52 0
      vertex 74.5 40 0
    endloop
  endfacet
  facet normal 0 0 -1
    outer loop
      vertex 92.007 35 0
      vertex 73.8526 35.0824 0
      vertex 74.3374 37.52 0
    endloop
  endfacet
  facet normal -0 0 -1
    outer loop
      vertex 92.109 34.2254 0
      vertex 73.0537 32.729 0
      vertex 73.8526 35.0824 0
    endloop
  endfacet
  facet normal 0 0 -1
    outer loop
      vertex 92.408 33.5035 0
      vertex 71.9545 30.5 0
      vertex 73.0537 32.729 0
    endloop
  endfacet
  facet normal -0 0 -1
    outer loop
      vertex 92.4093 33.5018 0
      vertex 71.9545 30.5 0
      vertex 92.408 33.5035 0
    endloop
  endfacet
  facet normal -0 0 -1
    outer loop
      vertex 92.8836 32.8836 0
      vertex 71.9545 30.5 0
      vertex 92.4093 33.5018 0
    endloop
  endfacet
  facet normal 0 0 -1
    outer loop
      vertex 107.964 0.0583286 0
      vertex 67.0665 24.9263 0
      vertex 68.935 26.565 0
    endloop
  endfacet
  facet normal 0 0 -1
    outer loop
      vertex 59.1 9 0
      vertex 67.0665 24.9263 0
      vertex 107.964 0.0583286 0
    endloop
  endfacet
  facet normal 0 0 -1
    outer loop
      vertex 67.0665 24.9263 0
      vertex 59.1 9 0
      vertex 65 23.5455 0
    endloop
  endfacet
  facet normal 0 0 -1
    outer loop
      vertex 59.0217 9.49443 0
      vertex 65 23.5455 0
      vertex 59.1 9 0
    endloop
  endfacet
  facet normal 0 0 -1
    outer loop
      vertex 65 23.5455 0
      vertex 59.0217 9.49443 0
      vertex 62.771 22.4463 0
    endloop
  endfacet
  facet normal 0 0 -1
    outer loop
      vertex 107.964 0.0583286 0
      vertex 59.0217 8.50557 0
      vertex 59.1 9 0
    endloop
  endfacet
  facet normal 0 0 -1
    outer loop
      vertex 107.964 0.0583286 0
      vertex 58.7944 8.05954 0
      vertex 59.0217 8.50557 0
    endloop
  endfacet
  facet normal 0 0 -1
    outer loop
      vertex 107.964 0.0583286 0
      vertex 58.4405 7.70557 0
      vertex 58.7944 8.05954 0
    endloop
  endfacet
  facet normal 0 0 -1
    outer loop
      vertex 107.964 0.0583286 0
      vertex 57.9944 7.47831 0
      vertex 58.4405 7.70557 0
    endloop
  endfacet
  facet normal 0 0 -1
    outer loop
      vertex 107.964 0.0583286 0
      vertex 57.5 7.4 0
      vertex 57.9944 7.47831 0
    endloop
  endfacet
  facet normal 0 0 -1
    outer loop
      vertex 56.5595 10.2944 0
      vertex 53.02 21.1625 0
      vertex 55.5 21 0
    endloop
  endfacet
  facet normal 0 0 -1
    outer loop
      vertex 46 23.5455 0
      vertex 55.9 9 0
      vertex 55.9783 8.50557 0
    endloop
  endfacet
  facet normal 0 0 -1
    outer loop
      vertex 55.9783 9.49443 0
      vertex 50.5824 21.6474 0
      vertex 53.02 21.1625 0
    endloop
  endfacet
  facet normal 0 0 -1
    outer loop
      vertex 55.9783 9.49443 0
      vertex 48.229 22.4463 0
      vertex 50.5824 21.6474 0
    endloop
  endfacet
  facet normal 0 0 -1
    outer loop
      vertex 7.03571 0.0583286 0
      vertex 55.9783 8.50557 0
      vertex 56.2056 8.05954 0
    endloop
  endfacet
  facet normal 0 0 -1
    outer loop
      vertex 55.9 9 0
      vertex 46 23.5455 0
      vertex 48.229 22.4463 0
    endloop
  endfacet
  facet normal -0 0 -1
    outer loop
      vertex 55.9783 8.50557 0
      vertex 7.03571 0.0583286 0
      vertex 46 23.5455 0
    endloop
  endfacet
  facet normal -0 0 -1
    outer loop
      vertex 46 23.5455 0
      vertex 7.03571 0.0583286 0
      vertex 43.9335 24.9263 0
    endloop
  endfacet
  facet normal -0 0 -1
    outer loop
      vertex 43.9335 24.9263 0
      vertex 7.03571 0.0583286 0
      vertex 42.065 26.565 0
    endloop
  endfacet
  facet normal 0 0 -1
    outer loop
      vertex 22.9927 35.0021 0
      vertex 36.6625 37.52 0
      vertex 22.993 35 0
    endloop
  endfacet
  facet normal -0 0 -1
    outer loop
      vertex 37.1474 35.0824 0
      vertex 22.993 35 0
      vertex 36.6625 37.52 0
    endloop
  endfacet
  facet normal 0 0 -1
    outer loop
      vertex 22.891 34.2254 0
      vertex 37.1474 35.0824 0
      vertex 37.9463 32.729 0
    endloop
  endfacet
  facet normal 0 0 -1
    outer loop
      vertex 22.5907 33.5018 0
      vertex 37.9463 32.729 0
      vertex 39.0455 30.5 0
    endloop
  endfacet
  facet normal 0 0 -1
    outer loop
      vertex 21.4982 32.4093 0
      vertex 39.0455 30.5 0
      vertex 40.4263 28.4335 0
    endloop
  endfacet
  facet normal 0 -0 -1
    outer loop
      vertex 20.7746 32.109 0
      vertex 42.065 26.565 0
      vertex 7.03571 0.0583286 0
    endloop
  endfacet
  facet normal 0 0 -1
    outer loop
      vertex 7.03571 0.0583286 0
      vertex 56.2056 8.05954 0
      vertex 56.5595 7.70557 0
    endloop
  endfacet
  facet normal 0 0 -1
    outer loop
      vertex 37.1474 35.0824 0
      vertex 22.9927 34.9979 0
      vertex 22.993 35 0
    endloop
  endfacet
  facet normal 0 0 -1
    outer loop
      vertex 37.1474 35.0824 0
      vertex 22.891 34.2254 0
      vertex 22.9927 34.9979 0
    endloop
  endfacet
  facet normal 0 0 -1
    outer loop
      vertex 37.9463 32.729 0
      vertex 22.5928 33.5054 0
      vertex 22.891 34.2254 0
    endloop
  endfacet
  facet normal 0 0 -1
    outer loop
      vertex 37.9463 32.729 0
      vertex 22.592 33.5035 0
      vertex 22.5928 33.5054 0
    endloop
  endfacet
  facet normal 0 0 -1
    outer loop
      vertex 37.9463 32.729 0
      vertex 22.5907 33.5018 0
      vertex 22.592 33.5035 0
    endloop
  endfacet
  facet normal 0 0 -1
    outer loop
      vertex 39.0455 30.5 0
      vertex 22.1164 32.8836 0
      vertex 22.5907 33.5018 0
    endloop
  endfacet
  facet normal 0 0 -1
    outer loop
      vertex 39.0455 30.5 0
      vertex 21.4982 32.4093 0
      vertex 22.1164 32.8836 0
    endloop
  endfacet
  facet normal 0 0 -1
    outer loop
      vertex 40.4263 28.4335 0
      vertex 21.4965 32.408 0
      vertex 21.4982 32.4093 0
    endloop
  endfacet
  facet normal 0 0 -1
    outer loop
      vertex 40.4263 28.4335 0
      vertex 21.4946 32.4072 0
      vertex 21.4965 32.408 0
    endloop
  endfacet
  facet normal 0 0 -1
    outer loop
      vertex 40.4263 28.4335 0
      vertex 20.7746 32.109 0
      vertex 21.4946 32.4072 0
    endloop
  endfacet
  facet normal 0 0 -1
    outer loop
      vertex 42.065 26.565 0
      vertex 20.7746 32.109 0
      vertex 40.4263 28.4335 0
    endloop
  endfacet
  facet normal 0 0 -1
    outer loop
      vertex 20.7746 32.109 0
      vertex 7.03571 0.0583286 0
      vertex 20.0021 32.0073 0
    endloop
  endfacet
  facet normal 0 0 -1
    outer loop
      vertex 20.0021 32.0073 0
      vertex 7.03571 0.0583286 0
      vertex 20 32.007 0
    endloop
  endfacet
  facet normal -0 0 -1
    outer loop
      vertex 20 32.007 0
      vertex 7.03571 0.0583286 0
      vertex 19.9979 32.0073 0
    endloop
  endfacet
  facet normal -0 0 -1
    outer loop
      vertex 19.9979 32.0073 0
      vertex 7.03571 0.0583286 0
      vertex 19.2254 32.109 0
    endloop
  endfacet
  facet normal 0 0 -1
    outer loop
      vertex 0 8 0
      vertex 19.2254 32.109 0
      vertex 7.03571 0.0583286 0
    endloop
  endfacet
  facet normal 0 0 -1
    outer loop
      vertex 0 8 0
      vertex 17.4093 33.5018 0
      vertex 17.8836 32.8836 0
    endloop
  endfacet
  facet normal 0 0 -1
    outer loop
      vertex 0 8 0
      vertex 17.4072 33.5054 0
      vertex 17.408 33.5035 0
    endloop
  endfacet
  facet normal 0 0 -1
    outer loop
      vertex 0 8 0
      vertex 17.0073 34.9979 0
      vertex 17.109 34.2254 0
    endloop
  endfacet
  facet normal -0 0 -1
    outer loop
      vertex 17.0073 34.9979 0
      vertex 0 8 0
      vertex 17.007 35 0
    endloop
  endfacet
  facet normal -0 0 -1
    outer loop
      vertex 17.4072 33.5054 0
      vertex 0 8 0
      vertex 17.109 34.2254 0
    endloop
  endfacet
  facet normal -0 0 -1
    outer loop
      vertex 17.4093 33.5018 0
      vertex 0 8 0
      vertex 17.408 33.5035 0
    endloop
  endfacet
  facet normal -0 0 -1
    outer loop
      vertex 18.5018 32.4093 0
      vertex 0 8 0
      vertex 17.8836 32.8836 0
    endloop
  endfacet
  facet normal -0 0 -1
    outer loop
      vertex 18.5035 32.408 0
      vertex 0 8 0
      vertex 18.5018 32.4093 0
    endloop
  endfacet
  facet normal -0 0 -1
    outer loop
      vertex 18.5054 32.4072 0
      vertex 0 8 0
      vertex 18.5035 32.408 0
    endloop
  endfacet
  facet normal -0 0 -1
    outer loop
      vertex 19.2254 32.109 0
      vertex 0 8 0
      vertex 18.5054 32.4072 0
    endloop
  endfacet
  facet normal -0 0 -1
    outer loop
      vertex 57.0056 7.47831 0
      vertex 7.03571 0.0583286 0
      vertex 56.5595 7.70557 0
    endloop
  endfacet
  facet normal -0 0 -1
    outer loop
      vertex 57.5 7.4 0
      vertex 7.03571 0.0583286 0
      vertex 57.0056 7.47831 0
    endloop
  endfacet
  facet normal 0 0 -1
    outer loop
      vertex 7.03571 0.0583286 0
      vertex 57.5 7.4 0
      vertex 107.964 0.0583286 0
    endloop
  endfacet
  facet normal 0 0 -1
    outer loop
      vertex 97.1164 72.1164 0
      vertex 115 97 0
      vertex 97.5907 71.4982 0
    endloop
  endfacet
  facet normal 0 0 -1
    outer loop
      vertex 96.4982 72.5907 0
      vertex 115 97 0
      vertex 97.1164 72.1164 0
    endloop
  endfacet
  facet normal 0 0 -1
    outer loop
      vertex 96.4965 72.592 0
      vertex 115 97 0
      vertex 96.4982 72.5907 0
    endloop
  endfacet
  facet normal 0 0 -1
    outer loop
      vertex 96.4946 72.5928 0
      vertex 115 97 0
      vertex 96.4965 72.592 0
    endloop
  endfacet
  facet normal 0 0 -1
    outer loop
      vertex 95.7746 72.891 0
      vertex 115 97 0
      vertex 96.4946 72.5928 0
    endloop
  endfacet
  facet normal 0 -0 -1
    outer loop
      vertex 107.964 104.942 0
      vertex 115 97 0
      vertex 95.7746 72.891 0
    endloop
  endfacet
  facet normal 0 0 -1
    outer loop
      vertex 115 97 0
      vertex 107.964 104.942 0
      vertex 114.768 98.9145 0
    endloop
  endfacet
  facet normal 0 0 -1
    outer loop
      vertex 112.988 102.305 0
      vertex 107.964 104.942 0
      vertex 111.545 103.584 0
    endloop
  endfacet
  facet normal 0 0 -1
    outer loop
      vertex 111.545 103.584 0
      vertex 107.964 104.942 0
      vertex 109.837 104.48 0
    endloop
  endfacet
  facet normal 0 0 -1
    outer loop
      vertex 114.084 100.718 0
      vertex 107.964 104.942 0
      vertex 112.988 102.305 0
    endloop
  endfacet
  facet normal 0 0 -1
    outer loop
      vertex 114.768 98.9145 0
      vertex 107.964 104.942 0
      vertex 114.084 100.718 0
    endloop
  endfacet
  facet normal 0 0 -1
    outer loop
      vertex 95.0021 72.9927 0
      vertex 107.964 104.942 0
      vertex 95.7746 72.891 0
    endloop
  endfacet
  facet normal 0 0 -1
    outer loop
      vertex 95 72.993 0
      vertex 107.964 104.942 0
      vertex 95.0021 72.9927 0
    endloop
  endfacet
  facet normal 0 0 -1
    outer loop
      vertex 94.9979 72.9927 0
      vertex 107.964 104.942 0
      vertex 95 72.993 0
    endloop
  endfacet
  facet normal 0 0 -1
    outer loop
      vertex 94.2254 72.891 0
      vertex 107.964 104.942 0
      vertex 94.9979 72.9927 0
    endloop
  endfacet
  facet normal 0 0 -1
    outer loop
      vertex 62 96 0
      vertex 94.2254 72.891 0
      vertex 93.5054 72.5928 0
    endloop
  endfacet
  facet normal 0 0 -1
    outer loop
      vertex 62 96 0
      vertex 93.5054 72.5928 0
      vertex 93.5035 72.592 0
    endloop
  endfacet
  facet normal 0 0 -1
    outer loop
      vertex 61.9135 95.1221 0
      vertex 93.5035 72.592 0
      vertex 93.5018 72.5907 0
    endloop
  endfacet
  facet normal 0 0 -1
    outer loop
      vertex 61.9135 95.1221 0
      vertex 93.5018 72.5907 0
      vertex 92.8836 72.1164 0
    endloop
  endfacet
  facet normal 0 0 -1
    outer loop
      vertex 61.9135 95.1221 0
      vertex 92.8836 72.1164 0
      vertex 92.4093 71.4982 0
    endloop
  endfacet
  facet normal 0 0 -1
    outer loop
      vertex 61.9135 95.1221 0
      vertex 92.4093 71.4982 0
      vertex 92.408 71.4965 0
    endloop
  endfacet
  facet normal 0 0 -1
    outer loop
      vertex 59.75 82 0
      vertex 92.007 70 0
      vertex 65 56.4545 0
    endloop
  endfacet
  facet normal 0 0 -1
    outer loop
      vertex 92.8836 37.1164 0
      vertex 74.3374 42.48 0
      vertex 73.8526 44.9176 0
    endloop
  endfacet
  facet normal 0 0 -1
    outer loop
      vertex 93.5035 37.592 0
      vertex 73.8526 44.9176 0
      vertex 73.0537 47.271 0
    endloop
  endfacet
  facet normal -0 0 -1
    outer loop
      vertex 92.408 68.5035 0
      vertex 68.935 53.435 0
      vertex 92.4072 68.5054 0
    endloop
  endfacet
  facet normal -0 0 -1
    outer loop
      vertex 92.4072 68.5054 0
      vertex 68.935 53.435 0
      vertex 92.109 69.2254 0
    endloop
  endfacet
  facet normal 0 0 -1
    outer loop
      vertex 67.0665 55.0737 0
      vertex 92.109 69.2254 0
      vertex 68.935 53.435 0
    endloop
  endfacet
  facet normal -0 0 -1
    outer loop
      vertex 92.109 69.2254 0
      vertex 67.0665 55.0737 0
      vertex 92.0073 69.9979 0
    endloop
  endfacet
  facet normal -0 0 -1
    outer loop
      vertex 92.0073 69.9979 0
      vertex 67.0665 55.0737 0
      vertex 92.007 70 0
    endloop
  endfacet
  facet normal 0 0 -1
    outer loop
      vertex 65 56.4545 0
      vertex 92.007 70 0
      vertex 67.0665 55.0737 0
    endloop
  endfacet
  facet normal 0 0 -1
    outer loop
      vertex 92.007 70 0
      vertex 59.75 82 0
      vertex 92.0073 70.0021 0
    endloop
  endfacet
  facet normal 0 0 -1
    outer loop
      vertex 59.75 82 0
      vertex 65 56.4545 0
      vertex 62.771 57.5537 0
    endloop
  endfacet
  facet normal 0 0 -1
    outer loop
      vertex 92.0073 70.0021 0
      vertex 59.75 82 0
      vertex 92.109 70.7746 0
    endloop
  endfacet
  facet normal 0 0 -1
    outer loop
      vertex 61.9135 95.1221 0
      vertex 92.4072 71.4946 0
      vertex 92.109 70.7746 0
    endloop
  endfacet
  facet normal 0 0 -1
    outer loop
      vertex 61.9135 95.1221 0
      vertex 92.408 71.4965 0
      vertex 92.4072 71.4946 0
    endloop
  endfacet
  facet normal 0 0 -1
    outer loop
      vertex 94.2254 72.891 0
      vertex 62 96 0
      vertex 107.964 104.942 0
    endloop
  endfacet
  facet normal 0 0 -1
    outer loop
      vertex 61.9135 96.8779 0
      vertex 107.964 104.942 0
      vertex 62 96 0
    endloop
  endfacet
  facet normal 0 0 -1
    outer loop
      vertex 61.6575 97.7221 0
      vertex 107.964 104.942 0
      vertex 61.9135 96.8779 0
    endloop
  endfacet
  facet normal 0 0 -1
    outer loop
      vertex 61.2416 98.5001 0
      vertex 107.964 104.942 0
      vertex 61.6575 97.7221 0
    endloop
  endfacet
  facet normal 0 0 -1
    outer loop
      vertex 60.682 99.182 0
      vertex 107.964 104.942 0
      vertex 61.2416 98.5001 0
    endloop
  endfacet
  facet normal 0 0 -1
    outer loop
      vertex 60.0001 99.7416 0
      vertex 107.964 104.942 0
      vertex 60.682 99.182 0
    endloop
  endfacet
  facet normal 0 0 -1
    outer loop
      vertex 59.2221 100.157 0
      vertex 107.964 104.942 0
      vertex 60.0001 99.7416 0
    endloop
  endfacet
  facet normal 0 0 -1
    outer loop
      vertex 58.3779 100.414 0
      vertex 107.964 104.942 0
      vertex 59.2221 100.157 0
    endloop
  endfacet
  facet normal 0 0 -1
    outer loop
      vertex 57.5 100.5 0
      vertex 107.964 104.942 0
      vertex 58.3779 100.414 0
    endloop
  endfacet
  facet normal 0 0 -1
    outer loop
      vertex 55.25 82 0
      vertex 53.7584 93.4999 0
      vertex 54.318 92.818 0
    endloop
  endfacet
  facet normal 0 0 -1
    outer loop
      vertex 22.1164 72.1164 0
      vertex 55.25 82 0
      vertex 22.5907 71.4982 0
    endloop
  endfacet
  facet normal 0 0 -1
    outer loop
      vertex 22.9927 70.0021 0
      vertex 48.229 57.5537 0
      vertex 46 56.4545 0
    endloop
  endfacet
  facet normal 0 0 -1
    outer loop
      vertex 22.993 70 0
      vertex 46 56.4545 0
      vertex 43.9335 55.0737 0
    endloop
  endfacet
  facet normal 0 0 -1
    outer loop
      vertex 22.993 70 0
      vertex 43.9335 55.0737 0
      vertex 42.065 53.435 0
    endloop
  endfacet
  facet normal 0 0 -1
    outer loop
      vertex 22.993 70 0
      vertex 42.065 53.435 0
      vertex 40.4263 51.5665 0
    endloop
  endfacet
  facet normal 0 0 -1
    outer loop
      vertex 22.993 70 0
      vertex 40.4263 51.5665 0
      vertex 39.0455 49.5 0
    endloop
  endfacet
  facet normal 0 0 -1
    outer loop
      vertex 22.993 70 0
      vertex 39.0455 49.5 0
      vertex 37.9463 47.271 0
    endloop
  endfacet
  facet normal 0 0 -1
    outer loop
      vertex 46 56.4545 0
      vertex 22.993 70 0
      vertex 22.9927 70.0021 0
    endloop
  endfacet
  facet normal 0 0 -1
    outer loop
      vertex 22.5928 36.4946 0
      vertex 36.5 40 0
      vertex 22.891 35.7746 0
    endloop
  endfacet
  facet normal 0 0 -1
    outer loop
      vertex 22.891 35.7746 0
      vertex 36.6625 37.52 0
      vertex 22.9927 35.0021 0
    endloop
  endfacet
  facet normal -0 0 -1
    outer loop
      vertex 36.6625 37.52 0
      vertex 22.891 35.7746 0
      vertex 36.5 40 0
    endloop
  endfacet
  facet normal 0 0 -1
    outer loop
      vertex 22.592 36.4965 0
      vertex 36.5 40 0
      vertex 22.5928 36.4946 0
    endloop
  endfacet
  facet normal 0 0 -1
    outer loop
      vertex 48.229 57.5537 0
      vertex 22.9927 70.0021 0
      vertex 22.891 70.7746 0
    endloop
  endfacet
  facet normal 0 -0 -1
    outer loop
      vertex 53.3425 94.2779 0
      vertex 55.25 82 0
      vertex 22.1164 72.1164 0
    endloop
  endfacet
  facet normal 0 0 -1
    outer loop
      vertex 55.25 82 0
      vertex 53.3425 94.2779 0
      vertex 53.7584 93.4999 0
    endloop
  endfacet
  facet normal 0 0 -1
    outer loop
      vertex 21.4982 72.5907 0
      vertex 53.3425 94.2779 0
      vertex 22.1164 72.1164 0
    endloop
  endfacet
  facet normal -0 0 -1
    outer loop
      vertex 53.3425 94.2779 0
      vertex 21.4982 72.5907 0
      vertex 53.0865 95.1221 0
    endloop
  endfacet
  facet normal 0 0 -1
    outer loop
      vertex 21.4965 72.592 0
      vertex 53.0865 95.1221 0
      vertex 21.4982 72.5907 0
    endloop
  endfacet
  facet normal -0 0 -1
    outer loop
      vertex 53.0865 95.1221 0
      vertex 21.4965 72.592 0
      vertex 53 96 0
    endloop
  endfacet
  facet normal 0 0 -1
    outer loop
      vertex 21.4946 72.5928 0
      vertex 53 96 0
      vertex 21.4965 72.592 0
    endloop
  endfacet
  facet normal 0 0 -1
    outer loop
      vertex 20.7746 72.891 0
      vertex 53 96 0
      vertex 21.4946 72.5928 0
    endloop
  endfacet
  facet normal 0 0 -1
    outer loop
      vertex 7.03571 104.942 0
      vertex 53 96 0
      vertex 20.7746 72.891 0
    endloop
  endfacet
  facet normal 0 0 -1
    outer loop
      vertex 53 96 0
      vertex 7.03571 104.942 0
      vertex 53.0865 96.8779 0
    endloop
  endfacet
  facet normal 0 0 -1
    outer loop
      vertex 53.0865 96.8779 0
      vertex 7.03571 104.942 0
      vertex 53.3425 97.7221 0
    endloop
  endfacet
  facet normal 0 0 -1
    outer loop
      vertex 53.3425 97.7221 0
      vertex 7.03571 104.942 0
      vertex 53.7584 98.5001 0
    endloop
  endfacet
  facet normal 0 0 -1
    outer loop
      vertex 53.7584 98.5001 0
      vertex 7.03571 104.942 0
      vertex 54.318 99.182 0
    endloop
  endfacet
  facet normal 0 0 -1
    outer loop
      vertex 7.03571 104.942 0
      vertex 20.7746 72.891 0
      vertex 20.0021 72.9927 0
    endloop
  endfacet
  facet normal 0 0 -1
    outer loop
      vertex 7.03571 104.942 0
      vertex 20.0021 72.9927 0
      vertex 20 72.993 0
    endloop
  endfacet
  facet normal 0 0 -1
    outer loop
      vertex 7.03571 104.942 0
      vertex 20 72.993 0
      vertex 19.9979 72.9927 0
    endloop
  endfacet
  facet normal 0 0 -1
    outer loop
      vertex 7.03571 104.942 0
      vertex 19.9979 72.9927 0
      vertex 19.2254 72.891 0
    endloop
  endfacet
  facet normal 0 0 -1
    outer loop
      vertex 0 97 0
      vertex 19.2254 72.891 0
      vertex 18.5054 72.5928 0
    endloop
  endfacet
  facet normal 0 0 -1
    outer loop
      vertex 0 97 0
      vertex 18.5054 72.5928 0
      vertex 18.5035 72.592 0
    endloop
  endfacet
  facet normal 0 0 -1
    outer loop
      vertex 0 97 0
      vertex 17.4093 71.4982 0
      vertex 17.408 71.4965 0
    endloop
  endfacet
  facet normal 0 0 -1
    outer loop
      vertex 0 97 0
      vertex 17.4072 71.4946 0
      vertex 17.109 70.7746 0
    endloop
  endfacet
  facet normal 0 0 -1
    outer loop
      vertex 0 97 0
      vertex 17.0073 70.0021 0
      vertex 17.007 70 0
    endloop
  endfacet
  facet normal 0 0 -1
    outer loop
      vertex 17.109 69.2254 0
      vertex 0 97 0
      vertex 17.0073 69.9979 0
    endloop
  endfacet
  facet normal 0 0 -1
    outer loop
      vertex 57.5 100.5 0
      vertex 7.03571 104.942 0
      vertex 107.964 104.942 0
    endloop
  endfacet
  facet normal 0 0 -1
    outer loop
      vertex 56.6221 100.414 0
      vertex 7.03571 104.942 0
      vertex 57.5 100.5 0
    endloop
  endfacet
  facet normal 0 0 -1
    outer loop
      vertex 55.7779 100.157 0
      vertex 7.03571 104.942 0
      vertex 56.6221 100.414 0
    endloop
  endfacet
  facet normal 0 0 -1
    outer loop
      vertex 54.9999 99.7416 0
      vertex 7.03571 104.942 0
      vertex 55.7779 100.157 0
    endloop
  endfacet
  facet normal 0 0 -1
    outer loop
      vertex 54.318 99.182 0
      vertex 7.03571 104.942 0
      vertex 54.9999 99.7416 0
    endloop
  endfacet
  facet normal 0 0 -1
    outer loop
      vertex 0 97 0
      vertex 18.5035 72.592 0
      vertex 18.5018 72.5907 0
    endloop
  endfacet
  facet normal 0 0 -1
    outer loop
      vertex 0 97 0
      vertex 18.5018 72.5907 0
      vertex 17.8836 72.1164 0
    endloop
  endfacet
  facet normal 0 0 -1
    outer loop
      vertex 17.4093 71.4982 0
      vertex 0 97 0
      vertex 17.8836 72.1164 0
    endloop
  endfacet
  facet normal 0 0 -1
    outer loop
      vertex 17.4072 71.4946 0
      vertex 0 97 0
      vertex 17.408 71.4965 0
    endloop
  endfacet
  facet normal 0 0 -1
    outer loop
      vertex 17.0073 69.9979 0
      vertex 0 97 0
      vertex 17.007 70 0
    endloop
  endfacet
  facet normal 0 0 -1
    outer loop
      vertex 0 8 0
      vertex 7.03571 0.0583286 0
      vertex 5.16316 0.51987 0
    endloop
  endfacet
  facet normal 0 0 -1
    outer loop
      vertex 17.0073 70.0021 0
      vertex 0 97 0
      vertex 17.109 70.7746 0
    endloop
  endfacet
  facet normal 0 0 -1
    outer loop
      vertex 0 8 0
      vertex 5.16316 0.51987 0
      vertex 3.45548 1.41613 0
    endloop
  endfacet
  facet normal 0 0 -1
    outer loop
      vertex 19.2254 72.891 0
      vertex 0 97 0
      vertex 7.03571 104.942 0
    endloop
  endfacet
  facet normal 0 0 -1
    outer loop
      vertex 0 8 0
      vertex 3.45548 1.41613 0
      vertex 2.01191 2.69502 0
    endloop
  endfacet
  facet normal 0 0 -1
    outer loop
      vertex 7.03571 104.942 0
      vertex 0 97 0
      vertex 5.16316 104.48 0
    endloop
  endfacet
  facet normal 0 0 -1
    outer loop
      vertex 0 8 0
      vertex 2.01191 2.69502 0
      vertex 0.916351 4.28221 0
    endloop
  endfacet
  facet normal 0 0 -1
    outer loop
      vertex 5.16316 104.48 0
      vertex 0 97 0
      vertex 3.45548 103.584 0
    endloop
  endfacet
  facet normal 0 0 -1
    outer loop
      vertex 0 8 0
      vertex 0.916351 4.28221 0
      vertex 0.232465 6.08547 0
    endloop
  endfacet
  facet normal 0 0 -1
    outer loop
      vertex 3.45548 103.584 0
      vertex 0 97 0
      vertex 2.01191 102.305 0
    endloop
  endfacet
  facet normal 0 0 -1
    outer loop
      vertex 2.01191 102.305 0
      vertex 0 97 0
      vertex 0.916351 100.718 0
    endloop
  endfacet
  facet normal 0 0 -1
    outer loop
      vertex 0.916351 100.718 0
      vertex 0 97 0
      vertex 0.232465 98.9145 0
    endloop
  endfacet
  facet normal 0 0 -1
    outer loop
      vertex 60.0001 92.2584 0
      vertex 59.75 82 0
      vertex 59.75 92.1247 0
    endloop
  endfacet
  facet normal 0 0 -1
    outer loop
      vertex 58.7944 9.94046 0
      vertex 62.771 22.4463 0
      vertex 59.0217 9.49443 0
    endloop
  endfacet
  facet normal 0 0 -1
    outer loop
      vertex 62.771 22.4463 0
      vertex 58.7944 9.94046 0
      vertex 60.4176 21.6474 0
    endloop
  endfacet
  facet normal 0 0 -1
    outer loop
      vertex 58.4405 10.2944 0
      vertex 60.4176 21.6474 0
      vertex 58.7944 9.94046 0
    endloop
  endfacet
  facet normal 0 0 -1
    outer loop
      vertex 57.9944 10.5217 0
      vertex 60.4176 21.6474 0
      vertex 58.4405 10.2944 0
    endloop
  endfacet
  facet normal 0 0 -1
    outer loop
      vertex 57.9944 10.5217 0
      vertex 57.98 21.1625 0
      vertex 60.4176 21.6474 0
    endloop
  endfacet
  facet normal 0 0 -1
    outer loop
      vertex 57.5 10.6 0
      vertex 57.98 21.1625 0
      vertex 57.9944 10.5217 0
    endloop
  endfacet
  facet normal 0 0 -1
    outer loop
      vertex 55.5 21 0
      vertex 57.5 10.6 0
      vertex 57.0056 10.5217 0
    endloop
  endfacet
  facet normal 0 0 -1
    outer loop
      vertex 55.5 21 0
      vertex 57.0056 10.5217 0
      vertex 56.5595 10.2944 0
    endloop
  endfacet
  facet normal 0 0 -1
    outer loop
      vertex 53.02 21.1625 0
      vertex 56.5595 10.2944 0
      vertex 56.2056 9.94046 0
    endloop
  endfacet
  facet normal 0 0 -1
    outer loop
      vertex 53.02 21.1625 0
      vertex 56.2056 9.94046 0
      vertex 55.9783 9.49443 0
    endloop
  endfacet
  facet normal 0 0 -1
    outer loop
      vertex 57.5 10.6 0
      vertex 55.5 21 0
      vertex 57.98 21.1625 0
    endloop
  endfacet
  facet normal 0 0 -1
    outer loop
      vertex 48.229 22.4463 0
      vertex 55.9783 9.49443 0
      vertex 55.9 9 0
    endloop
  endfacet
  facet normal -0.935016 -0.354605 0
    outer loop
      vertex 0.916351 4.28221 0
      vertex 0.232465 6.08547 4
      vertex 0.232465 6.08547 0
    endloop
  endfacet
  facet normal -0.935016 -0.354605 0
    outer loop
      vertex 0.232465 6.08547 4
      vertex 0.916351 4.28221 0
      vertex 0.916351 4.28221 4
    endloop
  endfacet
  facet normal -0.464723 -0.885456 0
    outer loop
      vertex 3.45548 1.41613 0
      vertex 5.16316 0.51987 4
      vertex 3.45548 1.41613 4
    endloop
  endfacet
  facet normal -0.464723 -0.885456 -0
    outer loop
      vertex 5.16316 0.51987 4
      vertex 3.45548 1.41613 0
      vertex 5.16316 0.51987 0
    endloop
  endfacet
  facet normal 0.935012 0.354615 0
    outer loop
      vertex 114.768 98.9145 4
      vertex 114.084 100.718 0
      vertex 114.084 100.718 4
    endloop
  endfacet
  facet normal 0.935012 0.354615 0
    outer loop
      vertex 114.084 100.718 0
      vertex 114.768 98.9145 4
      vertex 114.768 98.9145 0
    endloop
  endfacet
  facet normal 0.992738 0.1203 0
    outer loop
      vertex 115 97 4
      vertex 114.768 98.9145 0
      vertex 114.768 98.9145 4
    endloop
  endfacet
  facet normal 0.992738 0.1203 0
    outer loop
      vertex 114.768 98.9145 0
      vertex 115 97 4
      vertex 115 97 0
    endloop
  endfacet
  facet normal -0.992709 0.120538 0
    outer loop
      vertex 0 97 0
      vertex 0.232465 98.9145 4
      vertex 0.232465 98.9145 0
    endloop
  endfacet
  facet normal -0.992709 0.120538 0
    outer loop
      vertex 0.232465 98.9145 4
      vertex 0 97 0
      vertex 0 97 4
    endloop
  endfacet
  facet normal -0.822952 0.568111 0
    outer loop
      vertex 0.916351 100.718 0
      vertex 2.01191 102.305 4
      vertex 2.01191 102.305 0
    endloop
  endfacet
  facet normal -0.822952 0.568111 0
    outer loop
      vertex 2.01191 102.305 4
      vertex 0.916351 100.718 0
      vertex 0.916351 100.718 4
    endloop
  endfacet
  facet normal -0.464618 0.885511 0
    outer loop
      vertex 5.16316 104.48 0
      vertex 3.45548 103.584 4
      vertex 5.16316 104.48 4
    endloop
  endfacet
  facet normal -0.464618 0.885511 0
    outer loop
      vertex 3.45548 103.584 4
      vertex 5.16316 104.48 0
      vertex 3.45548 103.584 0
    endloop
  endfacet
  facet normal -0.663154 0.748483 0
    outer loop
      vertex 3.45548 103.584 0
      vertex 2.01191 102.305 4
      vertex 3.45548 103.584 4
    endloop
  endfacet
  facet normal -0.663154 0.748483 0
    outer loop
      vertex 2.01191 102.305 4
      vertex 3.45548 103.584 0
      vertex 2.01191 102.305 0
    endloop
  endfacet
  facet normal -0.822984 -0.568065 0
    outer loop
      vertex 2.01191 2.69502 0
      vertex 0.916351 4.28221 4
      vertex 0.916351 4.28221 0
    endloop
  endfacet
  facet normal -0.822984 -0.568065 0
    outer loop
      vertex 0.916351 4.28221 4
      vertex 2.01191 2.69502 0
      vertex 2.01191 2.69502 4
    endloop
  endfacet
  facet normal 0 -1 0
    outer loop
      vertex 7.03571 0.0583286 0
      vertex 107.964 0.0583286 4
      vertex 7.03571 0.0583286 4
    endloop
  endfacet
  facet normal 0 -1 -0
    outer loop
      vertex 107.964 0.0583286 4
      vertex 7.03571 0.0583286 0
      vertex 107.964 0.0583286 0
    endloop
  endfacet
  facet normal 0.822877 -0.56822 0
    outer loop
      vertex 112.988 2.69502 4
      vertex 114.084 4.28221 0
      vertex 114.084 4.28221 4
    endloop
  endfacet
  facet normal 0.822877 -0.56822 0
    outer loop
      vertex 114.084 4.28221 0
      vertex 112.988 2.69502 4
      vertex 112.988 2.69502 0
    endloop
  endfacet
  facet normal -0.239539 0.970887 0
    outer loop
      vertex 7.03571 104.942 0
      vertex 5.16316 104.48 4
      vertex 7.03571 104.942 4
    endloop
  endfacet
  facet normal -0.239539 0.970887 0
    outer loop
      vertex 5.16316 104.48 4
      vertex 7.03571 104.942 0
      vertex 5.16316 104.48 0
    endloop
  endfacet
  facet normal 0.464655 -0.885492 0
    outer loop
      vertex 109.837 0.51987 0
      vertex 111.545 1.41613 4
      vertex 109.837 0.51987 4
    endloop
  endfacet
  facet normal 0.464655 -0.885492 0
    outer loop
      vertex 111.545 1.41613 4
      vertex 109.837 0.51987 0
      vertex 111.545 1.41613 0
    endloop
  endfacet
  facet normal -0.663122 -0.748511 0
    outer loop
      vertex 2.01191 2.69502 0
      vertex 3.45548 1.41613 4
      vertex 2.01191 2.69502 4
    endloop
  endfacet
  facet normal -0.663122 -0.748511 -0
    outer loop
      vertex 3.45548 1.41613 4
      vertex 2.01191 2.69502 0
      vertex 3.45548 1.41613 0
    endloop
  endfacet
  facet normal -0.0974944 -0.995236 0
    outer loop
      vertex 57.5 100.5 0
      vertex 58.3779 100.414 4
      vertex 57.5 100.5 4
    endloop
  endfacet
  facet normal -0.0974944 -0.995236 -0
    outer loop
      vertex 58.3779 100.414 4
      vertex 57.5 100.5 0
      vertex 58.3779 100.414 0
    endloop
  endfacet
  facet normal -0.956967 -0.290196 0
    outer loop
      vertex 61.9135 96.8779 0
      vertex 61.6575 97.7221 4
      vertex 61.6575 97.7221 0
    endloop
  endfacet
  facet normal -0.956967 -0.290196 0
    outer loop
      vertex 61.6575 97.7221 4
      vertex 61.9135 96.8779 0
      vertex 61.9135 96.8779 4
    endloop
  endfacet
  facet normal -0.995181 -0.0980558 0
    outer loop
      vertex 62 96 0
      vertex 61.9135 96.8779 4
      vertex 61.9135 96.8779 0
    endloop
  endfacet
  facet normal -0.995181 -0.0980558 0
    outer loop
      vertex 61.9135 96.8779 4
      vertex 62 96 0
      vertex 62 96 4
    endloop
  endfacet
  facet normal -0.634379 0.773022 0
    outer loop
      vertex 60.682 92.818 0
      vertex 60.0001 92.2584 4
      vertex 60.682 92.818 4
    endloop
  endfacet
  facet normal -0.634379 0.773022 0
    outer loop
      vertex 60.0001 92.2584 4
      vertex 60.682 92.818 0
      vertex 60.0001 92.2584 0
    endloop
  endfacet
  facet normal 0.995181 -0.0980558 0
    outer loop
      vertex 53 96 4
      vertex 53.0865 96.8779 0
      vertex 53.0865 96.8779 4
    endloop
  endfacet
  facet normal 0.995181 -0.0980558 0
    outer loop
      vertex 53.0865 96.8779 0
      vertex 53 96 4
      vertex 53 96 0
    endloop
  endfacet
  facet normal 0.634379 0.773022 -0
    outer loop
      vertex 54.9999 92.2584 0
      vertex 54.318 92.818 4
      vertex 54.9999 92.2584 4
    endloop
  endfacet
  facet normal 0.634379 0.773022 0
    outer loop
      vertex 54.318 92.818 4
      vertex 54.9999 92.2584 0
      vertex 54.318 92.818 0
    endloop
  endfacet
  facet normal -0.291234 -0.956652 0
    outer loop
      vertex 58.3779 100.414 0
      vertex 59.2221 100.157 4
      vertex 58.3779 100.414 4
    endloop
  endfacet
  facet normal -0.291234 -0.956652 -0
    outer loop
      vertex 59.2221 100.157 4
      vertex 58.3779 100.414 0
      vertex 59.2221 100.157 0
    endloop
  endfacet
  facet normal 0.634379 -0.773022 0
    outer loop
      vertex 54.318 99.182 0
      vertex 54.9999 99.7416 4
      vertex 54.318 99.182 4
    endloop
  endfacet
  facet normal 0.634379 -0.773022 0
    outer loop
      vertex 54.9999 99.7416 4
      vertex 54.318 99.182 0
      vertex 54.9999 99.7416 0
    endloop
  endfacet
  facet normal -0.956967 0.290196 0
    outer loop
      vertex 61.6575 94.2779 0
      vertex 61.9135 95.1221 4
      vertex 61.9135 95.1221 0
    endloop
  endfacet
  facet normal -0.956967 0.290196 0
    outer loop
      vertex 61.9135 95.1221 4
      vertex 61.6575 94.2779 0
      vertex 61.6575 94.2779 4
    endloop
  endfacet
  facet normal 0.773022 -0.634379 0
    outer loop
      vertex 53.7584 98.5001 4
      vertex 54.318 99.182 0
      vertex 54.318 99.182 4
    endloop
  endfacet
  facet normal 0.773022 -0.634379 0
    outer loop
      vertex 54.318 99.182 0
      vertex 53.7584 98.5001 4
      vertex 53.7584 98.5001 0
    endloop
  endfacet
  facet normal 0.881898 0.471441 0
    outer loop
      vertex 53.7584 93.4999 4
      vertex 53.3425 94.2779 0
      vertex 53.3425 94.2779 4
    endloop
  endfacet
  facet normal 0.881898 0.471441 0
    outer loop
      vertex 53.3425 94.2779 0
      vertex 53.7584 93.4999 4
      vertex 53.7584 93.4999 0
    endloop
  endfacet
  facet normal -0.881898 -0.471441 0
    outer loop
      vertex 61.6575 97.7221 0
      vertex 61.2416 98.5001 4
      vertex 61.2416 98.5001 0
    endloop
  endfacet
  facet normal -0.881898 -0.471441 0
    outer loop
      vertex 61.2416 98.5001 4
      vertex 61.6575 97.7221 0
      vertex 61.6575 97.7221 4
    endloop
  endfacet
  facet normal 0.471 -0.882133 0
    outer loop
      vertex 54.9999 99.7416 0
      vertex 55.7779 100.157 4
      vertex 54.9999 99.7416 4
    endloop
  endfacet
  facet normal 0.471 -0.882133 0
    outer loop
      vertex 55.7779 100.157 4
      vertex 54.9999 99.7416 0
      vertex 55.7779 100.157 0
    endloop
  endfacet
  facet normal -0.634379 -0.773022 0
    outer loop
      vertex 60.0001 99.7416 0
      vertex 60.682 99.182 4
      vertex 60.0001 99.7416 4
    endloop
  endfacet
  facet normal -0.634379 -0.773022 -0
    outer loop
      vertex 60.682 99.182 4
      vertex 60.0001 99.7416 0
      vertex 60.682 99.182 0
    endloop
  endfacet
  facet normal -0.471 -0.882133 0
    outer loop
      vertex 59.2221 100.157 0
      vertex 60.0001 99.7416 4
      vertex 59.2221 100.157 4
    endloop
  endfacet
  facet normal -0.471 -0.882133 -0
    outer loop
      vertex 60.0001 99.7416 4
      vertex 59.2221 100.157 0
      vertex 60.0001 99.7416 0
    endloop
  endfacet
  facet normal -0.773022 -0.634379 0
    outer loop
      vertex 61.2416 98.5001 0
      vertex 60.682 99.182 4
      vertex 60.682 99.182 0
    endloop
  endfacet
  facet normal -0.773022 -0.634379 0
    outer loop
      vertex 60.682 99.182 4
      vertex 61.2416 98.5001 0
      vertex 61.2416 98.5001 4
    endloop
  endfacet
  facet normal -0.773022 0.634379 0
    outer loop
      vertex 60.682 92.818 0
      vertex 61.2416 93.4999 4
      vertex 61.2416 93.4999 0
    endloop
  endfacet
  facet normal -0.773022 0.634379 0
    outer loop
      vertex 61.2416 93.4999 4
      vertex 60.682 92.818 0
      vertex 60.682 92.818 4
    endloop
  endfacet
  facet normal -0.471448 0.881894 0
    outer loop
      vertex 60.0001 92.2584 0
      vertex 59.75 92.1247 4
      vertex 60.0001 92.2584 4
    endloop
  endfacet
  facet normal -0.471448 0.881894 0
    outer loop
      vertex 59.75 92.1247 4
      vertex 60.0001 92.2584 0
      vertex 59.75 92.1247 0
    endloop
  endfacet
  facet normal 0.956967 -0.290196 0
    outer loop
      vertex 53.0865 96.8779 4
      vertex 53.3425 97.7221 0
      vertex 53.3425 97.7221 4
    endloop
  endfacet
  facet normal 0.956967 -0.290196 0
    outer loop
      vertex 53.3425 97.7221 0
      vertex 53.0865 96.8779 4
      vertex 53.0865 96.8779 0
    endloop
  endfacet
  facet normal -0.995181 0.0980558 0
    outer loop
      vertex 61.9135 95.1221 0
      vertex 62 96 4
      vertex 62 96 0
    endloop
  endfacet
  facet normal -0.995181 0.0980558 0
    outer loop
      vertex 62 96 4
      vertex 61.9135 95.1221 0
      vertex 61.9135 95.1221 4
    endloop
  endfacet
  facet normal 0.291234 -0.956652 0
    outer loop
      vertex 55.7779 100.157 0
      vertex 56.6221 100.414 4
      vertex 55.7779 100.157 4
    endloop
  endfacet
  facet normal 0.291234 -0.956652 0
    outer loop
      vertex 56.6221 100.414 4
      vertex 55.7779 100.157 0
      vertex 56.6221 100.414 0
    endloop
  endfacet
  facet normal 0.0974944 -0.995236 0
    outer loop
      vertex 56.6221 100.414 0
      vertex 57.5 100.5 4
      vertex 56.6221 100.414 4
    endloop
  endfacet
  facet normal 0.0974944 -0.995236 0
    outer loop
      vertex 57.5 100.5 4
      vertex 56.6221 100.414 0
      vertex 57.5 100.5 0
    endloop
  endfacet
  facet normal -0.881898 0.471441 0
    outer loop
      vertex 61.2416 93.4999 0
      vertex 61.6575 94.2779 4
      vertex 61.6575 94.2779 0
    endloop
  endfacet
  facet normal -0.881898 0.471441 0
    outer loop
      vertex 61.6575 94.2779 4
      vertex 61.2416 93.4999 0
      vertex 61.2416 93.4999 4
    endloop
  endfacet
  facet normal 0.881898 -0.471441 0
    outer loop
      vertex 53.3425 97.7221 4
      vertex 53.7584 98.5001 0
      vertex 53.7584 98.5001 4
    endloop
  endfacet
  facet normal 0.881898 -0.471441 0
    outer loop
      vertex 53.7584 98.5001 0
      vertex 53.3425 97.7221 4
      vertex 53.3425 97.7221 0
    endloop
  endfacet
  facet normal 0.956967 0.290196 0
    outer loop
      vertex 53.3425 94.2779 4
      vertex 53.0865 95.1221 0
      vertex 53.0865 95.1221 4
    endloop
  endfacet
  facet normal 0.956967 0.290196 0
    outer loop
      vertex 53.0865 95.1221 0
      vertex 53.3425 94.2779 4
      vertex 53.3425 94.2779 0
    endloop
  endfacet
  facet normal 0.995181 0.0980558 0
    outer loop
      vertex 53.0865 95.1221 4
      vertex 53 96 0
      vertex 53 96 4
    endloop
  endfacet
  facet normal 0.995181 0.0980558 0
    outer loop
      vertex 53 96 0
      vertex 53.0865 95.1221 4
      vertex 53.0865 95.1221 0
    endloop
  endfacet
  facet normal 0.773022 0.634379 0
    outer loop
      vertex 54.318 92.818 4
      vertex 53.7584 93.4999 0
      vertex 53.7584 93.4999 4
    endloop
  endfacet
  facet normal 0.773022 0.634379 0
    outer loop
      vertex 53.7584 93.4999 0
      vertex 54.318 92.818 4
      vertex 54.318 92.818 0
    endloop
  endfacet
  facet normal 0.471448 0.881894 -0
    outer loop
      vertex 55.25 92.1247 0
      vertex 54.9999 92.2584 4
      vertex 55.25 92.1247 4
    endloop
  endfacet
  facet normal 0.471448 0.881894 0
    outer loop
      vertex 54.9999 92.2584 4
      vertex 55.25 92.1247 0
      vertex 54.9999 92.2584 0
    endloop
  endfacet
  facet normal -1 0 0
    outer loop
      vertex 59.75 82 0
      vertex 59.75 92.1247 4
      vertex 59.75 92.1247 0
    endloop
  endfacet
  facet normal -1 -0 0
    outer loop
      vertex 59.75 92.1247 4
      vertex 59.75 82 0
      vertex 59.75 82 4
    endloop
  endfacet
  facet normal 1 -0 0
    outer loop
      vertex 55.25 82 4
      vertex 55.25 92.1247 0
      vertex 55.25 92.1247 4
    endloop
  endfacet
  facet normal 1 0 0
    outer loop
      vertex 55.25 92.1247 0
      vertex 55.25 82 4
      vertex 55.25 82 0
    endloop
  endfacet
  facet normal 0 1 -0
    outer loop
      vertex 59.75 82 0
      vertex 55.25 82 4
      vertex 59.75 82 4
    endloop
  endfacet
  facet normal 0 1 0
    outer loop
      vertex 55.25 82 4
      vertex 59.75 82 0
      vertex 55.25 82 0
    endloop
  endfacet
  facet normal 0.99145 -0.130485 0
    outer loop
      vertex 18.4 35 12
      vertex 18.4545 35.4141 1.99
      vertex 18.4545 35.4141 12
    endloop
  endfacet
  facet normal 0.99145 -0.130485 0
    outer loop
      vertex 18.4545 35.4141 1.99
      vertex 18.4 35 12
      vertex 18.4 35 1.99
    endloop
  endfacet
  facet normal -0.923833 -0.382796 0
    outer loop
      vertex 21.5455 35.4141 1.99
      vertex 21.3856 35.8 12
      vertex 21.3856 35.8 1.99
    endloop
  endfacet
  facet normal -0.923833 -0.382796 0
    outer loop
      vertex 21.3856 35.8 12
      vertex 21.5455 35.4141 1.99
      vertex 21.5455 35.4141 12
    endloop
  endfacet
  facet normal -0.99145 -0.130485 0
    outer loop
      vertex 21.6 35 1.99
      vertex 21.5455 35.4141 12
      vertex 21.5455 35.4141 1.99
    endloop
  endfacet
  facet normal -0.99145 -0.130485 0
    outer loop
      vertex 21.5455 35.4141 12
      vertex 21.6 35 1.99
      vertex 21.6 35 12
    endloop
  endfacet
  facet normal -0.79346 -0.608623 0
    outer loop
      vertex 21.3856 35.8 1.99
      vertex 21.1314 36.1314 12
      vertex 21.1314 36.1314 1.99
    endloop
  endfacet
  facet normal -0.79346 -0.608623 0
    outer loop
      vertex 21.1314 36.1314 12
      vertex 21.3856 35.8 1.99
      vertex 21.3856 35.8 12
    endloop
  endfacet
  facet normal -0.99145 0.130485 0
    outer loop
      vertex 21.5455 34.5859 1.99
      vertex 21.6 35 12
      vertex 21.6 35 1.99
    endloop
  endfacet
  facet normal -0.99145 0.130485 0
    outer loop
      vertex 21.6 35 12
      vertex 21.5455 34.5859 1.99
      vertex 21.5455 34.5859 12
    endloop
  endfacet
  facet normal -0.130485 0.99145 0
    outer loop
      vertex 20.4141 33.4545 1.99
      vertex 20 33.4 12
      vertex 20.4141 33.4545 12
    endloop
  endfacet
  facet normal -0.130485 0.99145 0
    outer loop
      vertex 20 33.4 12
      vertex 20.4141 33.4545 1.99
      vertex 20 33.4 1.99
    endloop
  endfacet
  facet normal 0.923833 -0.382796 0
    outer loop
      vertex 18.4545 35.4141 12
      vertex 18.6144 35.8 1.99
      vertex 18.6144 35.8 12
    endloop
  endfacet
  facet normal 0.923833 -0.382796 0
    outer loop
      vertex 18.6144 35.8 1.99
      vertex 18.4545 35.4141 12
      vertex 18.4545 35.4141 1.99
    endloop
  endfacet
  facet normal -0.608623 0.79346 0
    outer loop
      vertex 21.1314 33.8686 1.99
      vertex 20.8 33.6144 12
      vertex 21.1314 33.8686 12
    endloop
  endfacet
  facet normal -0.608623 0.79346 0
    outer loop
      vertex 20.8 33.6144 12
      vertex 21.1314 33.8686 1.99
      vertex 20.8 33.6144 1.99
    endloop
  endfacet
  facet normal -0.382796 -0.923833 0
    outer loop
      vertex 20.4141 36.5455 1.99
      vertex 20.8 36.3856 12
      vertex 20.4141 36.5455 12
    endloop
  endfacet
  facet normal -0.382796 -0.923833 -0
    outer loop
      vertex 20.8 36.3856 12
      vertex 20.4141 36.5455 1.99
      vertex 20.8 36.3856 1.99
    endloop
  endfacet
  facet normal 0.79346 -0.608623 0
    outer loop
      vertex 18.6144 35.8 12
      vertex 18.8686 36.1314 1.99
      vertex 18.8686 36.1314 12
    endloop
  endfacet
  facet normal 0.79346 -0.608623 0
    outer loop
      vertex 18.8686 36.1314 1.99
      vertex 18.6144 35.8 12
      vertex 18.6144 35.8 1.99
    endloop
  endfacet
  facet normal 0.923833 0.382796 0
    outer loop
      vertex 18.6144 34.2 12
      vertex 18.4545 34.5859 1.99
      vertex 18.4545 34.5859 12
    endloop
  endfacet
  facet normal 0.923833 0.382796 0
    outer loop
      vertex 18.4545 34.5859 1.99
      vertex 18.6144 34.2 12
      vertex 18.6144 34.2 1.99
    endloop
  endfacet
  facet normal -0.130485 -0.99145 0
    outer loop
      vertex 20 36.6 1.99
      vertex 20.4141 36.5455 12
      vertex 20 36.6 12
    endloop
  endfacet
  facet normal -0.130485 -0.99145 -0
    outer loop
      vertex 20.4141 36.5455 12
      vertex 20 36.6 1.99
      vertex 20.4141 36.5455 1.99
    endloop
  endfacet
  facet normal 0.382796 -0.923833 0
    outer loop
      vertex 19.2 36.3856 1.99
      vertex 19.5859 36.5455 12
      vertex 19.2 36.3856 12
    endloop
  endfacet
  facet normal 0.382796 -0.923833 0
    outer loop
      vertex 19.5859 36.5455 12
      vertex 19.2 36.3856 1.99
      vertex 19.5859 36.5455 1.99
    endloop
  endfacet
  facet normal 0.130485 -0.99145 0
    outer loop
      vertex 19.5859 36.5455 1.99
      vertex 20 36.6 12
      vertex 19.5859 36.5455 12
    endloop
  endfacet
  facet normal 0.130485 -0.99145 0
    outer loop
      vertex 20 36.6 12
      vertex 19.5859 36.5455 1.99
      vertex 20 36.6 1.99
    endloop
  endfacet
  facet normal 0.608623 0.79346 -0
    outer loop
      vertex 19.2 33.6144 1.99
      vertex 18.8686 33.8686 12
      vertex 19.2 33.6144 12
    endloop
  endfacet
  facet normal 0.608623 0.79346 0
    outer loop
      vertex 18.8686 33.8686 12
      vertex 19.2 33.6144 1.99
      vertex 18.8686 33.8686 1.99
    endloop
  endfacet
  facet normal 0.608623 -0.79346 0
    outer loop
      vertex 18.8686 36.1314 1.99
      vertex 19.2 36.3856 12
      vertex 18.8686 36.1314 12
    endloop
  endfacet
  facet normal 0.608623 -0.79346 0
    outer loop
      vertex 19.2 36.3856 12
      vertex 18.8686 36.1314 1.99
      vertex 19.2 36.3856 1.99
    endloop
  endfacet
  facet normal -0.923833 0.382796 0
    outer loop
      vertex 21.3856 34.2 1.99
      vertex 21.5455 34.5859 12
      vertex 21.5455 34.5859 1.99
    endloop
  endfacet
  facet normal -0.923833 0.382796 0
    outer loop
      vertex 21.5455 34.5859 12
      vertex 21.3856 34.2 1.99
      vertex 21.3856 34.2 12
    endloop
  endfacet
  facet normal -0.79346 0.608623 0
    outer loop
      vertex 21.1314 33.8686 1.99
      vertex 21.3856 34.2 12
      vertex 21.3856 34.2 1.99
    endloop
  endfacet
  facet normal -0.79346 0.608623 0
    outer loop
      vertex 21.3856 34.2 12
      vertex 21.1314 33.8686 1.99
      vertex 21.1314 33.8686 12
    endloop
  endfacet
  facet normal -0.608623 -0.79346 0
    outer loop
      vertex 20.8 36.3856 1.99
      vertex 21.1314 36.1314 12
      vertex 20.8 36.3856 12
    endloop
  endfacet
  facet normal -0.608623 -0.79346 -0
    outer loop
      vertex 21.1314 36.1314 12
      vertex 20.8 36.3856 1.99
      vertex 21.1314 36.1314 1.99
    endloop
  endfacet
  facet normal 0.99145 0.130485 0
    outer loop
      vertex 18.4545 34.5859 12
      vertex 18.4 35 1.99
      vertex 18.4 35 12
    endloop
  endfacet
  facet normal 0.99145 0.130485 0
    outer loop
      vertex 18.4 35 1.99
      vertex 18.4545 34.5859 12
      vertex 18.4545 34.5859 1.99
    endloop
  endfacet
  facet normal -0.382796 0.923833 0
    outer loop
      vertex 20.8 33.6144 1.99
      vertex 20.4141 33.4545 12
      vertex 20.8 33.6144 12
    endloop
  endfacet
  facet normal -0.382796 0.923833 0
    outer loop
      vertex 20.4141 33.4545 12
      vertex 20.8 33.6144 1.99
      vertex 20.4141 33.4545 1.99
    endloop
  endfacet
  facet normal 0.79346 0.608623 0
    outer loop
      vertex 18.8686 33.8686 12
      vertex 18.6144 34.2 1.99
      vertex 18.6144 34.2 12
    endloop
  endfacet
  facet normal 0.79346 0.608623 0
    outer loop
      vertex 18.6144 34.2 1.99
      vertex 18.8686 33.8686 12
      vertex 18.8686 33.8686 1.99
    endloop
  endfacet
  facet normal 0.382796 0.923833 -0
    outer loop
      vertex 19.5859 33.4545 1.99
      vertex 19.2 33.6144 12
      vertex 19.5859 33.4545 12
    endloop
  endfacet
  facet normal 0.382796 0.923833 0
    outer loop
      vertex 19.2 33.6144 12
      vertex 19.5859 33.4545 1.99
      vertex 19.2 33.6144 1.99
    endloop
  endfacet
  facet normal 0.130485 0.99145 -0
    outer loop
      vertex 20 33.4 1.99
      vertex 19.5859 33.4545 12
      vertex 20 33.4 12
    endloop
  endfacet
  facet normal 0.130485 0.99145 0
    outer loop
      vertex 19.5859 33.4545 12
      vertex 20 33.4 1.99
      vertex 19.5859 33.4545 1.99
    endloop
  endfacet
  facet normal 0.651802 -0.50008 -0.570153
    outer loop
      vertex 17.8836 37.1164 0
      vertex 18.8686 36.1314 1.99
      vertex 17.4093 36.4982 0
    endloop
  endfacet
  facet normal 0.314361 0.75902 -0.570145
    outer loop
      vertex 19.5859 33.4545 1.99
      vertex 19.2254 32.109 0
      vertex 18.5054 32.4072 0
    endloop
  endfacet
  facet normal 0.65245 -0.498933 -0.570417
    outer loop
      vertex 18.8686 36.1314 1.99
      vertex 17.408 36.4965 0
      vertex 17.4093 36.4982 0
    endloop
  endfacet
  facet normal 0.651848 -0.499999 -0.570171
    outer loop
      vertex 17.408 36.4965 0
      vertex 18.8686 36.1314 1.99
      vertex 18.6144 35.8 1.99
    endloop
  endfacet
  facet normal -0.813678 -0.11624 -0.569575
    outer loop
      vertex 21.6 35 1.99
      vertex 22.9927 35.0021 0
      vertex 22.993 35 0
    endloop
  endfacet
  facet normal -0.814516 -0.107199 -0.570151
    outer loop
      vertex 22.9927 35.0021 0
      vertex 21.6 35 1.99
      vertex 21.5455 35.4141 1.99
    endloop
  endfacet
  facet normal -0.814516 -0.107231 -0.570145
    outer loop
      vertex 22.891 35.7746 0
      vertex 22.9927 35.0021 0
      vertex 21.5455 35.4141 1.99
    endloop
  endfacet
  facet normal -0.107231 -0.814516 -0.570145
    outer loop
      vertex 20.7746 37.891 0
      vertex 20.4141 36.5455 1.99
      vertex 20.0021 37.9927 0
    endloop
  endfacet
  facet normal -0.75902 0.314361 -0.570145
    outer loop
      vertex 22.891 34.2254 0
      vertex 22.5928 33.5054 0
      vertex 21.5455 34.5859 1.99
    endloop
  endfacet
  facet normal 0.107199 -0.814516 -0.570151
    outer loop
      vertex 19.9979 37.9927 0
      vertex 20 36.6 1.99
      vertex 19.5859 36.5455 1.99
    endloop
  endfacet
  facet normal 0.11624 -0.813678 -0.569575
    outer loop
      vertex 20 36.6 1.99
      vertex 19.9979 37.9927 0
      vertex 20 37.993 0
    endloop
  endfacet
  facet normal 0.11624 0.813678 -0.569575
    outer loop
      vertex 19.9979 32.0073 0
      vertex 20 33.4 1.99
      vertex 20 32.007 0
    endloop
  endfacet
  facet normal 0.107199 0.814516 -0.570151
    outer loop
      vertex 20 33.4 1.99
      vertex 19.9979 32.0073 0
      vertex 19.5859 33.4545 1.99
    endloop
  endfacet
  facet normal 0.814516 -0.107231 -0.570145
    outer loop
      vertex 17.109 35.7746 0
      vertex 18.4545 35.4141 1.99
      vertex 17.0073 35.0021 0
    endloop
  endfacet
  facet normal 0.651802 0.50008 -0.570153
    outer loop
      vertex 18.8686 33.8686 1.99
      vertex 17.8836 32.8836 0
      vertex 17.4093 33.5018 0
    endloop
  endfacet
  facet normal -0.50008 0.651802 -0.570153
    outer loop
      vertex 22.1164 32.8836 0
      vertex 21.4982 32.4093 0
      vertex 21.1314 33.8686 1.99
    endloop
  endfacet
  facet normal 0.498933 -0.65245 -0.570417
    outer loop
      vertex 18.5035 37.592 0
      vertex 18.8686 36.1314 1.99
      vertex 18.5018 37.5907 0
    endloop
  endfacet
  facet normal 0.499999 -0.651848 -0.570171
    outer loop
      vertex 18.8686 36.1314 1.99
      vertex 18.5035 37.592 0
      vertex 19.2 36.3856 1.99
    endloop
  endfacet
  facet normal -0.314361 0.75902 -0.570145
    outer loop
      vertex 21.4946 32.4072 0
      vertex 20.7746 32.109 0
      vertex 20.4141 33.4545 1.99
    endloop
  endfacet
  facet normal -0.498933 0.65245 -0.570417
    outer loop
      vertex 21.4965 32.408 0
      vertex 21.1314 33.8686 1.99
      vertex 21.4982 32.4093 0
    endloop
  endfacet
  facet normal -0.499999 0.651848 -0.570171
    outer loop
      vertex 21.1314 33.8686 1.99
      vertex 21.4965 32.408 0
      vertex 20.8 33.6144 1.99
    endloop
  endfacet
  facet normal -0.75902 -0.314361 -0.570145
    outer loop
      vertex 22.5928 36.4946 0
      vertex 22.891 35.7746 0
      vertex 21.5455 35.4141 1.99
    endloop
  endfacet
  facet normal -0.314361 -0.75902 -0.570145
    outer loop
      vertex 20.7746 37.891 0
      vertex 21.4946 37.5928 0
      vertex 20.4141 36.5455 1.99
    endloop
  endfacet
  facet normal -0.651848 0.499999 -0.570171
    outer loop
      vertex 22.592 33.5035 0
      vertex 21.1314 33.8686 1.99
      vertex 21.3856 34.2 1.99
    endloop
  endfacet
  facet normal -0.65245 0.498933 -0.570417
    outer loop
      vertex 21.1314 33.8686 1.99
      vertex 22.592 33.5035 0
      vertex 22.5907 33.5018 0
    endloop
  endfacet
  facet normal -0.65245 -0.498933 -0.570417
    outer loop
      vertex 22.592 36.4965 0
      vertex 21.1314 36.1314 1.99
      vertex 22.5907 36.4982 0
    endloop
  endfacet
  facet normal -0.651848 -0.499999 -0.570171
    outer loop
      vertex 21.1314 36.1314 1.99
      vertex 22.592 36.4965 0
      vertex 21.3856 35.8 1.99
    endloop
  endfacet
  facet normal -0.499999 -0.651848 -0.570171
    outer loop
      vertex 21.4965 37.592 0
      vertex 21.1314 36.1314 1.99
      vertex 20.8 36.3856 1.99
    endloop
  endfacet
  facet normal -0.498933 -0.65245 -0.570417
    outer loop
      vertex 21.1314 36.1314 1.99
      vertex 21.4965 37.592 0
      vertex 21.4982 37.5907 0
    endloop
  endfacet
  facet normal 0.814516 0.107231 -0.570145
    outer loop
      vertex 18.4545 34.5859 1.99
      vertex 17.109 34.2254 0
      vertex 17.0073 34.9979 0
    endloop
  endfacet
  facet normal 0.314476 0.758952 -0.570172
    outer loop
      vertex 18.5054 32.4072 0
      vertex 19.2 33.6144 1.99
      vertex 19.5859 33.4545 1.99
    endloop
  endfacet
  facet normal 0.318723 0.756968 -0.570451
    outer loop
      vertex 19.2 33.6144 1.99
      vertex 18.5054 32.4072 0
      vertex 18.5035 32.408 0
    endloop
  endfacet
  facet normal 0.50008 0.651802 -0.570153
    outer loop
      vertex 18.8686 33.8686 1.99
      vertex 18.5018 32.4093 0
      vertex 17.8836 32.8836 0
    endloop
  endfacet
  facet normal -0.651802 0.50008 -0.570153
    outer loop
      vertex 22.5907 33.5018 0
      vertex 22.1164 32.8836 0
      vertex 21.1314 33.8686 1.99
    endloop
  endfacet
  facet normal -0.107231 0.814516 -0.570145
    outer loop
      vertex 20.4141 33.4545 1.99
      vertex 20.7746 32.109 0
      vertex 20.0021 32.0073 0
    endloop
  endfacet
  facet normal 0.758952 0.314476 -0.570172
    outer loop
      vertex 18.6144 34.2 1.99
      vertex 17.4072 33.5054 0
      vertex 18.4545 34.5859 1.99
    endloop
  endfacet
  facet normal 0.756968 0.318723 -0.570451
    outer loop
      vertex 17.4072 33.5054 0
      vertex 18.6144 34.2 1.99
      vertex 17.408 33.5035 0
    endloop
  endfacet
  facet normal 0.651848 0.499999 -0.570171
    outer loop
      vertex 18.8686 33.8686 1.99
      vertex 17.408 33.5035 0
      vertex 18.6144 34.2 1.99
    endloop
  endfacet
  facet normal 0.65245 0.498933 -0.570417
    outer loop
      vertex 17.408 33.5035 0
      vertex 18.8686 33.8686 1.99
      vertex 17.4093 33.5018 0
    endloop
  endfacet
  facet normal 0.314361 -0.75902 -0.570145
    outer loop
      vertex 19.2254 37.891 0
      vertex 19.5859 36.5455 1.99
      vertex 18.5054 37.5928 0
    endloop
  endfacet
  facet normal 0.75902 0.314361 -0.570145
    outer loop
      vertex 18.4545 34.5859 1.99
      vertex 17.4072 33.5054 0
      vertex 17.109 34.2254 0
    endloop
  endfacet
  facet normal 0.107231 0.814516 -0.570145
    outer loop
      vertex 19.5859 33.4545 1.99
      vertex 19.9979 32.0073 0
      vertex 19.2254 32.109 0
    endloop
  endfacet
  facet normal -0.756968 -0.318723 -0.570451
    outer loop
      vertex 22.5928 36.4946 0
      vertex 21.3856 35.8 1.99
      vertex 22.592 36.4965 0
    endloop
  endfacet
  facet normal -0.758952 -0.314476 -0.570172
    outer loop
      vertex 21.3856 35.8 1.99
      vertex 22.5928 36.4946 0
      vertex 21.5455 35.4141 1.99
    endloop
  endfacet
  facet normal 0.50008 -0.651802 -0.570153
    outer loop
      vertex 18.5018 37.5907 0
      vertex 18.8686 36.1314 1.99
      vertex 17.8836 37.1164 0
    endloop
  endfacet
  facet normal -0.107199 0.814516 -0.570151
    outer loop
      vertex 20.0021 32.0073 0
      vertex 20 33.4 1.99
      vertex 20.4141 33.4545 1.99
    endloop
  endfacet
  facet normal -0.11624 0.813678 -0.569575
    outer loop
      vertex 20 33.4 1.99
      vertex 20.0021 32.0073 0
      vertex 20 32.007 0
    endloop
  endfacet
  facet normal 0.107231 -0.814516 -0.570145
    outer loop
      vertex 19.9979 37.9927 0
      vertex 19.5859 36.5455 1.99
      vertex 19.2254 37.891 0
    endloop
  endfacet
  facet normal -0.50008 -0.651802 -0.570153
    outer loop
      vertex 21.4982 37.5907 0
      vertex 22.1164 37.1164 0
      vertex 21.1314 36.1314 1.99
    endloop
  endfacet
  facet normal -0.814516 0.107231 -0.570145
    outer loop
      vertex 22.9927 34.9979 0
      vertex 22.891 34.2254 0
      vertex 21.5455 34.5859 1.99
    endloop
  endfacet
  facet normal -0.813678 0.11624 -0.569575
    outer loop
      vertex 22.9927 34.9979 0
      vertex 21.6 35 1.99
      vertex 22.993 35 0
    endloop
  endfacet
  facet normal -0.814516 0.107199 -0.570151
    outer loop
      vertex 21.6 35 1.99
      vertex 22.9927 34.9979 0
      vertex 21.5455 34.5859 1.99
    endloop
  endfacet
  facet normal -0.11624 -0.813678 -0.569575
    outer loop
      vertex 20.0021 37.9927 0
      vertex 20 36.6 1.99
      vertex 20 37.993 0
    endloop
  endfacet
  facet normal -0.107199 -0.814516 -0.570151
    outer loop
      vertex 20 36.6 1.99
      vertex 20.0021 37.9927 0
      vertex 20.4141 36.5455 1.99
    endloop
  endfacet
  facet normal -0.314476 -0.758952 -0.570172
    outer loop
      vertex 21.4946 37.5928 0
      vertex 20.8 36.3856 1.99
      vertex 20.4141 36.5455 1.99
    endloop
  endfacet
  facet normal -0.318723 -0.756968 -0.570451
    outer loop
      vertex 20.8 36.3856 1.99
      vertex 21.4946 37.5928 0
      vertex 21.4965 37.592 0
    endloop
  endfacet
  facet normal 0.318723 -0.756968 -0.570451
    outer loop
      vertex 18.5054 37.5928 0
      vertex 19.2 36.3856 1.99
      vertex 18.5035 37.592 0
    endloop
  endfacet
  facet normal 0.314476 -0.758952 -0.570172
    outer loop
      vertex 19.2 36.3856 1.99
      vertex 18.5054 37.5928 0
      vertex 19.5859 36.5455 1.99
    endloop
  endfacet
  facet normal -0.651802 -0.50008 -0.570153
    outer loop
      vertex 22.1164 37.1164 0
      vertex 22.5907 36.4982 0
      vertex 21.1314 36.1314 1.99
    endloop
  endfacet
  facet normal 0.813678 0.11624 -0.569575
    outer loop
      vertex 18.4 35 1.99
      vertex 17.0073 34.9979 0
      vertex 17.007 35 0
    endloop
  endfacet
  facet normal 0.814516 0.107199 -0.570151
    outer loop
      vertex 17.0073 34.9979 0
      vertex 18.4 35 1.99
      vertex 18.4545 34.5859 1.99
    endloop
  endfacet
  facet normal 0.75902 -0.314361 -0.570145
    outer loop
      vertex 17.4072 36.4946 0
      vertex 18.4545 35.4141 1.99
      vertex 17.109 35.7746 0
    endloop
  endfacet
  facet normal -0.318723 0.756968 -0.570451
    outer loop
      vertex 21.4946 32.4072 0
      vertex 20.8 33.6144 1.99
      vertex 21.4965 32.408 0
    endloop
  endfacet
  facet normal -0.314476 0.758952 -0.570172
    outer loop
      vertex 20.8 33.6144 1.99
      vertex 21.4946 32.4072 0
      vertex 20.4141 33.4545 1.99
    endloop
  endfacet
  facet normal 0.814516 -0.107199 -0.570151
    outer loop
      vertex 18.4 35 1.99
      vertex 17.0073 35.0021 0
      vertex 18.4545 35.4141 1.99
    endloop
  endfacet
  facet normal 0.813678 -0.11624 -0.569575
    outer loop
      vertex 17.0073 35.0021 0
      vertex 18.4 35 1.99
      vertex 17.007 35 0
    endloop
  endfacet
  facet normal -0.758952 0.314476 -0.570172
    outer loop
      vertex 22.5928 33.5054 0
      vertex 21.3856 34.2 1.99
      vertex 21.5455 34.5859 1.99
    endloop
  endfacet
  facet normal -0.756968 0.318723 -0.570451
    outer loop
      vertex 21.3856 34.2 1.99
      vertex 22.5928 33.5054 0
      vertex 22.592 33.5035 0
    endloop
  endfacet
  facet normal 0.499999 0.651848 -0.570171
    outer loop
      vertex 18.5035 32.408 0
      vertex 18.8686 33.8686 1.99
      vertex 19.2 33.6144 1.99
    endloop
  endfacet
  facet normal 0.498933 0.65245 -0.570417
    outer loop
      vertex 18.8686 33.8686 1.99
      vertex 18.5035 32.408 0
      vertex 18.5018 32.4093 0
    endloop
  endfacet
  facet normal 0.756968 -0.318723 -0.570451
    outer loop
      vertex 18.6144 35.8 1.99
      vertex 17.4072 36.4946 0
      vertex 17.408 36.4965 0
    endloop
  endfacet
  facet normal 0.758952 -0.314476 -0.570172
    outer loop
      vertex 17.4072 36.4946 0
      vertex 18.6144 35.8 1.99
      vertex 18.4545 35.4141 1.99
    endloop
  endfacet
  facet normal 0.99145 -0.130485 0
    outer loop
      vertex 18.4 70 12
      vertex 18.4545 70.4141 1.99
      vertex 18.4545 70.4141 12
    endloop
  endfacet
  facet normal 0.99145 -0.130485 0
    outer loop
      vertex 18.4545 70.4141 1.99
      vertex 18.4 70 12
      vertex 18.4 70 1.99
    endloop
  endfacet
  facet normal -0.923833 -0.382796 0
    outer loop
      vertex 21.5455 70.4141 1.99
      vertex 21.3856 70.8 12
      vertex 21.3856 70.8 1.99
    endloop
  endfacet
  facet normal -0.923833 -0.382796 0
    outer loop
      vertex 21.3856 70.8 12
      vertex 21.5455 70.4141 1.99
      vertex 21.5455 70.4141 12
    endloop
  endfacet
  facet normal -0.99145 -0.130485 0
    outer loop
      vertex 21.6 70 1.99
      vertex 21.5455 70.4141 12
      vertex 21.5455 70.4141 1.99
    endloop
  endfacet
  facet normal -0.99145 -0.130485 0
    outer loop
      vertex 21.5455 70.4141 12
      vertex 21.6 70 1.99
      vertex 21.6 70 12
    endloop
  endfacet
  facet normal -0.79346 -0.608623 0
    outer loop
      vertex 21.3856 70.8 1.99
      vertex 21.1314 71.1314 12
      vertex 21.1314 71.1314 1.99
    endloop
  endfacet
  facet normal -0.79346 -0.608623 0
    outer loop
      vertex 21.1314 71.1314 12
      vertex 21.3856 70.8 1.99
      vertex 21.3856 70.8 12
    endloop
  endfacet
  facet normal -0.99145 0.130485 0
    outer loop
      vertex 21.5455 69.5859 1.99
      vertex 21.6 70 12
      vertex 21.6 70 1.99
    endloop
  endfacet
  facet normal -0.99145 0.130485 0
    outer loop
      vertex 21.6 70 12
      vertex 21.5455 69.5859 1.99
      vertex 21.5455 69.5859 12
    endloop
  endfacet
  facet normal -0.130485 0.99145 0
    outer loop
      vertex 20.4141 68.4545 1.99
      vertex 20 68.4 12
      vertex 20.4141 68.4545 12
    endloop
  endfacet
  facet normal -0.130485 0.99145 0
    outer loop
      vertex 20 68.4 12
      vertex 20.4141 68.4545 1.99
      vertex 20 68.4 1.99
    endloop
  endfacet
  facet normal 0.923833 -0.382796 0
    outer loop
      vertex 18.4545 70.4141 12
      vertex 18.6144 70.8 1.99
      vertex 18.6144 70.8 12
    endloop
  endfacet
  facet normal 0.923833 -0.382796 0
    outer loop
      vertex 18.6144 70.8 1.99
      vertex 18.4545 70.4141 12
      vertex 18.4545 70.4141 1.99
    endloop
  endfacet
  facet normal -0.608623 0.79346 0
    outer loop
      vertex 21.1314 68.8686 1.99
      vertex 20.8 68.6144 12
      vertex 21.1314 68.8686 12
    endloop
  endfacet
  facet normal -0.608623 0.79346 0
    outer loop
      vertex 20.8 68.6144 12
      vertex 21.1314 68.8686 1.99
      vertex 20.8 68.6144 1.99
    endloop
  endfacet
  facet normal -0.382796 -0.923833 0
    outer loop
      vertex 20.4141 71.5455 1.99
      vertex 20.8 71.3856 12
      vertex 20.4141 71.5455 12
    endloop
  endfacet
  facet normal -0.382796 -0.923833 -0
    outer loop
      vertex 20.8 71.3856 12
      vertex 20.4141 71.5455 1.99
      vertex 20.8 71.3856 1.99
    endloop
  endfacet
  facet normal 0.923833 0.382796 0
    outer loop
      vertex 18.6144 69.2 12
      vertex 18.4545 69.5859 1.99
      vertex 18.4545 69.5859 12
    endloop
  endfacet
  facet normal 0.923833 0.382796 0
    outer loop
      vertex 18.4545 69.5859 1.99
      vertex 18.6144 69.2 12
      vertex 18.6144 69.2 1.99
    endloop
  endfacet
  facet normal -0.130485 -0.99145 0
    outer loop
      vertex 20 71.6 1.99
      vertex 20.4141 71.5455 12
      vertex 20 71.6 12
    endloop
  endfacet
  facet normal -0.130485 -0.99145 -0
    outer loop
      vertex 20.4141 71.5455 12
      vertex 20 71.6 1.99
      vertex 20.4141 71.5455 1.99
    endloop
  endfacet
  facet normal 0.382796 -0.923833 0
    outer loop
      vertex 19.2 71.3856 1.99
      vertex 19.5859 71.5455 12
      vertex 19.2 71.3856 12
    endloop
  endfacet
  facet normal 0.382796 -0.923833 0
    outer loop
      vertex 19.5859 71.5455 12
      vertex 19.2 71.3856 1.99
      vertex 19.5859 71.5455 1.99
    endloop
  endfacet
  facet normal 0.130485 -0.99145 0
    outer loop
      vertex 19.5859 71.5455 1.99
      vertex 20 71.6 12
      vertex 19.5859 71.5455 12
    endloop
  endfacet
  facet normal 0.130485 -0.99145 0
    outer loop
      vertex 20 71.6 12
      vertex 19.5859 71.5455 1.99
      vertex 20 71.6 1.99
    endloop
  endfacet
  facet normal 0.608623 0.79346 -0
    outer loop
      vertex 19.2 68.6144 1.99
      vertex 18.8686 68.8686 12
      vertex 19.2 68.6144 12
    endloop
  endfacet
  facet normal 0.608623 0.79346 0
    outer loop
      vertex 18.8686 68.8686 12
      vertex 19.2 68.6144 1.99
      vertex 18.8686 68.8686 1.99
    endloop
  endfacet
  facet normal 0.608623 -0.79346 0
    outer loop
      vertex 18.8686 71.1314 1.99
      vertex 19.2 71.3856 12
      vertex 18.8686 71.1314 12
    endloop
  endfacet
  facet normal 0.608623 -0.79346 0
    outer loop
      vertex 19.2 71.3856 12
      vertex 18.8686 71.1314 1.99
      vertex 19.2 71.3856 1.99
    endloop
  endfacet
  facet normal -0.923833 0.382796 0
    outer loop
      vertex 21.3856 69.2 1.99
      vertex 21.5455 69.5859 12
      vertex 21.5455 69.5859 1.99
    endloop
  endfacet
  facet normal -0.923833 0.382796 0
    outer loop
      vertex 21.5455 69.5859 12
      vertex 21.3856 69.2 1.99
      vertex 21.3856 69.2 12
    endloop
  endfacet
  facet normal -0.79346 0.608623 0
    outer loop
      vertex 21.1314 68.8686 1.99
      vertex 21.3856 69.2 12
      vertex 21.3856 69.2 1.99
    endloop
  endfacet
  facet normal -0.79346 0.608623 0
    outer loop
      vertex 21.3856 69.2 12
      vertex 21.1314 68.8686 1.99
      vertex 21.1314 68.8686 12
    endloop
  endfacet
  facet normal -0.608623 -0.79346 0
    outer loop
      vertex 20.8 71.3856 1.99
      vertex 21.1314 71.1314 12
      vertex 20.8 71.3856 12
    endloop
  endfacet
  facet normal -0.608623 -0.79346 -0
    outer loop
      vertex 21.1314 71.1314 12
      vertex 20.8 71.3856 1.99
      vertex 21.1314 71.1314 1.99
    endloop
  endfacet
  facet normal 0.99145 0.130485 0
    outer loop
      vertex 18.4545 69.5859 12
      vertex 18.4 70 1.99
      vertex 18.4 70 12
    endloop
  endfacet
  facet normal 0.99145 0.130485 0
    outer loop
      vertex 18.4 70 1.99
      vertex 18.4545 69.5859 12
      vertex 18.4545 69.5859 1.99
    endloop
  endfacet
  facet normal -0.382796 0.923833 0
    outer loop
      vertex 20.8 68.6144 1.99
      vertex 20.4141 68.4545 12
      vertex 20.8 68.6144 12
    endloop
  endfacet
  facet normal -0.382796 0.923833 0
    outer loop
      vertex 20.4141 68.4545 12
      vertex 20.8 68.6144 1.99
      vertex 20.4141 68.4545 1.99
    endloop
  endfacet
  facet normal 0.79346 0.608623 0
    outer loop
      vertex 18.8686 68.8686 12
      vertex 18.6144 69.2 1.99
      vertex 18.6144 69.2 12
    endloop
  endfacet
  facet normal 0.79346 0.608623 0
    outer loop
      vertex 18.6144 69.2 1.99
      vertex 18.8686 68.8686 12
      vertex 18.8686 68.8686 1.99
    endloop
  endfacet
  facet normal 0.382796 0.923833 -0
    outer loop
      vertex 19.5859 68.4545 1.99
      vertex 19.2 68.6144 12
      vertex 19.5859 68.4545 12
    endloop
  endfacet
  facet normal 0.382796 0.923833 0
    outer loop
      vertex 19.2 68.6144 12
      vertex 19.5859 68.4545 1.99
      vertex 19.2 68.6144 1.99
    endloop
  endfacet
  facet normal 0.130485 0.99145 -0
    outer loop
      vertex 20 68.4 1.99
      vertex 19.5859 68.4545 12
      vertex 20 68.4 12
    endloop
  endfacet
  facet normal 0.130485 0.99145 0
    outer loop
      vertex 19.5859 68.4545 12
      vertex 20 68.4 1.99
      vertex 19.5859 68.4545 1.99
    endloop
  endfacet
  facet normal 0.79346 -0.608623 0
    outer loop
      vertex 18.6144 70.8 12
      vertex 18.8686 71.1314 1.99
      vertex 18.8686 71.1314 12
    endloop
  endfacet
  facet normal 0.79346 -0.608623 0
    outer loop
      vertex 18.8686 71.1314 1.99
      vertex 18.6144 70.8 12
      vertex 18.6144 70.8 1.99
    endloop
  endfacet
  facet normal 0.651802 -0.50008 -0.570153
    outer loop
      vertex 17.8836 72.1164 0
      vertex 18.8686 71.1314 1.99
      vertex 17.4093 71.4982 0
    endloop
  endfacet
  facet normal 0.314361 0.75902 -0.570145
    outer loop
      vertex 19.5859 68.4545 1.99
      vertex 19.2254 67.109 0
      vertex 18.5054 67.4072 0
    endloop
  endfacet
  facet normal 0.65245 -0.498933 -0.570417
    outer loop
      vertex 18.8686 71.1314 1.99
      vertex 17.408 71.4965 0
      vertex 17.4093 71.4982 0
    endloop
  endfacet
  facet normal 0.651848 -0.499999 -0.570171
    outer loop
      vertex 17.408 71.4965 0
      vertex 18.8686 71.1314 1.99
      vertex 18.6144 70.8 1.99
    endloop
  endfacet
  facet normal -0.813678 -0.11624 -0.569575
    outer loop
      vertex 21.6 70 1.99
      vertex 22.9927 70.0021 0
      vertex 22.993 70 0
    endloop
  endfacet
  facet normal -0.814516 -0.107199 -0.570151
    outer loop
      vertex 22.9927 70.0021 0
      vertex 21.6 70 1.99
      vertex 21.5455 70.4141 1.99
    endloop
  endfacet
  facet normal -0.814516 -0.107231 -0.570145
    outer loop
      vertex 22.891 70.7746 0
      vertex 22.9927 70.0021 0
      vertex 21.5455 70.4141 1.99
    endloop
  endfacet
  facet normal -0.107231 -0.814516 -0.570145
    outer loop
      vertex 20.7746 72.891 0
      vertex 20.4141 71.5455 1.99
      vertex 20.0021 72.9927 0
    endloop
  endfacet
  facet normal -0.75902 0.314361 -0.570145
    outer loop
      vertex 22.891 69.2254 0
      vertex 22.5928 68.5054 0
      vertex 21.5455 69.5859 1.99
    endloop
  endfacet
  facet normal 0.107199 -0.814516 -0.570151
    outer loop
      vertex 19.9979 72.9927 0
      vertex 20 71.6 1.99
      vertex 19.5859 71.5455 1.99
    endloop
  endfacet
  facet normal 0.11624 -0.813678 -0.569575
    outer loop
      vertex 20 71.6 1.99
      vertex 19.9979 72.9927 0
      vertex 20 72.993 0
    endloop
  endfacet
  facet normal 0.11624 0.813678 -0.569575
    outer loop
      vertex 19.9979 67.0073 0
      vertex 20 68.4 1.99
      vertex 20 67.007 0
    endloop
  endfacet
  facet normal 0.107199 0.814516 -0.570151
    outer loop
      vertex 20 68.4 1.99
      vertex 19.9979 67.0073 0
      vertex 19.5859 68.4545 1.99
    endloop
  endfacet
  facet normal 0.814516 -0.107231 -0.570145
    outer loop
      vertex 17.109 70.7746 0
      vertex 18.4545 70.4141 1.99
      vertex 17.0073 70.0021 0
    endloop
  endfacet
  facet normal 0.651802 0.50008 -0.570153
    outer loop
      vertex 18.8686 68.8686 1.99
      vertex 17.8836 67.8836 0
      vertex 17.4093 68.5018 0
    endloop
  endfacet
  facet normal -0.50008 0.651802 -0.570153
    outer loop
      vertex 22.1164 67.8836 0
      vertex 21.4982 67.4093 0
      vertex 21.1314 68.8686 1.99
    endloop
  endfacet
  facet normal 0.498933 -0.65245 -0.570417
    outer loop
      vertex 18.5035 72.592 0
      vertex 18.8686 71.1314 1.99
      vertex 18.5018 72.5907 0
    endloop
  endfacet
  facet normal 0.499999 -0.651848 -0.570171
    outer loop
      vertex 18.8686 71.1314 1.99
      vertex 18.5035 72.592 0
      vertex 19.2 71.3856 1.99
    endloop
  endfacet
  facet normal -0.314361 0.75902 -0.570145
    outer loop
      vertex 21.4946 67.4072 0
      vertex 20.7746 67.109 0
      vertex 20.4141 68.4545 1.99
    endloop
  endfacet
  facet normal -0.498933 0.65245 -0.570417
    outer loop
      vertex 21.4965 67.408 0
      vertex 21.1314 68.8686 1.99
      vertex 21.4982 67.4093 0
    endloop
  endfacet
  facet normal -0.499999 0.651848 -0.570171
    outer loop
      vertex 21.1314 68.8686 1.99
      vertex 21.4965 67.408 0
      vertex 20.8 68.6144 1.99
    endloop
  endfacet
  facet normal -0.75902 -0.314361 -0.570145
    outer loop
      vertex 22.5928 71.4946 0
      vertex 22.891 70.7746 0
      vertex 21.5455 70.4141 1.99
    endloop
  endfacet
  facet normal -0.314361 -0.75902 -0.570145
    outer loop
      vertex 20.7746 72.891 0
      vertex 21.4946 72.5928 0
      vertex 20.4141 71.5455 1.99
    endloop
  endfacet
  facet normal -0.651848 0.499999 -0.570171
    outer loop
      vertex 22.592 68.5035 0
      vertex 21.1314 68.8686 1.99
      vertex 21.3856 69.2 1.99
    endloop
  endfacet
  facet normal -0.65245 0.498933 -0.570417
    outer loop
      vertex 21.1314 68.8686 1.99
      vertex 22.592 68.5035 0
      vertex 22.5907 68.5018 0
    endloop
  endfacet
  facet normal -0.65245 -0.498933 -0.570417
    outer loop
      vertex 22.592 71.4965 0
      vertex 21.1314 71.1314 1.99
      vertex 22.5907 71.4982 0
    endloop
  endfacet
  facet normal -0.651848 -0.499999 -0.570171
    outer loop
      vertex 21.1314 71.1314 1.99
      vertex 22.592 71.4965 0
      vertex 21.3856 70.8 1.99
    endloop
  endfacet
  facet normal -0.499999 -0.651848 -0.570171
    outer loop
      vertex 21.4965 72.592 0
      vertex 21.1314 71.1314 1.99
      vertex 20.8 71.3856 1.99
    endloop
  endfacet
  facet normal -0.498933 -0.65245 -0.570417
    outer loop
      vertex 21.1314 71.1314 1.99
      vertex 21.4965 72.592 0
      vertex 21.4982 72.5907 0
    endloop
  endfacet
  facet normal 0.814516 0.107231 -0.570145
    outer loop
      vertex 18.4545 69.5859 1.99
      vertex 17.109 69.2254 0
      vertex 17.0073 69.9979 0
    endloop
  endfacet
  facet normal 0.314476 0.758952 -0.570172
    outer loop
      vertex 18.5054 67.4072 0
      vertex 19.2 68.6144 1.99
      vertex 19.5859 68.4545 1.99
    endloop
  endfacet
  facet normal 0.318723 0.756968 -0.570451
    outer loop
      vertex 19.2 68.6144 1.99
      vertex 18.5054 67.4072 0
      vertex 18.5035 67.408 0
    endloop
  endfacet
  facet normal 0.50008 0.651802 -0.570153
    outer loop
      vertex 18.8686 68.8686 1.99
      vertex 18.5018 67.4093 0
      vertex 17.8836 67.8836 0
    endloop
  endfacet
  facet normal -0.651802 0.50008 -0.570153
    outer loop
      vertex 22.5907 68.5018 0
      vertex 22.1164 67.8836 0
      vertex 21.1314 68.8686 1.99
    endloop
  endfacet
  facet normal -0.107231 0.814516 -0.570145
    outer loop
      vertex 20.4141 68.4545 1.99
      vertex 20.7746 67.109 0
      vertex 20.0021 67.0073 0
    endloop
  endfacet
  facet normal 0.758952 0.314476 -0.570172
    outer loop
      vertex 18.6144 69.2 1.99
      vertex 17.4072 68.5054 0
      vertex 18.4545 69.5859 1.99
    endloop
  endfacet
  facet normal 0.756968 0.318723 -0.570451
    outer loop
      vertex 17.4072 68.5054 0
      vertex 18.6144 69.2 1.99
      vertex 17.408 68.5035 0
    endloop
  endfacet
  facet normal 0.651848 0.499999 -0.570171
    outer loop
      vertex 18.8686 68.8686 1.99
      vertex 17.408 68.5035 0
      vertex 18.6144 69.2 1.99
    endloop
  endfacet
  facet normal 0.65245 0.498933 -0.570417
    outer loop
      vertex 17.408 68.5035 0
      vertex 18.8686 68.8686 1.99
      vertex 17.4093 68.5018 0
    endloop
  endfacet
  facet normal 0.314361 -0.75902 -0.570145
    outer loop
      vertex 19.2254 72.891 0
      vertex 19.5859 71.5455 1.99
      vertex 18.5054 72.5928 0
    endloop
  endfacet
  facet normal 0.75902 0.314361 -0.570145
    outer loop
      vertex 18.4545 69.5859 1.99
      vertex 17.4072 68.5054 0
      vertex 17.109 69.2254 0
    endloop
  endfacet
  facet normal 0.107231 0.814516 -0.570145
    outer loop
      vertex 19.5859 68.4545 1.99
      vertex 19.9979 67.0073 0
      vertex 19.2254 67.109 0
    endloop
  endfacet
  facet normal -0.756968 -0.318723 -0.570451
    outer loop
      vertex 22.5928 71.4946 0
      vertex 21.3856 70.8 1.99
      vertex 22.592 71.4965 0
    endloop
  endfacet
  facet normal -0.758952 -0.314476 -0.570172
    outer loop
      vertex 21.3856 70.8 1.99
      vertex 22.5928 71.4946 0
      vertex 21.5455 70.4141 1.99
    endloop
  endfacet
  facet normal 0.50008 -0.651802 -0.570153
    outer loop
      vertex 18.5018 72.5907 0
      vertex 18.8686 71.1314 1.99
      vertex 17.8836 72.1164 0
    endloop
  endfacet
  facet normal -0.107199 0.814516 -0.570151
    outer loop
      vertex 20.0021 67.0073 0
      vertex 20 68.4 1.99
      vertex 20.4141 68.4545 1.99
    endloop
  endfacet
  facet normal -0.11624 0.813678 -0.569575
    outer loop
      vertex 20 68.4 1.99
      vertex 20.0021 67.0073 0
      vertex 20 67.007 0
    endloop
  endfacet
  facet normal 0.107231 -0.814516 -0.570145
    outer loop
      vertex 19.9979 72.9927 0
      vertex 19.5859 71.5455 1.99
      vertex 19.2254 72.891 0
    endloop
  endfacet
  facet normal -0.50008 -0.651802 -0.570153
    outer loop
      vertex 21.4982 72.5907 0
      vertex 22.1164 72.1164 0
      vertex 21.1314 71.1314 1.99
    endloop
  endfacet
  facet normal -0.814516 0.107231 -0.570145
    outer loop
      vertex 22.9927 69.9979 0
      vertex 22.891 69.2254 0
      vertex 21.5455 69.5859 1.99
    endloop
  endfacet
  facet normal -0.813678 0.11624 -0.569575
    outer loop
      vertex 22.9927 69.9979 0
      vertex 21.6 70 1.99
      vertex 22.993 70 0
    endloop
  endfacet
  facet normal -0.814516 0.107199 -0.570151
    outer loop
      vertex 21.6 70 1.99
      vertex 22.9927 69.9979 0
      vertex 21.5455 69.5859 1.99
    endloop
  endfacet
  facet normal -0.11624 -0.813678 -0.569575
    outer loop
      vertex 20.0021 72.9927 0
      vertex 20 71.6 1.99
      vertex 20 72.993 0
    endloop
  endfacet
  facet normal -0.107199 -0.814516 -0.570151
    outer loop
      vertex 20 71.6 1.99
      vertex 20.0021 72.9927 0
      vertex 20.4141 71.5455 1.99
    endloop
  endfacet
  facet normal -0.314476 -0.758952 -0.570172
    outer loop
      vertex 21.4946 72.5928 0
      vertex 20.8 71.3856 1.99
      vertex 20.4141 71.5455 1.99
    endloop
  endfacet
  facet normal -0.318723 -0.756968 -0.570451
    outer loop
      vertex 20.8 71.3856 1.99
      vertex 21.4946 72.5928 0
      vertex 21.4965 72.592 0
    endloop
  endfacet
  facet normal 0.318723 -0.756968 -0.570451
    outer loop
      vertex 18.5054 72.5928 0
      vertex 19.2 71.3856 1.99
      vertex 18.5035 72.592 0
    endloop
  endfacet
  facet normal 0.314476 -0.758952 -0.570172
    outer loop
      vertex 19.2 71.3856 1.99
      vertex 18.5054 72.5928 0
      vertex 19.5859 71.5455 1.99
    endloop
  endfacet
  facet normal -0.651802 -0.50008 -0.570153
    outer loop
      vertex 22.1164 72.1164 0
      vertex 22.5907 71.4982 0
      vertex 21.1314 71.1314 1.99
    endloop
  endfacet
  facet normal 0.813678 0.11624 -0.569575
    outer loop
      vertex 18.4 70 1.99
      vertex 17.0073 69.9979 0
      vertex 17.007 70 0
    endloop
  endfacet
  facet normal 0.814516 0.107199 -0.570151
    outer loop
      vertex 17.0073 69.9979 0
      vertex 18.4 70 1.99
      vertex 18.4545 69.5859 1.99
    endloop
  endfacet
  facet normal 0.75902 -0.314361 -0.570145
    outer loop
      vertex 17.4072 71.4946 0
      vertex 18.4545 70.4141 1.99
      vertex 17.109 70.7746 0
    endloop
  endfacet
  facet normal -0.318723 0.756968 -0.570451
    outer loop
      vertex 21.4946 67.4072 0
      vertex 20.8 68.6144 1.99
      vertex 21.4965 67.408 0
    endloop
  endfacet
  facet normal -0.314476 0.758952 -0.570172
    outer loop
      vertex 20.8 68.6144 1.99
      vertex 21.4946 67.4072 0
      vertex 20.4141 68.4545 1.99
    endloop
  endfacet
  facet normal 0.814516 -0.107199 -0.570151
    outer loop
      vertex 18.4 70 1.99
      vertex 17.0073 70.0021 0
      vertex 18.4545 70.4141 1.99
    endloop
  endfacet
  facet normal 0.813678 -0.11624 -0.569575
    outer loop
      vertex 17.0073 70.0021 0
      vertex 18.4 70 1.99
      vertex 17.007 70 0
    endloop
  endfacet
  facet normal -0.758952 0.314476 -0.570172
    outer loop
      vertex 22.5928 68.5054 0
      vertex 21.3856 69.2 1.99
      vertex 21.5455 69.5859 1.99
    endloop
  endfacet
  facet normal -0.756968 0.318723 -0.570451
    outer loop
      vertex 21.3856 69.2 1.99
      vertex 22.5928 68.5054 0
      vertex 22.592 68.5035 0
    endloop
  endfacet
  facet normal 0.499999 0.651848 -0.570171
    outer loop
      vertex 18.5035 67.408 0
      vertex 18.8686 68.8686 1.99
      vertex 19.2 68.6144 1.99
    endloop
  endfacet
  facet normal 0.498933 0.65245 -0.570417
    outer loop
      vertex 18.8686 68.8686 1.99
      vertex 18.5035 67.408 0
      vertex 18.5018 67.4093 0
    endloop
  endfacet
  facet normal 0.756968 -0.318723 -0.570451
    outer loop
      vertex 18.6144 70.8 1.99
      vertex 17.4072 71.4946 0
      vertex 17.408 71.4965 0
    endloop
  endfacet
  facet normal 0.758952 -0.314476 -0.570172
    outer loop
      vertex 17.4072 71.4946 0
      vertex 18.6144 70.8 1.99
      vertex 18.4545 70.4141 1.99
    endloop
  endfacet
  facet normal 0.99145 -0.130485 0
    outer loop
      vertex 93.4 35 12
      vertex 93.4545 35.4141 1.99
      vertex 93.4545 35.4141 12
    endloop
  endfacet
  facet normal 0.99145 -0.130485 0
    outer loop
      vertex 93.4545 35.4141 1.99
      vertex 93.4 35 12
      vertex 93.4 35 1.99
    endloop
  endfacet
  facet normal -0.923833 -0.382796 0
    outer loop
      vertex 96.5455 35.4141 1.99
      vertex 96.3856 35.8 12
      vertex 96.3856 35.8 1.99
    endloop
  endfacet
  facet normal -0.923833 -0.382796 0
    outer loop
      vertex 96.3856 35.8 12
      vertex 96.5455 35.4141 1.99
      vertex 96.5455 35.4141 12
    endloop
  endfacet
  facet normal -0.99145 -0.130485 0
    outer loop
      vertex 96.6 35 1.99
      vertex 96.5455 35.4141 12
      vertex 96.5455 35.4141 1.99
    endloop
  endfacet
  facet normal -0.99145 -0.130485 0
    outer loop
      vertex 96.5455 35.4141 12
      vertex 96.6 35 1.99
      vertex 96.6 35 12
    endloop
  endfacet
  facet normal -0.79346 -0.608623 0
    outer loop
      vertex 96.3856 35.8 1.99
      vertex 96.1314 36.1314 12
      vertex 96.1314 36.1314 1.99
    endloop
  endfacet
  facet normal -0.79346 -0.608623 0
    outer loop
      vertex 96.1314 36.1314 12
      vertex 96.3856 35.8 1.99
      vertex 96.3856 35.8 12
    endloop
  endfacet
  facet normal -0.99145 0.130485 0
    outer loop
      vertex 96.5455 34.5859 1.99
      vertex 96.6 35 12
      vertex 96.6 35 1.99
    endloop
  endfacet
  facet normal -0.99145 0.130485 0
    outer loop
      vertex 96.6 35 12
      vertex 96.5455 34.5859 1.99
      vertex 96.5455 34.5859 12
    endloop
  endfacet
  facet normal -0.130485 0.99145 0
    outer loop
      vertex 95.4141 33.4545 1.99
      vertex 95 33.4 12
      vertex 95.4141 33.4545 12
    endloop
  endfacet
  facet normal -0.130485 0.99145 0
    outer loop
      vertex 95 33.4 12
      vertex 95.4141 33.4545 1.99
      vertex 95 33.4 1.99
    endloop
  endfacet
  facet normal 0.923833 -0.382796 0
    outer loop
      vertex 93.4545 35.4141 12
      vertex 93.6144 35.8 1.99
      vertex 93.6144 35.8 12
    endloop
  endfacet
  facet normal 0.923833 -0.382796 0
    outer loop
      vertex 93.6144 35.8 1.99
      vertex 93.4545 35.4141 12
      vertex 93.4545 35.4141 1.99
    endloop
  endfacet
  facet normal -0.608623 0.79346 0
    outer loop
      vertex 96.1314 33.8686 1.99
      vertex 95.8 33.6144 12
      vertex 96.1314 33.8686 12
    endloop
  endfacet
  facet normal -0.608623 0.79346 0
    outer loop
      vertex 95.8 33.6144 12
      vertex 96.1314 33.8686 1.99
      vertex 95.8 33.6144 1.99
    endloop
  endfacet
  facet normal -0.382796 -0.923833 0
    outer loop
      vertex 95.4141 36.5455 1.99
      vertex 95.8 36.3856 12
      vertex 95.4141 36.5455 12
    endloop
  endfacet
  facet normal -0.382796 -0.923833 -0
    outer loop
      vertex 95.8 36.3856 12
      vertex 95.4141 36.5455 1.99
      vertex 95.8 36.3856 1.99
    endloop
  endfacet
  facet normal 0.79346 -0.608623 0
    outer loop
      vertex 93.6144 35.8 12
      vertex 93.8686 36.1314 1.99
      vertex 93.8686 36.1314 12
    endloop
  endfacet
  facet normal 0.79346 -0.608623 0
    outer loop
      vertex 93.8686 36.1314 1.99
      vertex 93.6144 35.8 12
      vertex 93.6144 35.8 1.99
    endloop
  endfacet
  facet normal 0.923833 0.382796 0
    outer loop
      vertex 93.6144 34.2 12
      vertex 93.4545 34.5859 1.99
      vertex 93.4545 34.5859 12
    endloop
  endfacet
  facet normal 0.923833 0.382796 0
    outer loop
      vertex 93.4545 34.5859 1.99
      vertex 93.6144 34.2 12
      vertex 93.6144 34.2 1.99
    endloop
  endfacet
  facet normal -0.130485 -0.99145 0
    outer loop
      vertex 95 36.6 1.99
      vertex 95.4141 36.5455 12
      vertex 95 36.6 12
    endloop
  endfacet
  facet normal -0.130485 -0.99145 -0
    outer loop
      vertex 95.4141 36.5455 12
      vertex 95 36.6 1.99
      vertex 95.4141 36.5455 1.99
    endloop
  endfacet
  facet normal 0.382796 -0.923833 0
    outer loop
      vertex 94.2 36.3856 1.99
      vertex 94.5859 36.5455 12
      vertex 94.2 36.3856 12
    endloop
  endfacet
  facet normal 0.382796 -0.923833 0
    outer loop
      vertex 94.5859 36.5455 12
      vertex 94.2 36.3856 1.99
      vertex 94.5859 36.5455 1.99
    endloop
  endfacet
  facet normal 0.130485 -0.99145 0
    outer loop
      vertex 94.5859 36.5455 1.99
      vertex 95 36.6 12
      vertex 94.5859 36.5455 12
    endloop
  endfacet
  facet normal 0.130485 -0.99145 0
    outer loop
      vertex 95 36.6 12
      vertex 94.5859 36.5455 1.99
      vertex 95 36.6 1.99
    endloop
  endfacet
  facet normal 0.608623 0.79346 -0
    outer loop
      vertex 94.2 33.6144 1.99
      vertex 93.8686 33.8686 12
      vertex 94.2 33.6144 12
    endloop
  endfacet
  facet normal 0.608623 0.79346 0
    outer loop
      vertex 93.8686 33.8686 12
      vertex 94.2 33.6144 1.99
      vertex 93.8686 33.8686 1.99
    endloop
  endfacet
  facet normal 0.608623 -0.79346 0
    outer loop
      vertex 93.8686 36.1314 1.99
      vertex 94.2 36.3856 12
      vertex 93.8686 36.1314 12
    endloop
  endfacet
  facet normal 0.608623 -0.79346 0
    outer loop
      vertex 94.2 36.3856 12
      vertex 93.8686 36.1314 1.99
      vertex 94.2 36.3856 1.99
    endloop
  endfacet
  facet normal -0.923833 0.382796 0
    outer loop
      vertex 96.3856 34.2 1.99
      vertex 96.5455 34.5859 12
      vertex 96.5455 34.5859 1.99
    endloop
  endfacet
  facet normal -0.923833 0.382796 0
    outer loop
      vertex 96.5455 34.5859 12
      vertex 96.3856 34.2 1.99
      vertex 96.3856 34.2 12
    endloop
  endfacet
  facet normal -0.79346 0.608623 0
    outer loop
      vertex 96.1314 33.8686 1.99
      vertex 96.3856 34.2 12
      vertex 96.3856 34.2 1.99
    endloop
  endfacet
  facet normal -0.79346 0.608623 0
    outer loop
      vertex 96.3856 34.2 12
      vertex 96.1314 33.8686 1.99
      vertex 96.1314 33.8686 12
    endloop
  endfacet
  facet normal -0.608623 -0.79346 0
    outer loop
      vertex 95.8 36.3856 1.99
      vertex 96.1314 36.1314 12
      vertex 95.8 36.3856 12
    endloop
  endfacet
  facet normal -0.608623 -0.79346 -0
    outer loop
      vertex 96.1314 36.1314 12
      vertex 95.8 36.3856 1.99
      vertex 96.1314 36.1314 1.99
    endloop
  endfacet
  facet normal 0.99145 0.130485 0
    outer loop
      vertex 93.4545 34.5859 12
      vertex 93.4 35 1.99
      vertex 93.4 35 12
    endloop
  endfacet
  facet normal 0.99145 0.130485 0
    outer loop
      vertex 93.4 35 1.99
      vertex 93.4545 34.5859 12
      vertex 93.4545 34.5859 1.99
    endloop
  endfacet
  facet normal -0.382796 0.923833 0
    outer loop
      vertex 95.8 33.6144 1.99
      vertex 95.4141 33.4545 12
      vertex 95.8 33.6144 12
    endloop
  endfacet
  facet normal -0.382796 0.923833 0
    outer loop
      vertex 95.4141 33.4545 12
      vertex 95.8 33.6144 1.99
      vertex 95.4141 33.4545 1.99
    endloop
  endfacet
  facet normal 0.79346 0.608623 0
    outer loop
      vertex 93.8686 33.8686 12
      vertex 93.6144 34.2 1.99
      vertex 93.6144 34.2 12
    endloop
  endfacet
  facet normal 0.79346 0.608623 0
    outer loop
      vertex 93.6144 34.2 1.99
      vertex 93.8686 33.8686 12
      vertex 93.8686 33.8686 1.99
    endloop
  endfacet
  facet normal 0.382796 0.923833 -0
    outer loop
      vertex 94.5859 33.4545 1.99
      vertex 94.2 33.6144 12
      vertex 94.5859 33.4545 12
    endloop
  endfacet
  facet normal 0.382796 0.923833 0
    outer loop
      vertex 94.2 33.6144 12
      vertex 94.5859 33.4545 1.99
      vertex 94.2 33.6144 1.99
    endloop
  endfacet
  facet normal 0.130485 0.99145 -0
    outer loop
      vertex 95 33.4 1.99
      vertex 94.5859 33.4545 12
      vertex 95 33.4 12
    endloop
  endfacet
  facet normal 0.130485 0.99145 0
    outer loop
      vertex 94.5859 33.4545 12
      vertex 95 33.4 1.99
      vertex 94.5859 33.4545 1.99
    endloop
  endfacet
  facet normal 0.651802 -0.50008 -0.570153
    outer loop
      vertex 92.8836 37.1164 0
      vertex 93.8686 36.1314 1.99
      vertex 92.4093 36.4982 0
    endloop
  endfacet
  facet normal 0.314361 0.75902 -0.570145
    outer loop
      vertex 94.5859 33.4545 1.99
      vertex 94.2254 32.109 0
      vertex 93.5054 32.4072 0
    endloop
  endfacet
  facet normal 0.65245 -0.498933 -0.570417
    outer loop
      vertex 93.8686 36.1314 1.99
      vertex 92.408 36.4965 0
      vertex 92.4093 36.4982 0
    endloop
  endfacet
  facet normal 0.651848 -0.499999 -0.570171
    outer loop
      vertex 92.408 36.4965 0
      vertex 93.8686 36.1314 1.99
      vertex 93.6144 35.8 1.99
    endloop
  endfacet
  facet normal -0.813678 -0.11624 -0.569575
    outer loop
      vertex 96.6 35 1.99
      vertex 97.9927 35.0021 0
      vertex 97.993 35 0
    endloop
  endfacet
  facet normal -0.814516 -0.107199 -0.570151
    outer loop
      vertex 97.9927 35.0021 0
      vertex 96.6 35 1.99
      vertex 96.5455 35.4141 1.99
    endloop
  endfacet
  facet normal -0.814516 -0.107231 -0.570145
    outer loop
      vertex 97.891 35.7746 0
      vertex 97.9927 35.0021 0
      vertex 96.5455 35.4141 1.99
    endloop
  endfacet
  facet normal -0.107231 -0.814516 -0.570145
    outer loop
      vertex 95.7746 37.891 0
      vertex 95.4141 36.5455 1.99
      vertex 95.0021 37.9927 0
    endloop
  endfacet
  facet normal -0.75902 0.314361 -0.570145
    outer loop
      vertex 97.891 34.2254 0
      vertex 97.5928 33.5054 0
      vertex 96.5455 34.5859 1.99
    endloop
  endfacet
  facet normal 0.107199 -0.814516 -0.570151
    outer loop
      vertex 94.9979 37.9927 0
      vertex 95 36.6 1.99
      vertex 94.5859 36.5455 1.99
    endloop
  endfacet
  facet normal 0.11624 -0.813678 -0.569575
    outer loop
      vertex 95 36.6 1.99
      vertex 94.9979 37.9927 0
      vertex 95 37.993 0
    endloop
  endfacet
  facet normal 0.11624 0.813678 -0.569575
    outer loop
      vertex 94.9979 32.0073 0
      vertex 95 33.4 1.99
      vertex 95 32.007 0
    endloop
  endfacet
  facet normal 0.107199 0.814516 -0.570151
    outer loop
      vertex 95 33.4 1.99
      vertex 94.9979 32.0073 0
      vertex 94.5859 33.4545 1.99
    endloop
  endfacet
  facet normal 0.814516 -0.107231 -0.570145
    outer loop
      vertex 92.109 35.7746 0
      vertex 93.4545 35.4141 1.99
      vertex 92.0073 35.0021 0
    endloop
  endfacet
  facet normal 0.651802 0.50008 -0.570153
    outer loop
      vertex 93.8686 33.8686 1.99
      vertex 92.8836 32.8836 0
      vertex 92.4093 33.5018 0
    endloop
  endfacet
  facet normal -0.50008 0.651802 -0.570153
    outer loop
      vertex 97.1164 32.8836 0
      vertex 96.4982 32.4093 0
      vertex 96.1314 33.8686 1.99
    endloop
  endfacet
  facet normal 0.498933 -0.65245 -0.570417
    outer loop
      vertex 93.5035 37.592 0
      vertex 93.8686 36.1314 1.99
      vertex 93.5018 37.5907 0
    endloop
  endfacet
  facet normal 0.499999 -0.651848 -0.570171
    outer loop
      vertex 93.8686 36.1314 1.99
      vertex 93.5035 37.592 0
      vertex 94.2 36.3856 1.99
    endloop
  endfacet
  facet normal -0.314361 0.75902 -0.570145
    outer loop
      vertex 96.4946 32.4072 0
      vertex 95.7746 32.109 0
      vertex 95.4141 33.4545 1.99
    endloop
  endfacet
  facet normal -0.498933 0.65245 -0.570417
    outer loop
      vertex 96.4965 32.408 0
      vertex 96.1314 33.8686 1.99
      vertex 96.4982 32.4093 0
    endloop
  endfacet
  facet normal -0.499999 0.651848 -0.570171
    outer loop
      vertex 96.1314 33.8686 1.99
      vertex 96.4965 32.408 0
      vertex 95.8 33.6144 1.99
    endloop
  endfacet
  facet normal -0.75902 -0.314361 -0.570145
    outer loop
      vertex 97.5928 36.4946 0
      vertex 97.891 35.7746 0
      vertex 96.5455 35.4141 1.99
    endloop
  endfacet
  facet normal -0.314361 -0.75902 -0.570145
    outer loop
      vertex 95.7746 37.891 0
      vertex 96.4946 37.5928 0
      vertex 95.4141 36.5455 1.99
    endloop
  endfacet
  facet normal -0.651848 0.499999 -0.570171
    outer loop
      vertex 97.592 33.5035 0
      vertex 96.1314 33.8686 1.99
      vertex 96.3856 34.2 1.99
    endloop
  endfacet
  facet normal -0.65245 0.498933 -0.570417
    outer loop
      vertex 96.1314 33.8686 1.99
      vertex 97.592 33.5035 0
      vertex 97.5907 33.5018 0
    endloop
  endfacet
  facet normal -0.65245 -0.498933 -0.570417
    outer loop
      vertex 97.592 36.4965 0
      vertex 96.1314 36.1314 1.99
      vertex 97.5907 36.4982 0
    endloop
  endfacet
  facet normal -0.651848 -0.499999 -0.570171
    outer loop
      vertex 96.1314 36.1314 1.99
      vertex 97.592 36.4965 0
      vertex 96.3856 35.8 1.99
    endloop
  endfacet
  facet normal -0.499999 -0.651848 -0.570171
    outer loop
      vertex 96.4965 37.592 0
      vertex 96.1314 36.1314 1.99
      vertex 95.8 36.3856 1.99
    endloop
  endfacet
  facet normal -0.498933 -0.65245 -0.570417
    outer loop
      vertex 96.1314 36.1314 1.99
      vertex 96.4965 37.592 0
      vertex 96.4982 37.5907 0
    endloop
  endfacet
  facet normal 0.814516 0.107231 -0.570145
    outer loop
      vertex 93.4545 34.5859 1.99
      vertex 92.109 34.2254 0
      vertex 92.0073 34.9979 0
    endloop
  endfacet
  facet normal 0.314476 0.758952 -0.570172
    outer loop
      vertex 93.5054 32.4072 0
      vertex 94.2 33.6144 1.99
      vertex 94.5859 33.4545 1.99
    endloop
  endfacet
  facet normal 0.318723 0.756968 -0.570451
    outer loop
      vertex 94.2 33.6144 1.99
      vertex 93.5054 32.4072 0
      vertex 93.5035 32.408 0
    endloop
  endfacet
  facet normal 0.50008 0.651802 -0.570153
    outer loop
      vertex 93.8686 33.8686 1.99
      vertex 93.5018 32.4093 0
      vertex 92.8836 32.8836 0
    endloop
  endfacet
  facet normal -0.651802 0.50008 -0.570153
    outer loop
      vertex 97.5907 33.5018 0
      vertex 97.1164 32.8836 0
      vertex 96.1314 33.8686 1.99
    endloop
  endfacet
  facet normal -0.107231 0.814516 -0.570145
    outer loop
      vertex 95.4141 33.4545 1.99
      vertex 95.7746 32.109 0
      vertex 95.0021 32.0073 0
    endloop
  endfacet
  facet normal 0.758952 0.314476 -0.570172
    outer loop
      vertex 93.6144 34.2 1.99
      vertex 92.4072 33.5054 0
      vertex 93.4545 34.5859 1.99
    endloop
  endfacet
  facet normal 0.756968 0.318723 -0.570451
    outer loop
      vertex 92.4072 33.5054 0
      vertex 93.6144 34.2 1.99
      vertex 92.408 33.5035 0
    endloop
  endfacet
  facet normal 0.651848 0.499999 -0.570171
    outer loop
      vertex 93.8686 33.8686 1.99
      vertex 92.408 33.5035 0
      vertex 93.6144 34.2 1.99
    endloop
  endfacet
  facet normal 0.65245 0.498933 -0.570417
    outer loop
      vertex 92.408 33.5035 0
      vertex 93.8686 33.8686 1.99
      vertex 92.4093 33.5018 0
    endloop
  endfacet
  facet normal 0.314361 -0.75902 -0.570145
    outer loop
      vertex 94.2254 37.891 0
      vertex 94.5859 36.5455 1.99
      vertex 93.5054 37.5928 0
    endloop
  endfacet
  facet normal 0.75902 0.314361 -0.570145
    outer loop
      vertex 93.4545 34.5859 1.99
      vertex 92.4072 33.5054 0
      vertex 92.109 34.2254 0
    endloop
  endfacet
  facet normal 0.107231 0.814516 -0.570145
    outer loop
      vertex 94.5859 33.4545 1.99
      vertex 94.9979 32.0073 0
      vertex 94.2254 32.109 0
    endloop
  endfacet
  facet normal -0.756968 -0.318723 -0.570451
    outer loop
      vertex 97.5928 36.4946 0
      vertex 96.3856 35.8 1.99
      vertex 97.592 36.4965 0
    endloop
  endfacet
  facet normal -0.758952 -0.314476 -0.570172
    outer loop
      vertex 96.3856 35.8 1.99
      vertex 97.5928 36.4946 0
      vertex 96.5455 35.4141 1.99
    endloop
  endfacet
  facet normal 0.50008 -0.651802 -0.570153
    outer loop
      vertex 93.5018 37.5907 0
      vertex 93.8686 36.1314 1.99
      vertex 92.8836 37.1164 0
    endloop
  endfacet
  facet normal -0.107199 0.814516 -0.570151
    outer loop
      vertex 95.0021 32.0073 0
      vertex 95 33.4 1.99
      vertex 95.4141 33.4545 1.99
    endloop
  endfacet
  facet normal -0.11624 0.813678 -0.569575
    outer loop
      vertex 95 33.4 1.99
      vertex 95.0021 32.0073 0
      vertex 95 32.007 0
    endloop
  endfacet
  facet normal 0.107231 -0.814516 -0.570145
    outer loop
      vertex 94.9979 37.9927 0
      vertex 94.5859 36.5455 1.99
      vertex 94.2254 37.891 0
    endloop
  endfacet
  facet normal -0.50008 -0.651802 -0.570153
    outer loop
      vertex 96.4982 37.5907 0
      vertex 97.1164 37.1164 0
      vertex 96.1314 36.1314 1.99
    endloop
  endfacet
  facet normal -0.814516 0.107231 -0.570145
    outer loop
      vertex 97.9927 34.9979 0
      vertex 97.891 34.2254 0
      vertex 96.5455 34.5859 1.99
    endloop
  endfacet
  facet normal -0.813678 0.11624 -0.569575
    outer loop
      vertex 97.9927 34.9979 0
      vertex 96.6 35 1.99
      vertex 97.993 35 0
    endloop
  endfacet
  facet normal -0.814516 0.107199 -0.570151
    outer loop
      vertex 96.6 35 1.99
      vertex 97.9927 34.9979 0
      vertex 96.5455 34.5859 1.99
    endloop
  endfacet
  facet normal -0.11624 -0.813678 -0.569575
    outer loop
      vertex 95.0021 37.9927 0
      vertex 95 36.6 1.99
      vertex 95 37.993 0
    endloop
  endfacet
  facet normal -0.107199 -0.814516 -0.570151
    outer loop
      vertex 95 36.6 1.99
      vertex 95.0021 37.9927 0
      vertex 95.4141 36.5455 1.99
    endloop
  endfacet
  facet normal -0.314476 -0.758952 -0.570172
    outer loop
      vertex 96.4946 37.5928 0
      vertex 95.8 36.3856 1.99
      vertex 95.4141 36.5455 1.99
    endloop
  endfacet
  facet normal -0.318723 -0.756968 -0.570451
    outer loop
      vertex 95.8 36.3856 1.99
      vertex 96.4946 37.5928 0
      vertex 96.4965 37.592 0
    endloop
  endfacet
  facet normal 0.318723 -0.756968 -0.570451
    outer loop
      vertex 93.5054 37.5928 0
      vertex 94.2 36.3856 1.99
      vertex 93.5035 37.592 0
    endloop
  endfacet
  facet normal 0.314476 -0.758952 -0.570172
    outer loop
      vertex 94.2 36.3856 1.99
      vertex 93.5054 37.5928 0
      vertex 94.5859 36.5455 1.99
    endloop
  endfacet
  facet normal -0.651802 -0.50008 -0.570153
    outer loop
      vertex 97.1164 37.1164 0
      vertex 97.5907 36.4982 0
      vertex 96.1314 36.1314 1.99
    endloop
  endfacet
  facet normal 0.813678 0.11624 -0.569575
    outer loop
      vertex 93.4 35 1.99
      vertex 92.0073 34.9979 0
      vertex 92.007 35 0
    endloop
  endfacet
  facet normal 0.814516 0.107199 -0.570151
    outer loop
      vertex 92.0073 34.9979 0
      vertex 93.4 35 1.99
      vertex 93.4545 34.5859 1.99
    endloop
  endfacet
  facet normal 0.75902 -0.314361 -0.570145
    outer loop
      vertex 92.4072 36.4946 0
      vertex 93.4545 35.4141 1.99
      vertex 92.109 35.7746 0
    endloop
  endfacet
  facet normal -0.318723 0.756968 -0.570451
    outer loop
      vertex 96.4946 32.4072 0
      vertex 95.8 33.6144 1.99
      vertex 96.4965 32.408 0
    endloop
  endfacet
  facet normal -0.314476 0.758952 -0.570172
    outer loop
      vertex 95.8 33.6144 1.99
      vertex 96.4946 32.4072 0
      vertex 95.4141 33.4545 1.99
    endloop
  endfacet
  facet normal 0.814516 -0.107199 -0.570151
    outer loop
      vertex 93.4 35 1.99
      vertex 92.0073 35.0021 0
      vertex 93.4545 35.4141 1.99
    endloop
  endfacet
  facet normal 0.813678 -0.11624 -0.569575
    outer loop
      vertex 92.0073 35.0021 0
      vertex 93.4 35 1.99
      vertex 92.007 35 0
    endloop
  endfacet
  facet normal -0.758952 0.314476 -0.570172
    outer loop
      vertex 97.5928 33.5054 0
      vertex 96.3856 34.2 1.99
      vertex 96.5455 34.5859 1.99
    endloop
  endfacet
  facet normal -0.756968 0.318723 -0.570451
    outer loop
      vertex 96.3856 34.2 1.99
      vertex 97.5928 33.5054 0
      vertex 97.592 33.5035 0
    endloop
  endfacet
  facet normal 0.499999 0.651848 -0.570171
    outer loop
      vertex 93.5035 32.408 0
      vertex 93.8686 33.8686 1.99
      vertex 94.2 33.6144 1.99
    endloop
  endfacet
  facet normal 0.498933 0.65245 -0.570417
    outer loop
      vertex 93.8686 33.8686 1.99
      vertex 93.5035 32.408 0
      vertex 93.5018 32.4093 0
    endloop
  endfacet
  facet normal 0.756968 -0.318723 -0.570451
    outer loop
      vertex 93.6144 35.8 1.99
      vertex 92.4072 36.4946 0
      vertex 92.408 36.4965 0
    endloop
  endfacet
  facet normal 0.758952 -0.314476 -0.570172
    outer loop
      vertex 92.4072 36.4946 0
      vertex 93.6144 35.8 1.99
      vertex 93.4545 35.4141 1.99
    endloop
  endfacet
  facet normal 0.99145 -0.130485 0
    outer loop
      vertex 93.4 70 12
      vertex 93.4545 70.4141 1.99
      vertex 93.4545 70.4141 12
    endloop
  endfacet
  facet normal 0.99145 -0.130485 0
    outer loop
      vertex 93.4545 70.4141 1.99
      vertex 93.4 70 12
      vertex 93.4 70 1.99
    endloop
  endfacet
  facet normal -0.923833 -0.382796 0
    outer loop
      vertex 96.5455 70.4141 1.99
      vertex 96.3856 70.8 12
      vertex 96.3856 70.8 1.99
    endloop
  endfacet
  facet normal -0.923833 -0.382796 0
    outer loop
      vertex 96.3856 70.8 12
      vertex 96.5455 70.4141 1.99
      vertex 96.5455 70.4141 12
    endloop
  endfacet
  facet normal -0.99145 -0.130485 0
    outer loop
      vertex 96.6 70 1.99
      vertex 96.5455 70.4141 12
      vertex 96.5455 70.4141 1.99
    endloop
  endfacet
  facet normal -0.99145 -0.130485 0
    outer loop
      vertex 96.5455 70.4141 12
      vertex 96.6 70 1.99
      vertex 96.6 70 12
    endloop
  endfacet
  facet normal -0.79346 -0.608623 0
    outer loop
      vertex 96.3856 70.8 1.99
      vertex 96.1314 71.1314 12
      vertex 96.1314 71.1314 1.99
    endloop
  endfacet
  facet normal -0.79346 -0.608623 0
    outer loop
      vertex 96.1314 71.1314 12
      vertex 96.3856 70.8 1.99
      vertex 96.3856 70.8 12
    endloop
  endfacet
  facet normal -0.99145 0.130485 0
    outer loop
      vertex 96.5455 69.5859 1.99
      vertex 96.6 70 12
      vertex 96.6 70 1.99
    endloop
  endfacet
  facet normal -0.99145 0.130485 0
    outer loop
      vertex 96.6 70 12
      vertex 96.5455 69.5859 1.99
      vertex 96.5455 69.5859 12
    endloop
  endfacet
  facet normal -0.130485 0.99145 0
    outer loop
      vertex 95.4141 68.4545 1.99
      vertex 95 68.4 12
      vertex 95.4141 68.4545 12
    endloop
  endfacet
  facet normal -0.130485 0.99145 0
    outer loop
      vertex 95 68.4 12
      vertex 95.4141 68.4545 1.99
      vertex 95 68.4 1.99
    endloop
  endfacet
  facet normal 0.923833 -0.382796 0
    outer loop
      vertex 93.4545 70.4141 12
      vertex 93.6144 70.8 1.99
      vertex 93.6144 70.8 12
    endloop
  endfacet
  facet normal 0.923833 -0.382796 0
    outer loop
      vertex 93.6144 70.8 1.99
      vertex 93.4545 70.4141 12
      vertex 93.4545 70.4141 1.99
    endloop
  endfacet
  facet normal -0.608623 0.79346 0
    outer loop
      vertex 96.1314 68.8686 1.99
      vertex 95.8 68.6144 12
      vertex 96.1314 68.8686 12
    endloop
  endfacet
  facet normal -0.608623 0.79346 0
    outer loop
      vertex 95.8 68.6144 12
      vertex 96.1314 68.8686 1.99
      vertex 95.8 68.6144 1.99
    endloop
  endfacet
  facet normal -0.382796 -0.923833 0
    outer loop
      vertex 95.4141 71.5455 1.99
      vertex 95.8 71.3856 12
      vertex 95.4141 71.5455 12
    endloop
  endfacet
  facet normal -0.382796 -0.923833 -0
    outer loop
      vertex 95.8 71.3856 12
      vertex 95.4141 71.5455 1.99
      vertex 95.8 71.3856 1.99
    endloop
  endfacet
  facet normal 0.923833 0.382796 0
    outer loop
      vertex 93.6144 69.2 12
      vertex 93.4545 69.5859 1.99
      vertex 93.4545 69.5859 12
    endloop
  endfacet
  facet normal 0.923833 0.382796 0
    outer loop
      vertex 93.4545 69.5859 1.99
      vertex 93.6144 69.2 12
      vertex 93.6144 69.2 1.99
    endloop
  endfacet
  facet normal -0.130485 -0.99145 0
    outer loop
      vertex 95 71.6 1.99
      vertex 95.4141 71.5455 12
      vertex 95 71.6 12
    endloop
  endfacet
  facet normal -0.130485 -0.99145 -0
    outer loop
      vertex 95.4141 71.5455 12
      vertex 95 71.6 1.99
      vertex 95.4141 71.5455 1.99
    endloop
  endfacet
  facet normal 0.382796 -0.923833 0
    outer loop
      vertex 94.2 71.3856 1.99
      vertex 94.5859 71.5455 12
      vertex 94.2 71.3856 12
    endloop
  endfacet
  facet normal 0.382796 -0.923833 0
    outer loop
      vertex 94.5859 71.5455 12
      vertex 94.2 71.3856 1.99
      vertex 94.5859 71.5455 1.99
    endloop
  endfacet
  facet normal 0.130485 -0.99145 0
    outer loop
      vertex 94.5859 71.5455 1.99
      vertex 95 71.6 12
      vertex 94.5859 71.5455 12
    endloop
  endfacet
  facet normal 0.130485 -0.99145 0
    outer loop
      vertex 95 71.6 12
      vertex 94.5859 71.5455 1.99
      vertex 95 71.6 1.99
    endloop
  endfacet
  facet normal 0.608623 0.79346 -0
    outer loop
      vertex 94.2 68.6144 1.99
      vertex 93.8686 68.8686 12
      vertex 94.2 68.6144 12
    endloop
  endfacet
  facet normal 0.608623 0.79346 0
    outer loop
      vertex 93.8686 68.8686 12
      vertex 94.2 68.6144 1.99
      vertex 93.8686 68.8686 1.99
    endloop
  endfacet
  facet normal 0.608623 -0.79346 0
    outer loop
      vertex 93.8686 71.1314 1.99
      vertex 94.2 71.3856 12
      vertex 93.8686 71.1314 12
    endloop
  endfacet
  facet normal 0.608623 -0.79346 0
    outer loop
      vertex 94.2 71.3856 12
      vertex 93.8686 71.1314 1.99
      vertex 94.2 71.3856 1.99
    endloop
  endfacet
  facet normal -0.923833 0.382796 0
    outer loop
      vertex 96.3856 69.2 1.99
      vertex 96.5455 69.5859 12
      vertex 96.5455 69.5859 1.99
    endloop
  endfacet
  facet normal -0.923833 0.382796 0
    outer loop
      vertex 96.5455 69.5859 12
      vertex 96.3856 69.2 1.99
      vertex 96.3856 69.2 12
    endloop
  endfacet
  facet normal -0.79346 0.608623 0
    outer loop
      vertex 96.1314 68.8686 1.99
      vertex 96.3856 69.2 12
      vertex 96.3856 69.2 1.99
    endloop
  endfacet
  facet normal -0.79346 0.608623 0
    outer loop
      vertex 96.3856 69.2 12
      vertex 96.1314 68.8686 1.99
      vertex 96.1314 68.8686 12
    endloop
  endfacet
  facet normal -0.608623 -0.79346 0
    outer loop
      vertex 95.8 71.3856 1.99
      vertex 96.1314 71.1314 12
      vertex 95.8 71.3856 12
    endloop
  endfacet
  facet normal -0.608623 -0.79346 -0
    outer loop
      vertex 96.1314 71.1314 12
      vertex 95.8 71.3856 1.99
      vertex 96.1314 71.1314 1.99
    endloop
  endfacet
  facet normal 0.99145 0.130485 0
    outer loop
      vertex 93.4545 69.5859 12
      vertex 93.4 70 1.99
      vertex 93.4 70 12
    endloop
  endfacet
  facet normal 0.99145 0.130485 0
    outer loop
      vertex 93.4 70 1.99
      vertex 93.4545 69.5859 12
      vertex 93.4545 69.5859 1.99
    endloop
  endfacet
  facet normal -0.382796 0.923833 0
    outer loop
      vertex 95.8 68.6144 1.99
      vertex 95.4141 68.4545 12
      vertex 95.8 68.6144 12
    endloop
  endfacet
  facet normal -0.382796 0.923833 0
    outer loop
      vertex 95.4141 68.4545 12
      vertex 95.8 68.6144 1.99
      vertex 95.4141 68.4545 1.99
    endloop
  endfacet
  facet normal 0.79346 0.608623 0
    outer loop
      vertex 93.8686 68.8686 12
      vertex 93.6144 69.2 1.99
      vertex 93.6144 69.2 12
    endloop
  endfacet
  facet normal 0.79346 0.608623 0
    outer loop
      vertex 93.6144 69.2 1.99
      vertex 93.8686 68.8686 12
      vertex 93.8686 68.8686 1.99
    endloop
  endfacet
  facet normal 0.382796 0.923833 -0
    outer loop
      vertex 94.5859 68.4545 1.99
      vertex 94.2 68.6144 12
      vertex 94.5859 68.4545 12
    endloop
  endfacet
  facet normal 0.382796 0.923833 0
    outer loop
      vertex 94.2 68.6144 12
      vertex 94.5859 68.4545 1.99
      vertex 94.2 68.6144 1.99
    endloop
  endfacet
  facet normal 0.130485 0.99145 -0
    outer loop
      vertex 95 68.4 1.99
      vertex 94.5859 68.4545 12
      vertex 95 68.4 12
    endloop
  endfacet
  facet normal 0.130485 0.99145 0
    outer loop
      vertex 94.5859 68.4545 12
      vertex 95 68.4 1.99
      vertex 94.5859 68.4545 1.99
    endloop
  endfacet
  facet normal 0.79346 -0.608623 0
    outer loop
      vertex 93.6144 70.8 12
      vertex 93.8686 71.1314 1.99
      vertex 93.8686 71.1314 12
    endloop
  endfacet
  facet normal 0.79346 -0.608623 0
    outer loop
      vertex 93.8686 71.1314 1.99
      vertex 93.6144 70.8 12
      vertex 93.6144 70.8 1.99
    endloop
  endfacet
  facet normal 0.651802 -0.50008 -0.570153
    outer loop
      vertex 92.8836 72.1164 0
      vertex 93.8686 71.1314 1.99
      vertex 92.4093 71.4982 0
    endloop
  endfacet
  facet normal 0.314361 0.75902 -0.570145
    outer loop
      vertex 94.5859 68.4545 1.99
      vertex 94.2254 67.109 0
      vertex 93.5054 67.4072 0
    endloop
  endfacet
  facet normal 0.65245 -0.498933 -0.570417
    outer loop
      vertex 93.8686 71.1314 1.99
      vertex 92.408 71.4965 0
      vertex 92.4093 71.4982 0
    endloop
  endfacet
  facet normal 0.651848 -0.499999 -0.570171
    outer loop
      vertex 92.408 71.4965 0
      vertex 93.8686 71.1314 1.99
      vertex 93.6144 70.8 1.99
    endloop
  endfacet
  facet normal -0.813678 -0.11624 -0.569575
    outer loop
      vertex 96.6 70 1.99
      vertex 97.9927 70.0021 0
      vertex 97.993 70 0
    endloop
  endfacet
  facet normal -0.814516 -0.107199 -0.570151
    outer loop
      vertex 97.9927 70.0021 0
      vertex 96.6 70 1.99
      vertex 96.5455 70.4141 1.99
    endloop
  endfacet
  facet normal -0.814516 -0.107231 -0.570145
    outer loop
      vertex 97.891 70.7746 0
      vertex 97.9927 70.0021 0
      vertex 96.5455 70.4141 1.99
    endloop
  endfacet
  facet normal -0.107231 -0.814516 -0.570145
    outer loop
      vertex 95.7746 72.891 0
      vertex 95.4141 71.5455 1.99
      vertex 95.0021 72.9927 0
    endloop
  endfacet
  facet normal -0.75902 0.314361 -0.570145
    outer loop
      vertex 97.891 69.2254 0
      vertex 97.5928 68.5054 0
      vertex 96.5455 69.5859 1.99
    endloop
  endfacet
  facet normal 0.107199 -0.814516 -0.570151
    outer loop
      vertex 94.9979 72.9927 0
      vertex 95 71.6 1.99
      vertex 94.5859 71.5455 1.99
    endloop
  endfacet
  facet normal 0.11624 -0.813678 -0.569575
    outer loop
      vertex 95 71.6 1.99
      vertex 94.9979 72.9927 0
      vertex 95 72.993 0
    endloop
  endfacet
  facet normal 0.11624 0.813678 -0.569575
    outer loop
      vertex 94.9979 67.0073 0
      vertex 95 68.4 1.99
      vertex 95 67.007 0
    endloop
  endfacet
  facet normal 0.107199 0.814516 -0.570151
    outer loop
      vertex 95 68.4 1.99
      vertex 94.9979 67.0073 0
      vertex 94.5859 68.4545 1.99
    endloop
  endfacet
  facet normal 0.814516 -0.107231 -0.570145
    outer loop
      vertex 92.109 70.7746 0
      vertex 93.4545 70.4141 1.99
      vertex 92.0073 70.0021 0
    endloop
  endfacet
  facet normal 0.651802 0.50008 -0.570153
    outer loop
      vertex 93.8686 68.8686 1.99
      vertex 92.8836 67.8836 0
      vertex 92.4093 68.5018 0
    endloop
  endfacet
  facet normal -0.50008 0.651802 -0.570153
    outer loop
      vertex 97.1164 67.8836 0
      vertex 96.4982 67.4093 0
      vertex 96.1314 68.8686 1.99
    endloop
  endfacet
  facet normal 0.498933 -0.65245 -0.570417
    outer loop
      vertex 93.5035 72.592 0
      vertex 93.8686 71.1314 1.99
      vertex 93.5018 72.5907 0
    endloop
  endfacet
  facet normal 0.499999 -0.651848 -0.570171
    outer loop
      vertex 93.8686 71.1314 1.99
      vertex 93.5035 72.592 0
      vertex 94.2 71.3856 1.99
    endloop
  endfacet
  facet normal -0.314361 0.75902 -0.570145
    outer loop
      vertex 96.4946 67.4072 0
      vertex 95.7746 67.109 0
      vertex 95.4141 68.4545 1.99
    endloop
  endfacet
  facet normal -0.498933 0.65245 -0.570417
    outer loop
      vertex 96.4965 67.408 0
      vertex 96.1314 68.8686 1.99
      vertex 96.4982 67.4093 0
    endloop
  endfacet
  facet normal -0.499999 0.651848 -0.570171
    outer loop
      vertex 96.1314 68.8686 1.99
      vertex 96.4965 67.408 0
      vertex 95.8 68.6144 1.99
    endloop
  endfacet
  facet normal -0.75902 -0.314361 -0.570145
    outer loop
      vertex 97.5928 71.4946 0
      vertex 97.891 70.7746 0
      vertex 96.5455 70.4141 1.99
    endloop
  endfacet
  facet normal -0.314361 -0.75902 -0.570145
    outer loop
      vertex 95.7746 72.891 0
      vertex 96.4946 72.5928 0
      vertex 95.4141 71.5455 1.99
    endloop
  endfacet
  facet normal -0.651848 0.499999 -0.570171
    outer loop
      vertex 97.592 68.5035 0
      vertex 96.1314 68.8686 1.99
      vertex 96.3856 69.2 1.99
    endloop
  endfacet
  facet normal -0.65245 0.498933 -0.570417
    outer loop
      vertex 96.1314 68.8686 1.99
      vertex 97.592 68.5035 0
      vertex 97.5907 68.5018 0
    endloop
  endfacet
  facet normal -0.65245 -0.498933 -0.570417
    outer loop
      vertex 97.592 71.4965 0
      vertex 96.1314 71.1314 1.99
      vertex 97.5907 71.4982 0
    endloop
  endfacet
  facet normal -0.651848 -0.499999 -0.570171
    outer loop
      vertex 96.1314 71.1314 1.99
      vertex 97.592 71.4965 0
      vertex 96.3856 70.8 1.99
    endloop
  endfacet
  facet normal -0.499999 -0.651848 -0.570171
    outer loop
      vertex 96.4965 72.592 0
      vertex 96.1314 71.1314 1.99
      vertex 95.8 71.3856 1.99
    endloop
  endfacet
  facet normal -0.498933 -0.65245 -0.570417
    outer loop
      vertex 96.1314 71.1314 1.99
      vertex 96.4965 72.592 0
      vertex 96.4982 72.5907 0
    endloop
  endfacet
  facet normal 0.814516 0.107231 -0.570145
    outer loop
      vertex 93.4545 69.5859 1.99
      vertex 92.109 69.2254 0
      vertex 92.0073 69.9979 0
    endloop
  endfacet
  facet normal 0.314476 0.758952 -0.570172
    outer loop
      vertex 93.5054 67.4072 0
      vertex 94.2 68.6144 1.99
      vertex 94.5859 68.4545 1.99
    endloop
  endfacet
  facet normal 0.318723 0.756968 -0.570451
    outer loop
      vertex 94.2 68.6144 1.99
      vertex 93.5054 67.4072 0
      vertex 93.5035 67.408 0
    endloop
  endfacet
  facet normal 0.50008 0.651802 -0.570153
    outer loop
      vertex 93.8686 68.8686 1.99
      vertex 93.5018 67.4093 0
      vertex 92.8836 67.8836 0
    endloop
  endfacet
  facet normal -0.651802 0.50008 -0.570153
    outer loop
      vertex 97.5907 68.5018 0
      vertex 97.1164 67.8836 0
      vertex 96.1314 68.8686 1.99
    endloop
  endfacet
  facet normal -0.107231 0.814516 -0.570145
    outer loop
      vertex 95.4141 68.4545 1.99
      vertex 95.7746 67.109 0
      vertex 95.0021 67.0073 0
    endloop
  endfacet
  facet normal 0.758952 0.314476 -0.570172
    outer loop
      vertex 93.6144 69.2 1.99
      vertex 92.4072 68.5054 0
      vertex 93.4545 69.5859 1.99
    endloop
  endfacet
  facet normal 0.756968 0.318723 -0.570451
    outer loop
      vertex 92.4072 68.5054 0
      vertex 93.6144 69.2 1.99
      vertex 92.408 68.5035 0
    endloop
  endfacet
  facet normal 0.651848 0.499999 -0.570171
    outer loop
      vertex 93.8686 68.8686 1.99
      vertex 92.408 68.5035 0
      vertex 93.6144 69.2 1.99
    endloop
  endfacet
  facet normal 0.65245 0.498933 -0.570417
    outer loop
      vertex 92.408 68.5035 0
      vertex 93.8686 68.8686 1.99
      vertex 92.4093 68.5018 0
    endloop
  endfacet
  facet normal 0.314361 -0.75902 -0.570145
    outer loop
      vertex 94.2254 72.891 0
      vertex 94.5859 71.5455 1.99
      vertex 93.5054 72.5928 0
    endloop
  endfacet
  facet normal 0.75902 0.314361 -0.570145
    outer loop
      vertex 93.4545 69.5859 1.99
      vertex 92.4072 68.5054 0
      vertex 92.109 69.2254 0
    endloop
  endfacet
  facet normal 0.107231 0.814516 -0.570145
    outer loop
      vertex 94.5859 68.4545 1.99
      vertex 94.9979 67.0073 0
      vertex 94.2254 67.109 0
    endloop
  endfacet
  facet normal -0.756968 -0.318723 -0.570451
    outer loop
      vertex 97.5928 71.4946 0
      vertex 96.3856 70.8 1.99
      vertex 97.592 71.4965 0
    endloop
  endfacet
  facet normal -0.758952 -0.314476 -0.570172
    outer loop
      vertex 96.3856 70.8 1.99
      vertex 97.5928 71.4946 0
      vertex 96.5455 70.4141 1.99
    endloop
  endfacet
  facet normal 0.50008 -0.651802 -0.570153
    outer loop
      vertex 93.5018 72.5907 0
      vertex 93.8686 71.1314 1.99
      vertex 92.8836 72.1164 0
    endloop
  endfacet
  facet normal -0.107199 0.814516 -0.570151
    outer loop
      vertex 95.0021 67.0073 0
      vertex 95 68.4 1.99
      vertex 95.4141 68.4545 1.99
    endloop
  endfacet
  facet normal -0.11624 0.813678 -0.569575
    outer loop
      vertex 95 68.4 1.99
      vertex 95.0021 67.0073 0
      vertex 95 67.007 0
    endloop
  endfacet
  facet normal 0.107231 -0.814516 -0.570145
    outer loop
      vertex 94.9979 72.9927 0
      vertex 94.5859 71.5455 1.99
      vertex 94.2254 72.891 0
    endloop
  endfacet
  facet normal -0.50008 -0.651802 -0.570153
    outer loop
      vertex 96.4982 72.5907 0
      vertex 97.1164 72.1164 0
      vertex 96.1314 71.1314 1.99
    endloop
  endfacet
  facet normal -0.814516 0.107231 -0.570145
    outer loop
      vertex 97.9927 69.9979 0
      vertex 97.891 69.2254 0
      vertex 96.5455 69.5859 1.99
    endloop
  endfacet
  facet normal -0.813678 0.11624 -0.569575
    outer loop
      vertex 97.9927 69.9979 0
      vertex 96.6 70 1.99
      vertex 97.993 70 0
    endloop
  endfacet
  facet normal -0.814516 0.107199 -0.570151
    outer loop
      vertex 96.6 70 1.99
      vertex 97.9927 69.9979 0
      vertex 96.5455 69.5859 1.99
    endloop
  endfacet
  facet normal -0.11624 -0.813678 -0.569575
    outer loop
      vertex 95.0021 72.9927 0
      vertex 95 71.6 1.99
      vertex 95 72.993 0
    endloop
  endfacet
  facet normal -0.107199 -0.814516 -0.570151
    outer loop
      vertex 95 71.6 1.99
      vertex 95.0021 72.9927 0
      vertex 95.4141 71.5455 1.99
    endloop
  endfacet
  facet normal -0.314476 -0.758952 -0.570172
    outer loop
      vertex 96.4946 72.5928 0
      vertex 95.8 71.3856 1.99
      vertex 95.4141 71.5455 1.99
    endloop
  endfacet
  facet normal -0.318723 -0.756968 -0.570451
    outer loop
      vertex 95.8 71.3856 1.99
      vertex 96.4946 72.5928 0
      vertex 96.4965 72.592 0
    endloop
  endfacet
  facet normal 0.318723 -0.756968 -0.570451
    outer loop
      vertex 93.5054 72.5928 0
      vertex 94.2 71.3856 1.99
      vertex 93.5035 72.592 0
    endloop
  endfacet
  facet normal 0.314476 -0.758952 -0.570172
    outer loop
      vertex 94.2 71.3856 1.99
      vertex 93.5054 72.5928 0
      vertex 94.5859 71.5455 1.99
    endloop
  endfacet
  facet normal -0.651802 -0.50008 -0.570153
    outer loop
      vertex 97.1164 72.1164 0
      vertex 97.5907 71.4982 0
      vertex 96.1314 71.1314 1.99
    endloop
  endfacet
  facet normal 0.813678 0.11624 -0.569575
    outer loop
      vertex 93.4 70 1.99
      vertex 92.0073 69.9979 0
      vertex 92.007 70 0
    endloop
  endfacet
  facet normal 0.814516 0.107199 -0.570151
    outer loop
      vertex 92.0073 69.9979 0
      vertex 93.4 70 1.99
      vertex 93.4545 69.5859 1.99
    endloop
  endfacet
  facet normal 0.75902 -0.314361 -0.570145
    outer loop
      vertex 92.4072 71.4946 0
      vertex 93.4545 70.4141 1.99
      vertex 92.109 70.7746 0
    endloop
  endfacet
  facet normal -0.318723 0.756968 -0.570451
    outer loop
      vertex 96.4946 67.4072 0
      vertex 95.8 68.6144 1.99
      vertex 96.4965 67.408 0
    endloop
  endfacet
  facet normal -0.314476 0.758952 -0.570172
    outer loop
      vertex 95.8 68.6144 1.99
      vertex 96.4946 67.4072 0
      vertex 95.4141 68.4545 1.99
    endloop
  endfacet
  facet normal 0.814516 -0.107199 -0.570151
    outer loop
      vertex 93.4 70 1.99
      vertex 92.0073 70.0021 0
      vertex 93.4545 70.4141 1.99
    endloop
  endfacet
  facet normal 0.813678 -0.11624 -0.569575
    outer loop
      vertex 92.0073 70.0021 0
      vertex 93.4 70 1.99
      vertex 92.007 70 0
    endloop
  endfacet
  facet normal -0.758952 0.314476 -0.570172
    outer loop
      vertex 97.5928 68.5054 0
      vertex 96.3856 69.2 1.99
      vertex 96.5455 69.5859 1.99
    endloop
  endfacet
  facet normal -0.756968 0.318723 -0.570451
    outer loop
      vertex 96.3856 69.2 1.99
      vertex 97.5928 68.5054 0
      vertex 97.592 68.5035 0
    endloop
  endfacet
  facet normal 0.499999 0.651848 -0.570171
    outer loop
      vertex 93.5035 67.408 0
      vertex 93.8686 68.8686 1.99
      vertex 94.2 68.6144 1.99
    endloop
  endfacet
  facet normal 0.498933 0.65245 -0.570417
    outer loop
      vertex 93.8686 68.8686 1.99
      vertex 93.5035 67.408 0
      vertex 93.5018 67.4093 0
    endloop
  endfacet
  facet normal 0.756968 -0.318723 -0.570451
    outer loop
      vertex 93.6144 70.8 1.99
      vertex 92.4072 71.4946 0
      vertex 92.408 71.4965 0
    endloop
  endfacet
  facet normal 0.758952 -0.314476 -0.570172
    outer loop
      vertex 92.4072 71.4946 0
      vertex 93.6144 70.8 1.99
      vertex 93.4545 70.4141 1.99
    endloop
  endfacet
  facet normal -0.890977 -0.454048 0
    outer loop
      vertex 59.0217 9.49443 0
      vertex 58.7944 9.94046 4
      vertex 58.7944 9.94046 0
    endloop
  endfacet
  facet normal -0.890977 -0.454048 0
    outer loop
      vertex 58.7944 9.94046 4
      vertex 59.0217 9.49443 0
      vertex 59.0217 9.49443 4
    endloop
  endfacet
  facet normal -0.987691 -0.156415 0
    outer loop
      vertex 59.1 9 0
      vertex 59.0217 9.49443 4
      vertex 59.0217 9.49443 0
    endloop
  endfacet
  facet normal -0.987691 -0.156415 0
    outer loop
      vertex 59.0217 9.49443 4
      vertex 59.1 9 0
      vertex 59.1 9 4
    endloop
  endfacet
  facet normal -0.707147 -0.707067 0
    outer loop
      vertex 58.7944 9.94046 0
      vertex 58.4405 10.2944 4
      vertex 58.4405 10.2944 0
    endloop
  endfacet
  facet normal -0.707147 -0.707067 0
    outer loop
      vertex 58.4405 10.2944 4
      vertex 58.7944 9.94046 0
      vertex 58.7944 9.94046 4
    endloop
  endfacet
  facet normal -0.987691 0.156415 0
    outer loop
      vertex 59.0217 8.50557 0
      vertex 59.1 9 4
      vertex 59.1 9 0
    endloop
  endfacet
  facet normal -0.987691 0.156415 0
    outer loop
      vertex 59.1 9 4
      vertex 59.0217 8.50557 0
      vertex 59.0217 8.50557 4
    endloop
  endfacet
  facet normal 0.987691 -0.156415 0
    outer loop
      vertex 55.9 9 4
      vertex 55.9783 9.49443 0
      vertex 55.9783 9.49443 4
    endloop
  endfacet
  facet normal 0.987691 -0.156415 0
    outer loop
      vertex 55.9783 9.49443 0
      vertex 55.9 9 4
      vertex 55.9 9 0
    endloop
  endfacet
  facet normal 0.156444 0.987687 -0
    outer loop
      vertex 57.5 7.4 0
      vertex 57.0056 7.47831 4
      vertex 57.5 7.4 4
    endloop
  endfacet
  facet normal 0.156444 0.987687 0
    outer loop
      vertex 57.0056 7.47831 4
      vertex 57.5 7.4 0
      vertex 57.0056 7.47831 0
    endloop
  endfacet
  facet normal 0.453928 0.891038 -0
    outer loop
      vertex 57.0056 7.47831 0
      vertex 56.5595 7.70557 4
      vertex 57.0056 7.47831 4
    endloop
  endfacet
  facet normal 0.453928 0.891038 0
    outer loop
      vertex 56.5595 7.70557 4
      vertex 57.0056 7.47831 0
      vertex 56.5595 7.70557 0
    endloop
  endfacet
  facet normal 0.156424 -0.98769 0
    outer loop
      vertex 57.0056 10.5217 0
      vertex 57.5 10.6 4
      vertex 57.0056 10.5217 4
    endloop
  endfacet
  facet normal 0.156424 -0.98769 0
    outer loop
      vertex 57.5 10.6 4
      vertex 57.0056 10.5217 0
      vertex 57.5 10.6 0
    endloop
  endfacet
  facet normal -0.890977 0.454048 0
    outer loop
      vertex 58.7944 8.05954 0
      vertex 59.0217 8.50557 4
      vertex 59.0217 8.50557 0
    endloop
  endfacet
  facet normal -0.890977 0.454048 0
    outer loop
      vertex 59.0217 8.50557 4
      vertex 58.7944 8.05954 0
      vertex 58.7944 8.05954 4
    endloop
  endfacet
  facet normal -0.453992 -0.891006 0
    outer loop
      vertex 57.9944 10.5217 0
      vertex 58.4405 10.2944 4
      vertex 57.9944 10.5217 4
    endloop
  endfacet
  facet normal -0.453992 -0.891006 -0
    outer loop
      vertex 58.4405 10.2944 4
      vertex 57.9944 10.5217 0
      vertex 58.4405 10.2944 0
    endloop
  endfacet
  facet normal 0.707147 -0.707067 0
    outer loop
      vertex 56.2056 9.94046 4
      vertex 56.5595 10.2944 0
      vertex 56.5595 10.2944 4
    endloop
  endfacet
  facet normal 0.707147 -0.707067 0
    outer loop
      vertex 56.5595 10.2944 0
      vertex 56.2056 9.94046 4
      vertex 56.2056 9.94046 0
    endloop
  endfacet
  facet normal -0.453928 0.891038 0
    outer loop
      vertex 58.4405 7.70557 0
      vertex 57.9944 7.47831 4
      vertex 58.4405 7.70557 4
    endloop
  endfacet
  facet normal -0.453928 0.891038 0
    outer loop
      vertex 57.9944 7.47831 4
      vertex 58.4405 7.70557 0
      vertex 57.9944 7.47831 0
    endloop
  endfacet
  facet normal -0.707177 0.707037 0
    outer loop
      vertex 58.4405 7.70557 0
      vertex 58.7944 8.05954 4
      vertex 58.7944 8.05954 0
    endloop
  endfacet
  facet normal -0.707177 0.707037 0
    outer loop
      vertex 58.7944 8.05954 4
      vertex 58.4405 7.70557 0
      vertex 58.4405 7.70557 4
    endloop
  endfacet
  facet normal 0.707177 0.707037 0
    outer loop
      vertex 56.5595 7.70557 4
      vertex 56.2056 8.05954 0
      vertex 56.2056 8.05954 4
    endloop
  endfacet
  facet normal 0.707177 0.707037 0
    outer loop
      vertex 56.2056 8.05954 0
      vertex 56.5595 7.70557 4
      vertex 56.5595 7.70557 0
    endloop
  endfacet
  facet normal 0.453992 -0.891006 0
    outer loop
      vertex 56.5595 10.2944 0
      vertex 57.0056 10.5217 4
      vertex 56.5595 10.2944 4
    endloop
  endfacet
  facet normal 0.453992 -0.891006 0
    outer loop
      vertex 57.0056 10.5217 4
      vertex 56.5595 10.2944 0
      vertex 57.0056 10.5217 0
    endloop
  endfacet
  facet normal -0.156424 -0.98769 0
    outer loop
      vertex 57.5 10.6 0
      vertex 57.9944 10.5217 4
      vertex 57.5 10.6 4
    endloop
  endfacet
  facet normal -0.156424 -0.98769 -0
    outer loop
      vertex 57.9944 10.5217 4
      vertex 57.5 10.6 0
      vertex 57.9944 10.5217 0
    endloop
  endfacet
  facet normal 0.890977 -0.454048 0
    outer loop
      vertex 55.9783 9.49443 4
      vertex 56.2056 9.94046 0
      vertex 56.2056 9.94046 4
    endloop
  endfacet
  facet normal 0.890977 -0.454048 0
    outer loop
      vertex 56.2056 9.94046 0
      vertex 55.9783 9.49443 4
      vertex 55.9783 9.49443 0
    endloop
  endfacet
  facet normal -0.156444 0.987687 0
    outer loop
      vertex 57.9944 7.47831 0
      vertex 57.5 7.4 4
      vertex 57.9944 7.47831 4
    endloop
  endfacet
  facet normal -0.156444 0.987687 0
    outer loop
      vertex 57.5 7.4 4
      vertex 57.9944 7.47831 0
      vertex 57.5 7.4 0
    endloop
  endfacet
  facet normal 0.890977 0.454048 0
    outer loop
      vertex 56.2056 8.05954 4
      vertex 55.9783 8.50557 0
      vertex 55.9783 8.50557 4
    endloop
  endfacet
  facet normal 0.890977 0.454048 0
    outer loop
      vertex 55.9783 8.50557 0
      vertex 56.2056 8.05954 4
      vertex 56.2056 8.05954 0
    endloop
  endfacet
  facet normal 0.987691 0.156415 0
    outer loop
      vertex 55.9783 8.50557 4
      vertex 55.9 9 0
      vertex 55.9 9 4
    endloop
  endfacet
  facet normal 0.987691 0.156415 0
    outer loop
      vertex 55.9 9 0
      vertex 55.9783 8.50557 4
      vertex 55.9783 8.50557 0
    endloop
  endfacet
  facet normal -0.980791 0.195064 0
    outer loop
      vertex 73.8526 35.0824 0
      vertex 74.3374 37.52 4
      vertex 74.3374 37.52 0
    endloop
  endfacet
  facet normal -0.980791 0.195064 0
    outer loop
      vertex 74.3374 37.52 4
      vertex 73.8526 35.0824 0
      vertex 73.8526 35.0824 4
    endloop
  endfacet
  facet normal -0.195102 0.980783 0
    outer loop
      vertex 60.4176 21.6474 0
      vertex 57.98 21.1625 4
      vertex 60.4176 21.6474 4
    endloop
  endfacet
  facet normal -0.195102 0.980783 0
    outer loop
      vertex 57.98 21.1625 4
      vertex 60.4176 21.6474 0
      vertex 57.98 21.1625 0
    endloop
  endfacet
  facet normal -0.980791 -0.195064 0
    outer loop
      vertex 74.3374 42.48 0
      vertex 73.8526 44.9176 4
      vertex 73.8526 44.9176 0
    endloop
  endfacet
  facet normal -0.980791 -0.195064 0
    outer loop
      vertex 73.8526 44.9176 4
      vertex 74.3374 42.48 0
      vertex 74.3374 42.48 4
    endloop
  endfacet
  facet normal -0.997858 -0.065424 0
    outer loop
      vertex 74.5 40 0
      vertex 74.3374 42.48 4
      vertex 74.3374 42.48 0
    endloop
  endfacet
  facet normal -0.997858 -0.065424 0
    outer loop
      vertex 74.3374 42.48 4
      vertex 74.5 40 0
      vertex 74.5 40 4
    endloop
  endfacet
  facet normal 0.32145 -0.946927 0
    outer loop
      vertex 48.229 57.5537 0
      vertex 50.5824 58.3526 4
      vertex 48.229 57.5537 4
    endloop
  endfacet
  facet normal 0.32145 -0.946927 0
    outer loop
      vertex 50.5824 58.3526 4
      vertex 48.229 57.5537 0
      vertex 50.5824 58.3526 0
    endloop
  endfacet
  facet normal 0.896876 0.442282 0
    outer loop
      vertex 39.0455 30.5 4
      vertex 37.9463 32.729 0
      vertex 37.9463 32.729 4
    endloop
  endfacet
  facet normal 0.896876 0.442282 0
    outer loop
      vertex 37.9463 32.729 0
      vertex 39.0455 30.5 4
      vertex 39.0455 30.5 0
    endloop
  endfacet
  facet normal 0.751826 -0.659362 0
    outer loop
      vertex 40.4263 51.5665 4
      vertex 42.065 53.435 0
      vertex 42.065 53.435 4
    endloop
  endfacet
  facet normal 0.751826 -0.659362 0
    outer loop
      vertex 42.065 53.435 0
      vertex 40.4263 51.5665 4
      vertex 40.4263 51.5665 0
    endloop
  endfacet
  facet normal 0.555573 -0.831468 0
    outer loop
      vertex 43.9335 55.0737 0
      vertex 46 56.4545 4
      vertex 43.9335 55.0737 4
    endloop
  endfacet
  facet normal 0.555573 -0.831468 0
    outer loop
      vertex 46 56.4545 4
      vertex 43.9335 55.0737 0
      vertex 46 56.4545 0
    endloop
  endfacet
  facet normal 0.831468 -0.555573 0
    outer loop
      vertex 39.0455 49.5 4
      vertex 40.4263 51.5665 0
      vertex 40.4263 51.5665 4
    endloop
  endfacet
  facet normal 0.831468 -0.555573 0
    outer loop
      vertex 40.4263 51.5665 0
      vertex 39.0455 49.5 4
      vertex 39.0455 49.5 0
    endloop
  endfacet
  facet normal -0.065384 -0.99786 0
    outer loop
      vertex 55.5 59 0
      vertex 57.98 58.8375 4
      vertex 55.5 59 4
    endloop
  endfacet
  facet normal -0.065384 -0.99786 -0
    outer loop
      vertex 57.98 58.8375 4
      vertex 55.5 59 0
      vertex 57.98 58.8375 0
    endloop
  endfacet
  facet normal 0.659362 -0.751826 0
    outer loop
      vertex 42.065 53.435 0
      vertex 43.9335 55.0737 4
      vertex 42.065 53.435 4
    endloop
  endfacet
  facet normal 0.659362 -0.751826 0
    outer loop
      vertex 43.9335 55.0737 4
      vertex 42.065 53.435 0
      vertex 43.9335 55.0737 0
    endloop
  endfacet
  facet normal -0.946927 0.32145 0
    outer loop
      vertex 73.0537 32.729 0
      vertex 73.8526 35.0824 4
      vertex 73.8526 35.0824 0
    endloop
  endfacet
  facet normal -0.946927 0.32145 0
    outer loop
      vertex 73.8526 35.0824 4
      vertex 73.0537 32.729 0
      vertex 73.0537 32.729 4
    endloop
  endfacet
  facet normal 0.99786 -0.065384 0
    outer loop
      vertex 36.5 40 4
      vertex 36.6625 42.48 0
      vertex 36.6625 42.48 4
    endloop
  endfacet
  facet normal 0.99786 -0.065384 0
    outer loop
      vertex 36.6625 42.48 0
      vertex 36.5 40 4
      vertex 36.5 40 0
    endloop
  endfacet
  facet normal -0.195102 -0.980783 0
    outer loop
      vertex 57.98 58.8375 0
      vertex 60.4176 58.3526 4
      vertex 57.98 58.8375 4
    endloop
  endfacet
  facet normal -0.195102 -0.980783 -0
    outer loop
      vertex 60.4176 58.3526 4
      vertex 57.98 58.8375 0
      vertex 60.4176 58.3526 0
    endloop
  endfacet
  facet normal 0.946927 0.32145 0
    outer loop
      vertex 37.9463 32.729 4
      vertex 37.1474 35.0824 0
      vertex 37.1474 35.0824 4
    endloop
  endfacet
  facet normal 0.946927 0.32145 0
    outer loop
      vertex 37.1474 35.0824 0
      vertex 37.9463 32.729 4
      vertex 37.9463 32.729 0
    endloop
  endfacet
  facet normal 0.980783 -0.195102 0
    outer loop
      vertex 36.6625 42.48 4
      vertex 37.1474 44.9176 0
      vertex 37.1474 44.9176 4
    endloop
  endfacet
  facet normal 0.980783 -0.195102 0
    outer loop
      vertex 37.1474 44.9176 0
      vertex 36.6625 42.48 4
      vertex 36.6625 42.48 0
    endloop
  endfacet
  facet normal -0.442282 0.896876 0
    outer loop
      vertex 65 23.5455 0
      vertex 62.771 22.4463 4
      vertex 65 23.5455 4
    endloop
  endfacet
  facet normal -0.442282 0.896876 0
    outer loop
      vertex 62.771 22.4463 4
      vertex 65 23.5455 0
      vertex 62.771 22.4463 0
    endloop
  endfacet
  facet normal -0.831468 -0.555573 0
    outer loop
      vertex 71.9545 49.5 0
      vertex 70.5737 51.5665 4
      vertex 70.5737 51.5665 0
    endloop
  endfacet
  facet normal -0.831468 -0.555573 0
    outer loop
      vertex 70.5737 51.5665 4
      vertex 71.9545 49.5 0
      vertex 71.9545 49.5 4
    endloop
  endfacet
  facet normal -0.32145 -0.946927 0
    outer loop
      vertex 60.4176 58.3526 0
      vertex 62.771 57.5537 4
      vertex 60.4176 58.3526 4
    endloop
  endfacet
  facet normal -0.32145 -0.946927 -0
    outer loop
      vertex 62.771 57.5537 4
      vertex 60.4176 58.3526 0
      vertex 62.771 57.5537 0
    endloop
  endfacet
  facet normal -0.555573 -0.831468 0
    outer loop
      vertex 65 56.4545 0
      vertex 67.0665 55.0737 4
      vertex 65 56.4545 4
    endloop
  endfacet
  facet normal -0.555573 -0.831468 -0
    outer loop
      vertex 67.0665 55.0737 4
      vertex 65 56.4545 0
      vertex 67.0665 55.0737 0
    endloop
  endfacet
  facet normal -0.751826 -0.659362 0
    outer loop
      vertex 70.5737 51.5665 0
      vertex 68.935 53.435 4
      vertex 68.935 53.435 0
    endloop
  endfacet
  facet normal -0.751826 -0.659362 0
    outer loop
      vertex 68.935 53.435 4
      vertex 70.5737 51.5665 0
      vertex 70.5737 51.5665 4
    endloop
  endfacet
  facet normal 0.751826 0.659362 0
    outer loop
      vertex 42.065 26.565 4
      vertex 40.4263 28.4335 0
      vertex 40.4263 28.4335 4
    endloop
  endfacet
  facet normal 0.751826 0.659362 0
    outer loop
      vertex 40.4263 28.4335 0
      vertex 42.065 26.565 4
      vertex 42.065 26.565 0
    endloop
  endfacet
  facet normal -0.997858 0.065424 0
    outer loop
      vertex 74.3374 37.52 0
      vertex 74.5 40 4
      vertex 74.5 40 0
    endloop
  endfacet
  facet normal -0.997858 0.065424 0
    outer loop
      vertex 74.5 40 4
      vertex 74.3374 37.52 0
      vertex 74.3374 37.52 4
    endloop
  endfacet
  facet normal -0.751826 0.659362 0
    outer loop
      vertex 68.935 26.565 0
      vertex 70.5737 28.4335 4
      vertex 70.5737 28.4335 0
    endloop
  endfacet
  facet normal -0.751826 0.659362 0
    outer loop
      vertex 70.5737 28.4335 4
      vertex 68.935 26.565 0
      vertex 68.935 26.565 4
    endloop
  endfacet
  facet normal 0.195102 -0.980783 0
    outer loop
      vertex 50.5824 58.3526 0
      vertex 53.02 58.8375 4
      vertex 50.5824 58.3526 4
    endloop
  endfacet
  facet normal 0.195102 -0.980783 0
    outer loop
      vertex 53.02 58.8375 4
      vertex 50.5824 58.3526 0
      vertex 53.02 58.8375 0
    endloop
  endfacet
  facet normal -0.659362 0.751826 0
    outer loop
      vertex 68.935 26.565 0
      vertex 67.0665 24.9263 4
      vertex 68.935 26.565 4
    endloop
  endfacet
  facet normal -0.659362 0.751826 0
    outer loop
      vertex 67.0665 24.9263 4
      vertex 68.935 26.565 0
      vertex 67.0665 24.9263 0
    endloop
  endfacet
  facet normal -0.896876 0.442282 0
    outer loop
      vertex 71.9545 30.5 0
      vertex 73.0537 32.729 4
      vertex 73.0537 32.729 0
    endloop
  endfacet
  facet normal -0.896876 0.442282 0
    outer loop
      vertex 73.0537 32.729 4
      vertex 71.9545 30.5 0
      vertex 71.9545 30.5 4
    endloop
  endfacet
  facet normal 0.442282 -0.896876 0
    outer loop
      vertex 46 56.4545 0
      vertex 48.229 57.5537 4
      vertex 46 56.4545 4
    endloop
  endfacet
  facet normal 0.442282 -0.896876 0
    outer loop
      vertex 48.229 57.5537 4
      vertex 46 56.4545 0
      vertex 48.229 57.5537 0
    endloop
  endfacet
  facet normal 0.980783 0.195102 0
    outer loop
      vertex 37.1474 35.0824 4
      vertex 36.6625 37.52 0
      vertex 36.6625 37.52 4
    endloop
  endfacet
  facet normal 0.980783 0.195102 0
    outer loop
      vertex 36.6625 37.52 0
      vertex 37.1474 35.0824 4
      vertex 37.1474 35.0824 0
    endloop
  endfacet
  facet normal -0.442282 -0.896876 0
    outer loop
      vertex 62.771 57.5537 0
      vertex 65 56.4545 4
      vertex 62.771 57.5537 4
    endloop
  endfacet
  facet normal -0.442282 -0.896876 -0
    outer loop
      vertex 65 56.4545 4
      vertex 62.771 57.5537 0
      vertex 65 56.4545 0
    endloop
  endfacet
  facet normal 0.659362 0.751826 -0
    outer loop
      vertex 43.9335 24.9263 0
      vertex 42.065 26.565 4
      vertex 43.9335 24.9263 4
    endloop
  endfacet
  facet normal 0.659362 0.751826 0
    outer loop
      vertex 42.065 26.565 4
      vertex 43.9335 24.9263 0
      vertex 42.065 26.565 0
    endloop
  endfacet
  facet normal 0.831468 0.555573 0
    outer loop
      vertex 40.4263 28.4335 4
      vertex 39.0455 30.5 0
      vertex 39.0455 30.5 4
    endloop
  endfacet
  facet normal 0.831468 0.555573 0
    outer loop
      vertex 39.0455 30.5 0
      vertex 40.4263 28.4335 4
      vertex 40.4263 28.4335 0
    endloop
  endfacet
  facet normal 0.442282 0.896876 -0
    outer loop
      vertex 48.229 22.4463 0
      vertex 46 23.5455 4
      vertex 48.229 22.4463 4
    endloop
  endfacet
  facet normal 0.442282 0.896876 0
    outer loop
      vertex 46 23.5455 4
      vertex 48.229 22.4463 0
      vertex 46 23.5455 0
    endloop
  endfacet
  facet normal 0.065384 -0.99786 0
    outer loop
      vertex 53.02 58.8375 0
      vertex 55.5 59 4
      vertex 53.02 58.8375 4
    endloop
  endfacet
  facet normal 0.065384 -0.99786 0
    outer loop
      vertex 55.5 59 4
      vertex 53.02 58.8375 0
      vertex 55.5 59 0
    endloop
  endfacet
  facet normal -0.831468 0.555573 0
    outer loop
      vertex 70.5737 28.4335 0
      vertex 71.9545 30.5 4
      vertex 71.9545 30.5 0
    endloop
  endfacet
  facet normal -0.831468 0.555573 0
    outer loop
      vertex 71.9545 30.5 4
      vertex 70.5737 28.4335 0
      vertex 70.5737 28.4335 4
    endloop
  endfacet
  facet normal -0.555573 0.831468 0
    outer loop
      vertex 67.0665 24.9263 0
      vertex 65 23.5455 4
      vertex 67.0665 24.9263 4
    endloop
  endfacet
  facet normal -0.555573 0.831468 0
    outer loop
      vertex 65 23.5455 4
      vertex 67.0665 24.9263 0
      vertex 65 23.5455 0
    endloop
  endfacet
  facet normal 0.555573 0.831468 -0
    outer loop
      vertex 46 23.5455 0
      vertex 43.9335 24.9263 4
      vertex 46 23.5455 4
    endloop
  endfacet
  facet normal 0.555573 0.831468 0
    outer loop
      vertex 43.9335 24.9263 4
      vertex 46 23.5455 0
      vertex 43.9335 24.9263 0
    endloop
  endfacet
  facet normal 0.065384 0.99786 -0
    outer loop
      vertex 55.5 21 0
      vertex 53.02 21.1625 4
      vertex 55.5 21 4
    endloop
  endfacet
  facet normal 0.065384 0.99786 0
    outer loop
      vertex 53.02 21.1625 4
      vertex 55.5 21 0
      vertex 53.02 21.1625 0
    endloop
  endfacet
  facet normal -0.896876 -0.442282 0
    outer loop
      vertex 73.0537 47.271 0
      vertex 71.9545 49.5 4
      vertex 71.9545 49.5 0
    endloop
  endfacet
  facet normal -0.896876 -0.442282 0
    outer loop
      vertex 71.9545 49.5 4
      vertex 73.0537 47.271 0
      vertex 73.0537 47.271 4
    endloop
  endfacet
  facet normal 0.195102 0.980783 -0
    outer loop
      vertex 53.02 21.1625 0
      vertex 50.5824 21.6474 4
      vertex 53.02 21.1625 4
    endloop
  endfacet
  facet normal 0.195102 0.980783 0
    outer loop
      vertex 50.5824 21.6474 4
      vertex 53.02 21.1625 0
      vertex 50.5824 21.6474 0
    endloop
  endfacet
  facet normal -0.065384 0.99786 0
    outer loop
      vertex 57.98 21.1625 0
      vertex 55.5 21 4
      vertex 57.98 21.1625 4
    endloop
  endfacet
  facet normal -0.065384 0.99786 0
    outer loop
      vertex 55.5 21 4
      vertex 57.98 21.1625 0
      vertex 55.5 21 0
    endloop
  endfacet
  facet normal -0.946927 -0.32145 0
    outer loop
      vertex 73.8526 44.9176 0
      vertex 73.0537 47.271 4
      vertex 73.0537 47.271 0
    endloop
  endfacet
  facet normal -0.946927 -0.32145 0
    outer loop
      vertex 73.0537 47.271 4
      vertex 73.8526 44.9176 0
      vertex 73.8526 44.9176 4
    endloop
  endfacet
  facet normal -0.659362 -0.751826 0
    outer loop
      vertex 67.0665 55.0737 0
      vertex 68.935 53.435 4
      vertex 67.0665 55.0737 4
    endloop
  endfacet
  facet normal -0.659362 -0.751826 -0
    outer loop
      vertex 68.935 53.435 4
      vertex 67.0665 55.0737 0
      vertex 68.935 53.435 0
    endloop
  endfacet
  facet normal 0.99786 0.065384 0
    outer loop
      vertex 36.6625 37.52 4
      vertex 36.5 40 0
      vertex 36.5 40 4
    endloop
  endfacet
  facet normal 0.99786 0.065384 0
    outer loop
      vertex 36.5 40 0
      vertex 36.6625 37.52 4
      vertex 36.6625 37.52 0
    endloop
  endfacet
  facet normal -0.32145 0.946927 0
    outer loop
      vertex 62.771 22.4463 0
      vertex 60.4176 21.6474 4
      vertex 62.771 22.4463 4
    endloop
  endfacet
  facet normal -0.32145 0.946927 0
    outer loop
      vertex 60.4176 21.6474 4
      vertex 62.771 22.4463 0
      vertex 60.4176 21.6474 0
    endloop
  endfacet
  facet normal 0.32145 0.946927 -0
    outer loop
      vertex 50.5824 21.6474 0
      vertex 48.229 22.4463 4
      vertex 50.5824 21.6474 4
    endloop
  endfacet
  facet normal 0.32145 0.946927 0
    outer loop
      vertex 48.229 22.4463 4
      vertex 50.5824 21.6474 0
      vertex 48.229 22.4463 0
    endloop
  endfacet
  facet normal 0.896876 -0.442282 0
    outer loop
      vertex 37.9463 47.271 4
      vertex 39.0455 49.5 0
      vertex 39.0455 49.5 4
    endloop
  endfacet
  facet normal 0.896876 -0.442282 0
    outer loop
      vertex 39.0455 49.5 0
      vertex 37.9463 47.271 4
      vertex 37.9463 47.271 0
    endloop
  endfacet
  facet normal 0.946927 -0.32145 0
    outer loop
      vertex 37.1474 44.9176 4
      vertex 37.9463 47.271 0
      vertex 37.9463 47.271 4
    endloop
  endfacet
  facet normal 0.946927 -0.32145 0
    outer loop
      vertex 37.9463 47.271 0
      vertex 37.1474 44.9176 4
      vertex 37.1474 44.9176 0
    endloop
  endfacet
endsolid OpenSCAD_Model
